% Model:              C52_3D_base_unit_cell_recesses(cone)_v2.mph
% Version:            COMSOL 5.2.0.220
% Date:               Jul 27 2026, 00:01
% Table:              Table 2 - Global Evaluation 2 (n_CO2_film)
% H_cone (m)             R_texture (m)            t (s)                    Total moles of CO2 captured per unit cell (mol)Total moles of CO2 captured per unit cell (mol)
5.0E-6                   2.0E-5                   0                        0                        0
5.0E-6                   2.0E-5                   0.1                      0                        0
5.0E-6                   2.0E-5                   0.2                      0                        0
5.0E-6                   2.0E-5                   0.30000000000000004      0                        0
5.0E-6                   2.0E-5                   0.4                      0                        0
5.0E-6                   2.0E-5                   0.5                      0                        0
5.0E-6                   2.0E-5                   0.6000000000000001       0                        0
5.0E-6                   2.0E-5                   0.7000000000000001       0                        0
5.0E-6                   2.0E-5                   0.8                      0                        0
5.0E-6                   2.0E-5                   0.9                      0                        0
5.0E-6                   2.0E-5                   1                        1.0607535034964118E-6    9.419339541794556E-7
5.0E-6                   2.0E-5                   1.1                      1.9670092726491404E-6    1.7616400453401823E-6
5.0E-6                   2.0E-5                   1.2000000000000002       1.980584671619824E-6     1.7769538574279233E-6
5.0E-6                   2.0E-5                   1.3                      1.9941087493410163E-6    1.7920822054418534E-6
5.0E-6                   2.0E-5                   1.4000000000000001       2.0075919398015855E-6    1.8071352095900518E-6
5.0E-6                   2.0E-5                   1.5                      2.02100876526663E-6      1.8221176606079498E-6
5.0E-6                   2.0E-5                   1.6                      2.0343876178407287E-6    1.837025609935682E-6
5.0E-6                   2.0E-5                   1.7000000000000002       2.047731864996784E-6     1.8518355363336337E-6
5.0E-6                   2.0E-5                   1.8                      2.061022214869286E-6     1.8665828587572361E-6
5.0E-6                   2.0E-5                   1.9000000000000001       2.074222526357169E-6     1.8812808155632761E-6
5.0E-6                   2.0E-5                   2                        2.087391643671132E-6     1.8958826154544936E-6
5.0E-6                   2.0E-5                   5                        2.4638247694801203E-6    2.3069107215016766E-6
5.0E-6                   2.0E-5                   10                       3.0263476255710603E-6    2.9040432024489388E-6
5.0E-6                   2.0E-5                   100                      8.623874825310838E-6     8.624966101835639E-6
5.0E-6                   2.0E-5                   100                      8.623874825310838E-6     8.624966101835639E-6
5.0E-6                   2.0E-5                   200                      1.2244148203419106E-5    1.225025883928411E-5
5.0E-6                   2.0E-5                   300                      1.5020526601601809E-5    1.5021101024447809E-5
5.0E-6                   2.0E-5                   400                      1.735412851039726E-5     1.7349434106487718E-5
5.0E-6                   2.0E-5                   500                      1.9406356419490442E-5    1.940172303838328E-5
5.0E-6                   2.0E-5                   600                      2.1258057381611194E-5    2.1257936929883327E-5
5.0E-6                   2.0E-5                   700                      2.2972850332538984E-5    2.2963314999430033E-5
5.0E-6                   2.0E-5                   800                      2.4567658416520934E-5    2.4548516681364227E-5
5.0E-6                   2.0E-5                   900                      2.606070801229143E-5     2.603672984892953E-5
5.0E-6                   2.0E-5                   1000                     2.7469837612620747E-5    2.7446200768704316E-5
5.0E-6                   2.0E-5                   2000                     3.883191760156352E-5     3.8818188480084865E-5
5.0E-6                   2.0E-5                   3000                     4.755769911157919E-5     4.7546730155653355E-5
5.0E-6                   2.0E-5                   4000                     5.4915250561377675E-5    5.489717493102111E-5
5.0E-6                   2.0E-5                   5000                     6.139694993235716E-5     6.137976665436962E-5
5.0E-6                   2.0E-5                   6000                     6.725159439277356E-5     6.724080979556581E-5
5.0E-6                   2.0E-5                   7000                     7.26419364077158E-5      7.262984283514183E-5
5.0E-6                   2.0E-5                   8000                     7.765993386980304E-5     7.764237693615196E-5
5.0E-6                   2.0E-5                   9000                     8.236974366810817E-5     8.234556878576547E-5
5.0E-6                   2.0E-5                   10000                    8.681704006225934E-5     8.679075279988565E-5
5.0E-6                   2.0E-5                   20000                    1.2162555046614775E-4    1.216007777910175E-4
5.0E-6                   2.0E-5                   30000                    1.4410739100742298E-4    1.4414324139908264E-4
5.0E-6                   2.0E-5                   40000                    1.5813194545106254E-4    1.5825078894331806E-4
5.0E-6                   2.0E-5                   50000                    1.664314291552243E-4     1.6664866792310203E-4
5.0E-6                   2.0E-5                   60000                    1.7110604771327194E-4    1.714111034239384E-4
5.0E-6                   2.0E-5                   70000                    1.7357854269479378E-4    1.738816655403247E-4
5.0E-6                   2.0E-5                   80000                    1.7482236785141647E-4    1.7507104983167942E-4
5.0E-6                   2.0E-5                   90000                    1.7554714996801914E-4    1.7559170072487784E-4
5.0E-6                   2.0E-5                   100000                   1.760918614865216E-4     1.7598653340110987E-4
5.0E-6                   2.0E-5                   110000                   1.766475195850859E-4     1.7628031952710712E-4
5.0E-6                   2.0E-5                   120000                   1.7681927915705488E-4    1.766715468699112E-4
5.0E-6                   2.0E-5                   130000                   1.7684719936901457E-4    1.768054441046163E-4
5.0E-6                   2.0E-5                   140000                   1.768521396089127E-4     1.7687119967826247E-4
5.0E-6                   2.0E-5                   150000                   1.7681154907798295E-4    1.7689100036671343E-4
5.0E-6                   2.0E-5                   160000                   1.7677557014736102E-4    1.769051224943101E-4
5.0E-6                   2.0E-5                   170000                   1.7675028132718495E-4    1.7690013422576225E-4
5.0E-6                   2.0E-5                   180000                   1.7673391199336068E-4    1.7689240661346891E-4
5.0E-6                   2.0E-5                   190000                   1.767223978599814E-4     1.768851917506437E-4
5.0E-6                   2.0E-5                   200000                   1.767149339778489E-4     1.7688167067090257E-4
5.0E-6                   5.0E-5                   0                        0                        0
5.0E-6                   5.0E-5                   0.1                      0                        0
5.0E-6                   5.0E-5                   0.2                      0                        0
5.0E-6                   5.0E-5                   0.30000000000000004      0                        0
5.0E-6                   5.0E-5                   0.4                      0                        0
5.0E-6                   5.0E-5                   0.5                      0                        0
5.0E-6                   5.0E-5                   0.6000000000000001       0                        0
5.0E-6                   5.0E-5                   0.7000000000000001       0                        0
5.0E-6                   5.0E-5                   0.8                      0                        0
5.0E-6                   5.0E-5                   0.9                      0                        0
5.0E-6                   5.0E-5                   1                        1.0918727751131444E-6    9.376652312090757E-7
5.0E-6                   5.0E-5                   1.1                      2.0240505563851345E-6    1.7453129662792797E-6
5.0E-6                   5.0E-5                   1.2000000000000002       2.0372459650104845E-6    1.7607781776400662E-6
5.0E-6                   5.0E-5                   1.3                      2.05039411214759E-6      1.7761489430521571E-6
5.0E-6                   5.0E-5                   1.4000000000000001       2.0635044082711676E-6    1.7914241616712586E-6
5.0E-6                   5.0E-5                   1.5                      2.0765538057164092E-6    1.8066163485218608E-6
5.0E-6                   5.0E-5                   1.6                      2.0895679951944753E-6    1.8217227564817799E-6
5.0E-6                   5.0E-5                   1.7000000000000002       2.1025499680915213E-6    1.8367565438943636E-6
5.0E-6                   5.0E-5                   1.8                      2.1154819608660426E-6    1.851719475524357E-6
5.0E-6                   5.0E-5                   1.9000000000000001       2.128331793914239E-6     1.8665653758687531E-6
5.0E-6                   5.0E-5                   2                        2.141152458944984E-6     1.8813616971096458E-6
5.0E-6                   5.0E-5                   5                        2.508258603667451E-6     2.2972053943427397E-6
5.0E-6                   5.0E-5                   10                       3.0602640531141026E-6    2.898510647308835E-6
5.0E-6                   5.0E-5                   100                      8.622868012102684E-6     8.649262781992218E-6
5.0E-6                   5.0E-5                   100                      8.622868012102684E-6     8.649262781992218E-6
5.0E-6                   5.0E-5                   200                      1.2244508655144575E-5    1.2291242414877971E-5
5.0E-6                   5.0E-5                   300                      1.5022146253581871E-5    1.506134898627607E-5
5.0E-6                   5.0E-5                   400                      1.7355568360183867E-5    1.7392997845284207E-5
5.0E-6                   5.0E-5                   500                      1.9405877913009818E-5    1.9455062356168646E-5
5.0E-6                   5.0E-5                   600                      2.1269400543680657E-5    2.1312446360587454E-5
5.0E-6                   5.0E-5                   700                      2.2983132150495228E-5    2.3018731763297664E-5
5.0E-6                   5.0E-5                   800                      2.4572930204495802E-5    2.461129747132801E-5
5.0E-6                   5.0E-5                   900                      2.6062818741220466E-5    2.6107211226296683E-5
5.0E-6                   5.0E-5                   1000                     2.746968810527343E-5     2.7519555672917634E-5
5.0E-6                   5.0E-5                   2000                     3.883997227406731E-5     3.890284246039303E-5
5.0E-6                   5.0E-5                   3000                     4.7566388474535334E-5    4.763358096391817E-5
5.0E-6                   5.0E-5                   4000                     5.4928820316999997E-5    5.4987804357841815E-5
5.0E-6                   5.0E-5                   5000                     6.140730106166067E-5     6.14773938046609E-5
5.0E-6                   5.0E-5                   6000                     6.727027059564187E-5     6.733989367123776E-5
5.0E-6                   5.0E-5                   7000                     7.266420760280476E-5     7.273084232802996E-5
5.0E-6                   5.0E-5                   8000                     7.768264073386314E-5     7.775011280344136E-5
5.0E-6                   5.0E-5                   9000                     8.238855027350874E-5     8.246280178081235E-5
5.0E-6                   5.0E-5                   10000                    8.683121851237617E-5     8.691496507493968E-5
5.0E-6                   5.0E-5                   20000                    1.2161190544269432E-4    1.2173871887354945E-4
5.0E-6                   5.0E-5                   30000                    1.4390897694269912E-4    1.4425564864921738E-4
5.0E-6                   5.0E-5                   40000                    1.576211186471009E-4     1.5828706266215832E-4
5.0E-6                   5.0E-5                   50000                    1.65593054717261E-4      1.6658574408325426E-4
5.0E-6                   5.0E-5                   60000                    1.700475110350762E-4     1.712762682783961E-4
5.0E-6                   5.0E-5                   70000                    1.7245584018962763E-4    1.7373113929852456E-4
5.0E-6                   5.0E-5                   80000                    1.7371368321766328E-4    1.7495493496453424E-4
5.0E-6                   5.0E-5                   90000                    1.744404946784606E-4     1.7559612578102083E-4
5.0E-6                   5.0E-5                   100000                   1.7491181510892806E-4    1.7605268205801597E-4
5.0E-6                   5.0E-5                   110000                   1.7520566733625952E-4    1.765686260519298E-4
5.0E-6                   5.0E-5                   120000                   1.754257914398669E-4     1.769514833083979E-4
5.0E-6                   5.0E-5                   130000                   1.7557048819494918E-4    1.771695373283205E-4
5.0E-6                   5.0E-5                   140000                   1.7565985923806128E-4    1.7715415379597287E-4
5.0E-6                   5.0E-5                   150000                   1.757074819166512E-4     1.7709748473191956E-4
5.0E-6                   5.0E-5                   160000                   1.7573369786597485E-4    1.770378586872845E-4
5.0E-6                   5.0E-5                   170000                   1.7574103802477225E-4    1.7698310640177646E-4
5.0E-6                   5.0E-5                   180000                   1.7574391356632937E-4    1.7693972017213222E-4
5.0E-6                   5.0E-5                   190000                   1.7574076089044353E-4    1.769132124464536E-4
5.0E-6                   5.0E-5                   200000                   1.7573804790273247E-4    1.7689298115788432E-4
5.0E-6                   8.0E-5                   0                        0                        0
5.0E-6                   8.0E-5                   0.1                      0                        0
5.0E-6                   8.0E-5                   0.2                      0                        0
5.0E-6                   8.0E-5                   0.30000000000000004      0                        0
5.0E-6                   8.0E-5                   0.4                      0                        0
5.0E-6                   8.0E-5                   0.5                      0                        0
5.0E-6                   8.0E-5                   0.6000000000000001       0                        0
5.0E-6                   8.0E-5                   0.7000000000000001       0                        0
5.0E-6                   8.0E-5                   0.8                      0                        0
5.0E-6                   8.0E-5                   0.9                      0                        0
5.0E-6                   8.0E-5                   1                        1.0868646421915588E-6    9.462008669013288E-7
5.0E-6                   8.0E-5                   1.1                      2.0146110219412554E-6    1.7611704411049052E-6
5.0E-6                   8.0E-5                   1.2000000000000002       2.027790313626606E-6     1.7767214936544666E-6
5.0E-6                   8.0E-5                   1.3                      2.040921723118608E-6     1.7921703659268407E-6
5.0E-6                   8.0E-5                   1.4000000000000001       2.0540149873427036E-6    1.807525741167678E-6
5.0E-6                   8.0E-5                   1.5                      2.0670463527626057E-6    1.8227945224297326E-6
5.0E-6                   8.0E-5                   1.6                      2.080042355476849E-6     1.8379788469437018E-6
5.0E-6                   8.0E-5                   1.7000000000000002       2.093006036040286E-6     1.8530807830899451E-6
5.0E-6                   8.0E-5                   1.8                      2.10591907769807E-6      1.8681005927688325E-6
5.0E-6                   8.0E-5                   1.9000000000000001       2.1187486886744404E-6    1.8830421063344468E-6
5.0E-6                   8.0E-5                   2                        2.131549149488281E-6     1.8979079060916875E-6
5.0E-6                   8.0E-5                   5                        2.498147641813528E-6     2.3146062245825397E-6
5.0E-6                   8.0E-5                   10                       3.0487796484181863E-6    2.9165012566050677E-6
5.0E-6                   8.0E-5                   100                      8.622412626413279E-6     8.670610830487202E-6
5.0E-6                   8.0E-5                   100                      8.622412626413279E-6     8.670610830487202E-6
5.0E-6                   8.0E-5                   200                      1.2247079056115781E-5    1.2322629141475008E-5
5.0E-6                   8.0E-5                   300                      1.5024675065292305E-5    1.5120870684326157E-5
5.0E-6                   8.0E-5                   400                      1.735706950415552E-5     1.7471816168070823E-5
5.0E-6                   8.0E-5                   500                      1.9407038633540278E-5    1.953561356823828E-5
5.0E-6                   8.0E-5                   600                      2.1268941138286617E-5    2.1396076206085828E-5
5.0E-6                   8.0E-5                   700                      2.2982937280011465E-5    2.310632314840634E-5
5.0E-6                   8.0E-5                   800                      2.4573158210089886E-5    2.47047124046403E-5
5.0E-6                   8.0E-5                   900                      2.6063387468755066E-5    2.6208441127189092E-5
5.0E-6                   8.0E-5                   1000                     2.74708990479819E-5      2.7631358865937008E-5
5.0E-6                   8.0E-5                   2000                     3.884135379693579E-5     3.907576606182367E-5
5.0E-6                   8.0E-5                   3000                     4.756886252304582E-5     4.783035297640939E-5
5.0E-6                   8.0E-5                   4000                     5.4932076049585305E-5    5.52203657488392E-5
5.0E-6                   8.0E-5                   5000                     6.141183335506873E-5     6.172758335643405E-5
5.0E-6                   8.0E-5                   6000                     6.72750965877063E-5      6.760352373488301E-5
5.0E-6                   8.0E-5                   7000                     7.266958366802059E-5     7.301816340745804E-5
5.0E-6                   8.0E-5                   8000                     7.768858648016397E-5     7.804810830453023E-5
5.0E-6                   8.0E-5                   9000                     8.239541275314933E-5     8.27651965262776E-5
5.0E-6                   8.0E-5                   10000                    8.68373095648578E-5      8.72183123123304E-5
5.0E-6                   8.0E-5                   20000                    1.2150066215590511E-4    1.2207310651342882E-4
5.0E-6                   8.0E-5                   30000                    1.434903764330388E-4     1.4446451160284626E-4
5.0E-6                   8.0E-5                   40000                    1.5683769520229658E-4    1.5841547147470207E-4
5.0E-6                   8.0E-5                   50000                    1.644861754911318E-4     1.6670967753617681E-4
5.0E-6                   8.0E-5                   60000                    1.6870073245419244E-4    1.714198904862927E-4
5.0E-6                   8.0E-5                   70000                    1.7092886257577382E-4    1.7395779676986257E-4
5.0E-6                   8.0E-5                   80000                    1.7205295535458427E-4    1.7517341413720889E-4
5.0E-6                   8.0E-5                   90000                    1.7272066231601037E-4    1.7571775745063616E-4
5.0E-6                   8.0E-5                   100000                   1.731640402689555E-4     1.7607576885563924E-4
5.0E-6                   8.0E-5                   110000                   1.734824232369194E-4     1.7633517896699494E-4
5.0E-6                   8.0E-5                   120000                   1.7362337413821105E-4    1.7664558214070122E-4
5.0E-6                   8.0E-5                   130000                   1.7372612047971298E-4    1.767580171823476E-4
5.0E-6                   8.0E-5                   140000                   1.7378737840937722E-4    1.7683000917783135E-4
5.0E-6                   8.0E-5                   150000                   1.738332798219128E-4     1.7685528240961548E-4
5.0E-6                   8.0E-5                   160000                   1.7386076396968953E-4    1.7686896807531392E-4
5.0E-6                   8.0E-5                   170000                   1.738814302364881E-4     1.768626934769346E-4
5.0E-6                   8.0E-5                   180000                   1.7389375038738257E-4    1.768583231258336E-4
5.0E-6                   8.0E-5                   190000                   1.7390298072576728E-4    1.7685067485875106E-4
5.0E-6                   8.0E-5                   200000                   1.7390850160633033E-4    1.768469216214048E-4
1.25E-5                  2.0E-5                   0                        0                        0
1.25E-5                  2.0E-5                   0.1                      0                        0
1.25E-5                  2.0E-5                   0.2                      0                        0
1.25E-5                  2.0E-5                   0.30000000000000004      0                        0
1.25E-5                  2.0E-5                   0.4                      0                        0
1.25E-5                  2.0E-5                   0.5                      0                        0
1.25E-5                  2.0E-5                   0.6000000000000001       0                        0
1.25E-5                  2.0E-5                   0.7000000000000001       0                        0
1.25E-5                  2.0E-5                   0.8                      0                        0
1.25E-5                  2.0E-5                   0.9                      0                        0
1.25E-5                  2.0E-5                   1                        1.0705450984084375E-6    9.348926223873992E-7
1.25E-5                  2.0E-5                   1.1                      1.985104773388258E-6     1.7393900144966726E-6
1.25E-5                  2.0E-5                   1.2000000000000002       1.9985858865248767E-6    1.7552512795697397E-6
1.25E-5                  2.0E-5                   1.3                      2.0120165588822578E-6    1.7710004540513516E-6
1.25E-5                  2.0E-5                   1.4000000000000001       2.0254071171530864E-6    1.7866444394579044E-6
1.25E-5                  2.0E-5                   1.5                      2.0387323776219137E-6    1.8021883679280691E-6
1.25E-5                  2.0E-5                   1.6                      2.05202047862806E-6      1.817638583738861E-6
1.25E-5                  2.0E-5                   1.7000000000000002       2.0652746917596184E-6    1.832999298389999E-6
1.25E-5                  2.0E-5                   1.8                      2.07847577059956E-6      1.8482741016564623E-6
1.25E-5                  2.0E-5                   1.9000000000000001       2.09158863966516E-6      1.8634659427915052E-6
1.25E-5                  2.0E-5                   2                        2.1046710155420883E-6    1.8785777467664677E-6
1.25E-5                  2.0E-5                   5                        2.480060751054799E-6     2.301309640433892E-6
1.25E-5                  2.0E-5                   10                       3.0407308211692417E-6    2.91032621023626E-6
1.25E-5                  2.0E-5                   100                      8.661009555253634E-6     8.703844917000682E-6
1.25E-5                  2.0E-5                   100                      8.661009555253634E-6     8.703844917000682E-6
1.25E-5                  2.0E-5                   200                      1.2302781822072435E-5    1.2370740212090114E-5
1.25E-5                  2.0E-5                   300                      1.5098040262755239E-5    1.5179532347063781E-5
1.25E-5                  2.0E-5                   400                      1.7435754903479115E-5    1.7547606180763635E-5
1.25E-5                  2.0E-5                   500                      1.949234565836755E-5     1.96218134064208E-5
1.25E-5                  2.0E-5                   600                      2.1355958035813124E-5    2.149554833151458E-5
1.25E-5                  2.0E-5                   700                      2.3069508402874123E-5    2.321519071850264E-5
1.25E-5                  2.0E-5                   800                      2.46631785967585E-5      2.4816841155525632E-5
1.25E-5                  2.0E-5                   900                      2.615802369159814E-5     2.6327804425753372E-5
1.25E-5                  2.0E-5                   1000                     2.7571179137874697E-5    2.7759171190448996E-5
1.25E-5                  2.0E-5                   2000                     3.898270017999608E-5     3.927524018349391E-5
1.25E-5                  2.0E-5                   3000                     4.773976863804009E-5     4.8087861882704856E-5
1.25E-5                  2.0E-5                   4000                     5.5109445172833964E-5    5.550796289924326E-5
1.25E-5                  2.0E-5                   5000                     6.160373577387337E-5     6.205695318967006E-5
1.25E-5                  2.0E-5                   6000                     6.747781765885988E-5     6.795609817032904E-5
1.25E-5                  2.0E-5                   7000                     7.287706273735672E-5     7.339205312189641E-5
1.25E-5                  2.0E-5                   8000                     7.79007154039612E-5      7.845099555368097E-5
1.25E-5                  2.0E-5                   9000                     8.260896171840557E-5     8.318917487435184E-5
1.25E-5                  2.0E-5                   10000                    8.705551972295562E-5     8.766020226705117E-5
1.25E-5                  2.0E-5                   20000                    1.2187816850206445E-4    1.2256245949937783E-4
1.25E-5                  2.0E-5                   30000                    1.4425590018336674E-4    1.4489886213876456E-4
1.25E-5                  2.0E-5                   40000                    1.5825586953567718E-4    1.587842742736233E-4
1.25E-5                  2.0E-5                   50000                    1.6664058276582113E-4    1.6701885100922458E-4
1.25E-5                  2.0E-5                   60000                    1.713701544448693E-4     1.7163934236188452E-4
1.25E-5                  2.0E-5                   70000                    1.7390208721376418E-4    1.7414282068637952E-4
1.25E-5                  2.0E-5                   80000                    1.7509969813819364E-4    1.7529439414680988E-4
1.25E-5                  2.0E-5                   90000                    1.7565990842683218E-4    1.7583792895697501E-4
1.25E-5                  2.0E-5                   100000                   1.759196249469455E-4     1.7623778087132023E-4
1.25E-5                  2.0E-5                   110000                   1.759779350959769E-4     1.764179881836859E-4
1.25E-5                  2.0E-5                   120000                   1.7604933103419396E-4    1.7656098048716423E-4
1.25E-5                  2.0E-5                   130000                   1.7615669617384046E-4    1.7663837332885943E-4
1.25E-5                  2.0E-5                   140000                   1.762450638256167E-4     1.7670312358473864E-4
1.25E-5                  2.0E-5                   150000                   1.7630030728804064E-4    1.7673814597731155E-4
1.25E-5                  2.0E-5                   160000                   1.763416963734692E-4     1.7676750363654556E-4
1.25E-5                  2.0E-5                   170000                   1.763675671541049E-4     1.7678352637394483E-4
1.25E-5                  2.0E-5                   180000                   1.76386578770545E-4      1.7679690654546162E-4
1.25E-5                  2.0E-5                   190000                   1.7639790432958012E-4    1.7680406285870947E-4
1.25E-5                  2.0E-5                   200000                   1.7640620266978166E-4    1.7681003834419166E-4
1.25E-5                  5.0E-5                   0                        0                        0
1.25E-5                  5.0E-5                   0.1                      0                        0
1.25E-5                  5.0E-5                   0.2                      0                        0
1.25E-5                  5.0E-5                   0.30000000000000004      0                        0
1.25E-5                  5.0E-5                   0.4                      0                        0
1.25E-5                  5.0E-5                   0.5                      0                        0
1.25E-5                  5.0E-5                   0.6000000000000001       0                        0
1.25E-5                  5.0E-5                   0.7000000000000001       0                        0
1.25E-5                  5.0E-5                   0.8                      0                        0
1.25E-5                  5.0E-5                   0.9                      0                        0
1.25E-5                  5.0E-5                   1                        1.099072310560313E-6     9.485197350208909E-7
1.25E-5                  5.0E-5                   1.1                      2.0336620179089526E-6    1.7641190020379004E-6
1.25E-5                  5.0E-5                   1.2000000000000002       2.046826324517798E-6     1.779957075619423E-6
1.25E-5                  5.0E-5                   1.3                      2.059944464857994E-6     1.7956674480143493E-6
1.25E-5                  5.0E-5                   1.4000000000000001       2.073018364823979E-6     1.8112608556223192E-6
1.25E-5                  5.0E-5                   1.5                      2.0860473843951E-6       1.8267448490477538E-6
1.25E-5                  5.0E-5                   1.6                      2.0990181595835113E-6    1.8421284755120108E-6
1.25E-5                  5.0E-5                   1.7000000000000002       2.1119570063255126E-6    1.8574170145337647E-6
1.25E-5                  5.0E-5                   1.8                      2.1248639940061853E-6    1.8726152092787082E-6
1.25E-5                  5.0E-5                   1.9000000000000001       2.1377307611236308E-6    1.8877271338533709E-6
1.25E-5                  5.0E-5                   2                        2.150491271918587E-6     1.9027558240866954E-6
1.25E-5                  5.0E-5                   5                        2.5176076232536902E-6    2.322731178991113E-6
1.25E-5                  5.0E-5                   10                       3.068093573267478E-6     2.928780329620563E-6
1.25E-5                  5.0E-5                   100                      8.659708347957397E-6     8.73563118078795E-6
1.25E-5                  5.0E-5                   100                      8.659708347957397E-6     8.73563118078795E-6
1.25E-5                  5.0E-5                   200                      1.2302521003041425E-5    1.2421786813018044E-5
1.25E-5                  5.0E-5                   300                      1.5102428537643106E-5    1.524781975377577E-5
1.25E-5                  5.0E-5                   400                      1.7446914518136433E-5    1.7623241681868295E-5
1.25E-5                  5.0E-5                   500                      1.9504093457596024E-5    1.9708795978614792E-5
1.25E-5                  5.0E-5                   600                      2.1366552567929545E-5    2.1590344169384112E-5
1.25E-5                  5.0E-5                   700                      2.308121274469645E-5     2.3321120390739593E-5
1.25E-5                  5.0E-5                   800                      2.4676947883443976E-5    2.493948936654214E-5
1.25E-5                  5.0E-5                   900                      2.617444229178545E-5     2.6463055291556873E-5
1.25E-5                  5.0E-5                   1000                     2.7589835704847297E-5    2.790225381356468E-5
1.25E-5                  5.0E-5                   2000                     3.903685826903617E-5     3.9494492809348496E-5
1.25E-5                  5.0E-5                   3000                     4.779775119988011E-5     4.836435744364023E-5
1.25E-5                  5.0E-5                   4000                     5.51690589023732E-5      5.585241861416691E-5
1.25E-5                  5.0E-5                   5000                     6.16772476360445E-5      6.243810589405157E-5
1.25E-5                  5.0E-5                   6000                     6.756123920252077E-5     6.83865477887849E-5
1.25E-5                  5.0E-5                   7000                     7.296455777959724E-5     7.386141700933355E-5
1.25E-5                  5.0E-5                   8000                     7.798969700770653E-5     7.894307111058698E-5
1.25E-5                  5.0E-5                   9000                     8.270498433220441E-5     8.370523725887766E-5
1.25E-5                  5.0E-5                   10000                    8.714804221815677E-5     8.819569833977649E-5
1.25E-5                  5.0E-5                   20000                    1.2188254241223558E-4    1.2319843485916044E-4
1.25E-5                  5.0E-5                   30000                    1.4384778143499221E-4    1.4545976962940932E-4
1.25E-5                  5.0E-5                   40000                    1.5726630554832772E-4    1.5917357906946876E-4
1.25E-5                  5.0E-5                   50000                    1.650109538677894E-4     1.6723437519049024E-4
1.25E-5                  5.0E-5                   60000                    1.6925624541809666E-4    1.7176158411103887E-4
1.25E-5                  5.0E-5                   70000                    1.7139053597305391E-4    1.741245961164036E-4
1.25E-5                  5.0E-5                   80000                    1.7239587074133455E-4    1.752409543556973E-4
1.25E-5                  5.0E-5                   90000                    1.7288311149559374E-4    1.757312187796561E-4
1.25E-5                  5.0E-5                   100000                   1.7326939072322337E-4    1.760839015082809E-4
1.25E-5                  5.0E-5                   110000                   1.7374007157068498E-4    1.7638936456764308E-4
1.25E-5                  5.0E-5                   120000                   1.7408793930012936E-4    1.7664994253543118E-4
1.25E-5                  5.0E-5                   130000                   1.7429738200432844E-4    1.7674616062064992E-4
1.25E-5                  5.0E-5                   140000                   1.7428666104568272E-4    1.768092391770337E-4
1.25E-5                  5.0E-5                   150000                   1.7422035007394156E-4    1.7682754227341943E-4
1.25E-5                  5.0E-5                   160000                   1.7416366629373134E-4    1.7683651856929738E-4
1.25E-5                  5.0E-5                   170000                   1.741095106412128E-4     1.7682721151969041E-4
1.25E-5                  5.0E-5                   180000                   1.740692533048574E-4     1.7682214035658232E-4
1.25E-5                  5.0E-5                   190000                   1.7404321247007607E-4    1.768144074943111E-4
1.25E-5                  5.0E-5                   200000                   1.7402486427699491E-4    1.768111112316232E-4
1.25E-5                  8.0E-5                   0                        0                        0
1.25E-5                  8.0E-5                   0.1                      0                        0
1.25E-5                  8.0E-5                   0.2                      0                        0
1.25E-5                  8.0E-5                   0.30000000000000004      0                        0
1.25E-5                  8.0E-5                   0.4                      0                        0
1.25E-5                  8.0E-5                   0.5                      0                        0
1.25E-5                  8.0E-5                   0.6000000000000001       0                        0
1.25E-5                  8.0E-5                   0.7000000000000001       0                        0
1.25E-5                  8.0E-5                   0.8                      0                        0
1.25E-5                  8.0E-5                   0.9                      0                        0
1.25E-5                  8.0E-5                   1                        1.09793347609501E-6      9.46614413967731E-7
1.25E-5                  8.0E-5                   1.1                      2.034565369662523E-6     1.7727479065923152E-6
1.25E-5                  8.0E-5                   1.2000000000000002       2.047505269325033E-6     1.787753253021157E-6
1.25E-5                  8.0E-5                   1.3                      2.060401555029293E-6     1.8027778231970667E-6
1.25E-5                  8.0E-5                   1.4000000000000001       2.0732629047598777E-6    1.8177154584751323E-6
1.25E-5                  8.0E-5                   1.5                      2.0860680813402425E-6    1.8325893859950324E-6
1.25E-5                  8.0E-5                   1.6                      2.0988407858105963E-6    1.8474120398558536E-6
1.25E-5                  8.0E-5                   1.7000000000000002       2.111583682317508E-6     1.8621474299463136E-6
1.25E-5                  8.0E-5                   1.8                      2.1242802057823605E-6    1.8768276264280433E-6
1.25E-5                  8.0E-5                   1.9000000000000001       2.136901572328698E-6     1.891460008940538E-6
1.25E-5                  8.0E-5                   2                        2.1494958823200387E-6    1.9059444848793952E-6
1.25E-5                  8.0E-5                   5                        2.5111224425738206E-6    2.316165850597972E-6
1.25E-5                  8.0E-5                   10                       3.058134677118087E-6     2.912360178196631E-6
1.25E-5                  8.0E-5                   100                      8.663085603482875E-6     8.626452410650433E-6
1.25E-5                  8.0E-5                   100                      8.663085603482875E-6     8.626452410650433E-6
1.25E-5                  8.0E-5                   200                      1.2310124606788222E-5    1.2256694738023257E-5
1.25E-5                  8.0E-5                   300                      1.5101675426646958E-5    1.5028744471342013E-5
1.25E-5                  8.0E-5                   400                      1.7444913066432206E-5    1.735246455462071E-5
1.25E-5                  8.0E-5                   500                      1.9504131082490984E-5    1.9403909961655018E-5
1.25E-5                  8.0E-5                   600                      2.1375340868400158E-5    2.126062587226624E-5
1.25E-5                  8.0E-5                   700                      2.309750402248739E-5     2.296666977179722E-5
1.25E-5                  8.0E-5                   800                      2.4695268841987277E-5    2.455240221616721E-5
1.25E-5                  8.0E-5                   900                      2.6192576707228972E-5    2.604102005552451E-5
1.25E-5                  8.0E-5                   1000                     2.760662873134687E-5     2.7450632974521176E-5
1.25E-5                  8.0E-5                   2000                     3.9030359614722025E-5    3.8824238956967284E-5
1.25E-5                  8.0E-5                   3000                     4.779678424645207E-5     4.755384961206295E-5
1.25E-5                  8.0E-5                   4000                     5.519188314650783E-5     5.490493522311255E-5
1.25E-5                  8.0E-5                   5000                     6.169865030627159E-5     6.138773489478074E-5
1.25E-5                  8.0E-5                   6000                     6.758563054664422E-5     6.724916691329247E-5
1.25E-5                  8.0E-5                   7000                     7.300037859199062E-5     7.263844896208591E-5
1.25E-5                  8.0E-5                   8000                     7.803593576226072E-5     7.765133714046014E-5
1.25E-5                  8.0E-5                   9000                     8.275447145310347E-5     8.235473408644436E-5
1.25E-5                  8.0E-5                   10000                    8.72029463733843E-5      8.680012816811418E-5
1.25E-5                  8.0E-5                   20000                    1.215129103930978E-4     1.2160806110778565E-4
1.25E-5                  8.0E-5                   30000                    1.426338239350733E-4     1.4414379744293314E-4
1.25E-5                  8.0E-5                   40000                    1.5505120290624074E-4    1.582440909251197E-4
1.25E-5                  8.0E-5                   50000                    1.6195718861277712E-4    1.6663562668782866E-4
1.25E-5                  8.0E-5                   60000                    1.6551071796820662E-4    1.7139306096206096E-4
1.25E-5                  8.0E-5                   70000                    1.6726927168262963E-4    1.7386215589363648E-4
1.25E-5                  8.0E-5                   80000                    1.6826738675708872E-4    1.7504605084064123E-4
1.25E-5                  8.0E-5                   90000                    1.6891570216643232E-4    1.7556485617813638E-4
1.25E-5                  8.0E-5                   100000                   1.695269895309934E-4     1.7595568660302204E-4
1.25E-5                  8.0E-5                   110000                   1.6993371808333334E-4    1.7624380314733052E-4
1.25E-5                  8.0E-5                   120000                   1.700227978719222E-4     1.766322049048303E-4
1.25E-5                  8.0E-5                   130000                   1.6987419176490935E-4    1.767670549338723E-4
1.25E-5                  8.0E-5                   140000                   1.6979600639245785E-4    1.768335263804043E-4
1.25E-5                  8.0E-5                   150000                   1.6968624593919647E-4    1.7685430043795237E-4
1.25E-5                  8.0E-5                   160000                   1.696240543943181E-4     1.768690365483242E-4
1.25E-5                  8.0E-5                   170000                   1.6956679725243845E-4    1.7686455741554554E-4
1.25E-5                  8.0E-5                   180000                   1.6953935154559232E-4    1.7685706466580374E-4
1.25E-5                  8.0E-5                   190000                   1.6951414442648645E-4    1.7685007731350536E-4
1.25E-5                  8.0E-5                   200000                   1.6950243058553267E-4    1.7684666430027593E-4
2.0E-5                   2.0E-5                   0                        0                        0
2.0E-5                   2.0E-5                   0.1                      0                        0
2.0E-5                   2.0E-5                   0.2                      0                        0
2.0E-5                   2.0E-5                   0.30000000000000004      0                        0
2.0E-5                   2.0E-5                   0.4                      0                        0
2.0E-5                   2.0E-5                   0.5                      0                        0
2.0E-5                   2.0E-5                   0.6000000000000001       0                        0
2.0E-5                   2.0E-5                   0.7000000000000001       0                        0
2.0E-5                   2.0E-5                   0.8                      0                        0
2.0E-5                   2.0E-5                   0.9                      0                        0
2.0E-5                   2.0E-5                   1                        1.084004726046766E-6     9.420712825077948E-7
2.0E-5                   2.0E-5                   1.1                      2.0101919771718963E-6    1.7639312384753625E-6
2.0E-5                   2.0E-5                   1.2000000000000002       2.0238232389422227E-6    1.7793890852413616E-6
2.0E-5                   2.0E-5                   1.3                      2.0374004010740275E-6    1.7946683279585939E-6
2.0E-5                   2.0E-5                   1.4000000000000001       2.0509350014678565E-6    1.8098725328535008E-6
2.0E-5                   2.0E-5                   1.5                      2.064399254907436E-6     1.825000086913324E-6
2.0E-5                   2.0E-5                   1.6                      2.077824478520923E-6     1.8400292280949563E-6
2.0E-5                   2.0E-5                   1.7000000000000002       2.091214192220278E-6     1.8550064501168958E-6
2.0E-5                   2.0E-5                   1.8                      2.104558988038402E-6     1.8699158507349262E-6
2.0E-5                   2.0E-5                   1.9000000000000001       2.11784262149464E-6      1.8847396819912687E-6
2.0E-5                   2.0E-5                   2                        2.1310929472219575E-6    1.8995154101923595E-6
2.0E-5                   2.0E-5                   5                        2.5093419367906586E-6    2.314815798474513E-6
2.0E-5                   2.0E-5                   10                       3.0733920832594918E-6    2.9173987089396833E-6
2.0E-5                   2.0E-5                   100                      8.726966287577159E-6     8.660555517657857E-6
2.0E-5                   2.0E-5                   100                      8.726966287577159E-6     8.660555517657857E-6
2.0E-5                   2.0E-5                   200                      1.2396370373646167E-5    1.230953400663241E-5
2.0E-5                   2.0E-5                   300                      1.5208808351566857E-5    1.5081696324757862E-5
2.0E-5                   2.0E-5                   400                      1.7563842771620643E-5    1.7410499922544318E-5
2.0E-5                   2.0E-5                   500                      1.9637770270113814E-5    1.9473761697740636E-5
2.0E-5                   2.0E-5                   600                      2.1514549136591252E-5    2.1337115042496745E-5
2.0E-5                   2.0E-5                   700                      2.3239822539832865E-5    2.3042098512556274E-5
2.0E-5                   2.0E-5                   800                      2.4843937479997605E-5    2.463367518889268E-5
2.0E-5                   2.0E-5                   900                      2.634893404366985E-5     2.6130683839561924E-5
2.0E-5                   2.0E-5                   1000                     2.777171072327803E-5     2.7545403465603756E-5
2.0E-5                   2.0E-5                   2000                     3.9258766200439096E-5    3.893235271502333E-5
2.0E-5                   2.0E-5                   3000                     4.806578766570437E-5     4.7677022230602976E-5
2.0E-5                   2.0E-5                   4000                     5.547230830717528E-5     5.502947196121064E-5
2.0E-5                   2.0E-5                   5000                     6.200054825225967E-5     6.151990034256754E-5
2.0E-5                   2.0E-5                   6000                     6.789954763158786E-5     6.73891346562092E-5
2.0E-5                   2.0E-5                   7000                     7.33208706368624E-5      7.278562937476798E-5
2.0E-5                   2.0E-5                   8000                     7.836041485514514E-5     7.780337200988145E-5
2.0E-5                   2.0E-5                   9000                     8.308337155262008E-5     8.250992340589677E-5
2.0E-5                   2.0E-5                   10000                    8.75469512564522E-5      8.695972642409235E-5
2.0E-5                   2.0E-5                   20000                    1.2240399055374912E-4    1.2180561781116407E-4
2.0E-5                   2.0E-5                   30000                    1.4468188667332812E-4    1.4427346413472462E-4
2.0E-5                   2.0E-5                   40000                    1.5850271368682847E-4    1.5832355657964913E-4
2.0E-5                   2.0E-5                   50000                    1.6664305194221218E-4    1.6667549788348593E-4
2.0E-5                   2.0E-5                   60000                    1.7120199556352683E-4    1.7140292060285707E-4
2.0E-5                   2.0E-5                   70000                    1.736060049038551E-4     1.7386710435103388E-4
2.0E-5                   2.0E-5                   80000                    1.746681362099741E-4     1.7503140595287413E-4
2.0E-5                   2.0E-5                   90000                    1.7514474600815961E-4    1.7553897478673854E-4
2.0E-5                   2.0E-5                   100000                   1.7553308057937367E-4    1.7589572059649406E-4
2.0E-5                   2.0E-5                   110000                   1.7571589728988463E-4    1.7617132025031266E-4
2.0E-5                   2.0E-5                   120000                   1.758720111720444E-4     1.7655101631276025E-4
2.0E-5                   2.0E-5                   130000                   1.7595037473121345E-4    1.766891141849532E-4
2.0E-5                   2.0E-5                   140000                   1.7602087908925472E-4    1.7675624421769302E-4
2.0E-5                   2.0E-5                   150000                   1.7605624581782197E-4    1.767793462124069E-4
2.0E-5                   2.0E-5                   160000                   1.7608809361856353E-4    1.767957333457769E-4
2.0E-5                   2.0E-5                   170000                   1.7610417634018625E-4    1.7679292998571555E-4
2.0E-5                   2.0E-5                   180000                   1.7611863794641302E-4    1.7678611389584286E-4
2.0E-5                   2.0E-5                   190000                   1.7612582998293696E-4    1.7677961037488134E-4
2.0E-5                   2.0E-5                   200000                   1.7613229717787737E-4    1.767765112140571E-4
2.0E-5                   5.0E-5                   0                        0                        0
2.0E-5                   5.0E-5                   0.1                      0                        0
2.0E-5                   5.0E-5                   0.2                      0                        0
2.0E-5                   5.0E-5                   0.30000000000000004      0                        0
2.0E-5                   5.0E-5                   0.4                      0                        0
2.0E-5                   5.0E-5                   0.5                      0                        0
2.0E-5                   5.0E-5                   0.6000000000000001       0                        0
2.0E-5                   5.0E-5                   0.7000000000000001       0                        0
2.0E-5                   5.0E-5                   0.8                      0                        0
2.0E-5                   5.0E-5                   0.9                      0                        0
2.0E-5                   5.0E-5                   1                        1.0830756440059036E-6    9.492949570619554E-7
2.0E-5                   5.0E-5                   1.1                      2.0044254754035964E-6    1.7769099810117013E-6
2.0E-5                   5.0E-5                   1.2000000000000002       2.0180459238876895E-6    1.792461946316302E-6
2.0E-5                   5.0E-5                   1.3                      2.0316172589437123E-6    1.8078308229348627E-6
2.0E-5                   5.0E-5                   1.4000000000000001       2.045141702481458E-6     1.8231230634250537E-6
2.0E-5                   5.0E-5                   1.5                      2.0586180620828446E-6    1.8383366538970372E-6
2.0E-5                   5.0E-5                   1.6                      2.072032897378303E-6     1.8534500479134582E-6
2.0E-5                   5.0E-5                   1.7000000000000002       2.085413840706917E-6     1.8685105210636612E-6
2.0E-5                   5.0E-5                   1.8                      2.098760962649955E-6     1.8835008556653686E-6
2.0E-5                   5.0E-5                   1.9000000000000001       2.1120635597187893E-6    1.8984043611172653E-6
2.0E-5                   5.0E-5                   2                        2.1252549735961048E-6    1.913258970961626E-6
2.0E-5                   5.0E-5                   5                        2.504280486234508E-6     2.330412823110407E-6
2.0E-5                   5.0E-5                   10                       3.070577620025418E-6     2.9352112447323608E-6
2.0E-5                   5.0E-5                   100                      8.740670520332486E-6     8.707370319004333E-6
2.0E-5                   5.0E-5                   100                      8.740670520332486E-6     8.707370319004333E-6
2.0E-5                   5.0E-5                   200                      1.2413831695592558E-5    1.2366800337994352E-5
2.0E-5                   5.0E-5                   300                      1.5237100386841614E-5    1.5164667128233846E-5
2.0E-5                   5.0E-5                   400                      1.7601871287133885E-5    1.7517289952112615E-5
2.0E-5                   5.0E-5                   500                      1.967694411477924E-5     1.958722420148924E-5
2.0E-5                   5.0E-5                   600                      2.1555458230384206E-5    2.1454505763047763E-5
2.0E-5                   5.0E-5                   700                      2.328461283580363E-5     2.3181743590968592E-5
2.0E-5                   5.0E-5                   800                      2.4893642271058752E-5    2.4791117066638833E-5
2.0E-5                   5.0E-5                   900                      2.6403470778378874E-5    2.6297825107947077E-5
2.0E-5                   5.0E-5                   1000                     2.783046219686121E-5     2.772156401536967E-5
2.0E-5                   5.0E-5                   2000                     3.936947776806067E-5     3.916744171542089E-5
2.0E-5                   5.0E-5                   3000                     4.819681364081125E-5     4.795042985403797E-5
2.0E-5                   5.0E-5                   4000                     5.562174336396884E-5     5.5345781715385646E-5
2.0E-5                   5.0E-5                   5000                     6.217461113495034E-5     6.186229790509354E-5
2.0E-5                   5.0E-5                   6000                     6.809677725891895E-5     6.775042106686851E-5
2.0E-5                   5.0E-5                   7000                     7.353248481921564E-5     7.31573696756007E-5
2.0E-5                   5.0E-5                   8000                     7.858472797203853E-5     7.818324317918612E-5
2.0E-5                   5.0E-5                   9000                     8.332160263327561E-5     8.289990570430651E-5
2.0E-5                   5.0E-5                   10000                    8.778086136190276E-5     8.73494725800308E-5
2.0E-5                   5.0E-5                   20000                    1.2239465011788109E-4    1.2220962563037107E-4
2.0E-5                   5.0E-5                   30000                    1.4392327932682245E-4    1.4461855243955873E-4
2.0E-5                   5.0E-5                   40000                    1.568522445228278E-4     1.5854665618435904E-4
2.0E-5                   5.0E-5                   50000                    1.6416478262097446E-4    1.667604092227485E-4
2.0E-5                   5.0E-5                   60000                    1.6808645366559897E-4    1.713699700782238E-4
2.0E-5                   5.0E-5                   70000                    1.6998970293357536E-4    1.7375077024691383E-4
2.0E-5                   5.0E-5                   80000                    1.708436510712608E-4     1.7492997851918714E-4
2.0E-5                   5.0E-5                   90000                    1.7124161183295044E-4    1.7548466125564445E-4
2.0E-5                   5.0E-5                   100000                   1.7158685427575294E-4    1.7590861980490926E-4
2.0E-5                   5.0E-5                   110000                   1.7201858564547037E-4    1.7637356896000271E-4
2.0E-5                   5.0E-5                   120000                   1.721821414470079E-4     1.7671993172347898E-4
2.0E-5                   5.0E-5                   130000                   1.7225790408163417E-4    1.769562093575275E-4
2.0E-5                   5.0E-5                   140000                   1.72294286401083E-4      1.7697568489386342E-4
2.0E-5                   5.0E-5                   150000                   1.7230115770210612E-4    1.769160544562086E-4
2.0E-5                   5.0E-5                   160000                   1.7229525587017825E-4    1.7687030502993946E-4
2.0E-5                   5.0E-5                   170000                   1.7228310429372856E-4    1.7681701569470073E-4
2.0E-5                   5.0E-5                   180000                   1.722744480680227E-4     1.7677912797222414E-4
2.0E-5                   5.0E-5                   190000                   1.722675444207296E-4     1.7675234547560406E-4
2.0E-5                   5.0E-5                   200000                   1.7226275822302406E-4    1.7673476817306133E-4
2.0E-5                   8.0E-5                   0                        0                        0
2.0E-5                   8.0E-5                   0.1                      0                        0
2.0E-5                   8.0E-5                   0.2                      0                        0
2.0E-5                   8.0E-5                   0.30000000000000004      0                        0
2.0E-5                   8.0E-5                   0.4                      0                        0
2.0E-5                   8.0E-5                   0.5                      0                        0
2.0E-5                   8.0E-5                   0.6000000000000001       0                        0
2.0E-5                   8.0E-5                   0.7000000000000001       0                        0
2.0E-5                   8.0E-5                   0.8                      0                        0
2.0E-5                   8.0E-5                   0.9                      0                        0
2.0E-5                   8.0E-5                   1                        1.111377828431421E-6     9.711564736020112E-7
2.0E-5                   8.0E-5                   1.1                      2.0593731289259494E-6    1.8087631453200497E-6
2.0E-5                   8.0E-5                   1.2000000000000002       2.0725104105566607E-6    1.8243633303081305E-6
2.0E-5                   8.0E-5                   1.3                      2.0856020812238185E-6    1.8398697580923862E-6
2.0E-5                   8.0E-5                   1.4000000000000001       2.098657360675145E-6     1.8552902263053655E-6
2.0E-5                   8.0E-5                   1.5                      2.1116537259510624E-6    1.8706255129430297E-6
2.0E-5                   8.0E-5                   1.6                      2.1246163315099714E-6    1.8858779790678637E-6
2.0E-5                   8.0E-5                   1.7000000000000002       2.137547973806555E-6     1.9010476758700211E-6
2.0E-5                   8.0E-5                   1.8                      2.1504311069767816E-6    1.9161359251918504E-6
2.0E-5                   8.0E-5                   1.9000000000000001       2.1632353414778613E-6    1.9311463738143692E-6
2.0E-5                   8.0E-5                   2                        2.176011535603018E-6     1.946080066124941E-6
2.0E-5                   8.0E-5                   5                        2.5425831271420024E-6    2.364397224195171E-6
2.0E-5                   8.0E-5                   10                       3.095191933527095E-6     2.9675595050572198E-6
2.0E-5                   8.0E-5                   100                      8.743782117758235E-6     8.747836270380206E-6
2.0E-5                   8.0E-5                   100                      8.743782117758235E-6     8.747836270380206E-6
2.0E-5                   8.0E-5                   200                      1.2422836632481791E-5    1.2431755787377666E-5
2.0E-5                   8.0E-5                   300                      1.5240288392273005E-5    1.5252681455007509E-5
2.0E-5                   8.0E-5                   400                      1.760550566702745E-5     1.7632042557514997E-5
2.0E-5                   8.0E-5                   500                      1.9684296402554722E-5    1.971562494546849E-5
2.0E-5                   8.0E-5                   600                      2.157113918518646E-5     2.1596096597509425E-5
2.0E-5                   8.0E-5                   700                      2.330884128067791E-5     2.3322062843579537E-5
2.0E-5                   8.0E-5                   800                      2.4920965592544075E-5    2.492869542746095E-5
2.0E-5                   8.0E-5                   900                      2.643155077368246E-5     2.644415523656165E-5
2.0E-5                   8.0E-5                   1000                     2.7858389905697362E-5    2.7878922293454024E-5
2.0E-5                   8.0E-5                   2000                     3.937914103306876E-5     3.9432180563090675E-5
2.0E-5                   8.0E-5                   3000                     4.821886097420619E-5     4.826883386414368E-5
2.0E-5                   8.0E-5                   4000                     5.567370324956416E-5     5.570499844996246E-5
2.0E-5                   8.0E-5                   5000                     6.223512706782127E-5     6.226806535373567E-5
2.0E-5                   8.0E-5                   6000                     6.816006864780127E-5     6.818117966098839E-5
2.0E-5                   8.0E-5                   7000                     7.359685065361202E-5     7.362444924938166E-5
2.0E-5                   8.0E-5                   8000                     7.865023417174158E-5     7.869263143752579E-5
2.0E-5                   8.0E-5                   9000                     8.341418838329812E-5     8.343843736912361E-5
2.0E-5                   8.0E-5                   10000                    8.789358884107553E-5     8.791613852014996E-5
2.0E-5                   8.0E-5                   20000                    1.2165921169126884E-4    1.2281832287374037E-4
2.0E-5                   8.0E-5                   30000                    1.416682058236307E-4     1.45084815005696E-4
2.0E-5                   8.0E-5                   40000                    1.5297249317263424E-4    1.588883571091104E-4
2.0E-5                   8.0E-5                   50000                    1.589394167639102E-4     1.6707482399000944E-4
2.0E-5                   8.0E-5                   60000                    1.6189572832974938E-4    1.7164722942653013E-4
2.0E-5                   8.0E-5                   70000                    1.6329935805328756E-4    1.7409223710495287E-4
2.0E-5                   8.0E-5                   80000                    1.64151453609966E-4      1.7527570919255545E-4
2.0E-5                   8.0E-5                   90000                    1.6482403069573292E-4    1.7585417705292413E-4
2.0E-5                   8.0E-5                   100000                   1.6528284911974042E-4    1.7607615032848547E-4
2.0E-5                   8.0E-5                   110000                   1.6540819646477668E-4    1.7617260001567776E-4
2.0E-5                   8.0E-5                   120000                   1.6531245118819082E-4    1.7631201056575823E-4
2.0E-5                   8.0E-5                   130000                   1.6521712669868933E-4    1.7643169216289498E-4
2.0E-5                   8.0E-5                   140000                   1.651577417125465E-4     1.7648819036137495E-4
2.0E-5                   8.0E-5                   150000                   1.6510863311959632E-4    1.7654061775079378E-4
2.0E-5                   8.0E-5                   160000                   1.650835751255647E-4     1.7656706134953554E-4
2.0E-5                   8.0E-5                   170000                   1.6506285382995278E-4    1.7659147245669535E-4
2.0E-5                   8.0E-5                   180000                   1.65052272493603E-4      1.766028818795796E-4
2.0E-5                   8.0E-5                   190000                   1.6504352386707073E-4    1.7661340450171681E-4
2.0E-5                   8.0E-5                   200000                   1.6503905873397235E-4    1.7661824873149313E-4
2.75E-5                  2.0E-5                   0                        0                        0
2.75E-5                  2.0E-5                   0.1                      0                        0
2.75E-5                  2.0E-5                   0.2                      0                        0
2.75E-5                  2.0E-5                   0.30000000000000004      0                        0
2.75E-5                  2.0E-5                   0.4                      0                        0
2.75E-5                  2.0E-5                   0.5                      0                        0
2.75E-5                  2.0E-5                   0.6000000000000001       0                        0
2.75E-5                  2.0E-5                   0.7000000000000001       0                        0
2.75E-5                  2.0E-5                   0.8                      0                        0
2.75E-5                  2.0E-5                   0.9                      0                        0
2.75E-5                  2.0E-5                   1                        1.0870080152416059E-6    9.519314412260024E-7
2.75E-5                  2.0E-5                   1.1                      2.015554943889117E-6     1.7723786161728833E-6
2.75E-5                  2.0E-5                   1.2000000000000002       2.0295331348687703E-6    1.7884185905093796E-6
2.75E-5                  2.0E-5                   1.3                      2.043450116408329E-6     1.804356030156563E-6
2.75E-5                  2.0E-5                   1.4000000000000001       2.0573197162607995E-6    1.8201996634755164E-6
2.75E-5                  2.0E-5                   1.5                      2.0711092319413103E-6    1.8359508503839229E-6
2.75E-5                  2.0E-5                   1.6                      2.0848559187797312E-6    1.851612684424888E-6
2.75E-5                  2.0E-5                   1.7000000000000002       2.0985639776032164E-6    1.8671851643373864E-6
2.75E-5                  2.0E-5                   1.8                      2.1122223720830733E-6    1.8826707217030689E-6
2.75E-5                  2.0E-5                   1.9000000000000001       2.125811964554856E-6     1.8980731211597867E-6
2.75E-5                  2.0E-5                   2                        2.139365736714755E-6     1.913393728705118E-6
2.75E-5                  2.0E-5                   5                        2.525633087006427E-6     2.341779545026661E-6
2.75E-5                  2.0E-5                   10                       3.0977951424406775E-6    2.957831408291139E-6
2.75E-5                  2.0E-5                   100                      8.80771454353575E-6      8.80499852920647E-6
2.75E-5                  2.0E-5                   100                      8.80771454353575E-6      8.80499852920647E-6
2.75E-5                  2.0E-5                   200                      1.2509101357806715E-5    1.2514583452543507E-5
2.75E-5                  2.0E-5                   300                      1.5340802962009134E-5    1.5355995740506302E-5
2.75E-5                  2.0E-5                   400                      1.7732991335678967E-5    1.7752758070423355E-5
2.75E-5                  2.0E-5                   500                      1.983452675807673E-5     1.985204277599549E-5
2.75E-5                  2.0E-5                   600                      2.172564189702256E-5     2.174786568328424E-5
2.75E-5                  2.0E-5                   700                      2.3460079714030243E-5    2.3487939988106592E-5
2.75E-5                  2.0E-5                   800                      2.5074447263133916E-5    2.5108225440409546E-5
2.75E-5                  2.0E-5                   900                      2.659283076042234E-5     2.663675463508175E-5
2.75E-5                  2.0E-5                   1000                     2.803122906694755E-5     2.808431725434689E-5
2.75E-5                  2.0E-5                   2000                     3.962375902516546E-5     3.973828357676661E-5
2.75E-5                  2.0E-5                   3000                     4.850358519201293E-5     4.865382491871543E-5
2.75E-5                  2.0E-5                   4000                     5.597549046202763E-5     5.6156515712968365E-5
2.75E-5                  2.0E-5                   5000                     6.255660328406798E-5     6.277588291807733E-5
2.75E-5                  2.0E-5                   6000                     6.849546655448449E-5     6.873617900879744E-5
2.75E-5                  2.0E-5                   7000                     7.394514830647589E-5     7.422302730944066E-5
2.75E-5                  2.0E-5                   8000                     7.90149482062382E-5      7.932764152294186E-5
2.75E-5                  2.0E-5                   9000                     8.37585911678118E-5      8.410495821587198E-5
2.75E-5                  2.0E-5                   10000                    8.823558602773296E-5     8.860959343978628E-5
2.75E-5                  2.0E-5                   20000                    1.2319126237323537E-4    1.2359878781151735E-4
2.75E-5                  2.0E-5                   30000                    1.4527941806900322E-4    1.4574897047917268E-4
2.75E-5                  2.0E-5                   40000                    1.586267355791374E-4     1.593771849743321E-4
2.75E-5                  2.0E-5                   50000                    1.6634767278193334E-4    1.6738051939757818E-4
2.75E-5                  2.0E-5                   60000                    1.7056079784635587E-4    1.7180797840245636E-4
2.75E-5                  2.0E-5                   70000                    1.728123454457859E-4     1.7415359642249461E-4
2.75E-5                  2.0E-5                   80000                    1.7391397559401382E-4    1.752846335239002E-4
2.75E-5                  2.0E-5                   90000                    1.7453731891788242E-4    1.7582634055861442E-4
2.75E-5                  2.0E-5                   100000                   1.749768530799632E-4     1.7602168249086862E-4
2.75E-5                  2.0E-5                   110000                   1.7521401272400615E-4    1.7612371945274907E-4
2.75E-5                  2.0E-5                   120000                   1.7546001314492032E-4    1.7626290617983126E-4
2.75E-5                  2.0E-5                   130000                   1.7562521563564977E-4    1.7637174377646404E-4
2.75E-5                  2.0E-5                   140000                   1.7574108599623315E-4    1.7642830791524952E-4
2.75E-5                  2.0E-5                   150000                   1.7580818975611678E-4    1.7647620373009858E-4
2.75E-5                  2.0E-5                   160000                   1.758473863967767E-4     1.7650253760619818E-4
2.75E-5                  2.0E-5                   170000                   1.7586325600504914E-4    1.7652455400001349E-4
2.75E-5                  2.0E-5                   180000                   1.7586924981320945E-4    1.765358211924198E-4
2.75E-5                  2.0E-5                   190000                   1.7586930887869456E-4    1.7654521790979048E-4
2.75E-5                  2.0E-5                   200000                   1.7586769898163466E-4    1.7654995580538267E-4
2.75E-5                  5.0E-5                   0                        0                        0
2.75E-5                  5.0E-5                   0.1                      0                        0
2.75E-5                  5.0E-5                   0.2                      0                        0
2.75E-5                  5.0E-5                   0.30000000000000004      0                        0
2.75E-5                  5.0E-5                   0.4                      0                        0
2.75E-5                  5.0E-5                   0.5                      0                        0
2.75E-5                  5.0E-5                   0.6000000000000001       0                        0
2.75E-5                  5.0E-5                   0.7000000000000001       0                        0
2.75E-5                  5.0E-5                   0.8                      0                        0
2.75E-5                  5.0E-5                   0.9                      0                        0
2.75E-5                  5.0E-5                   1                        1.0867084139720652E-6    9.395340973962789E-7
2.75E-5                  5.0E-5                   1.1                      2.0111293279040407E-6    1.760195664425078E-6
2.75E-5                  5.0E-5                   1.2000000000000002       2.024938295574755E-6     1.7754105173135056E-6
2.75E-5                  5.0E-5                   1.3                      2.0386986558703026E-6    1.7906376537863354E-6
2.75E-5                  5.0E-5                   1.4000000000000001       2.0524130174690514E-6    1.8057744681787617E-6
2.75E-5                  5.0E-5                   1.5                      2.0660787911332546E-6    1.820844730304975E-6
2.75E-5                  5.0E-5                   1.6                      2.0796853353582196E-6    1.835861442131745E-6
2.75E-5                  5.0E-5                   1.7000000000000002       2.0932580630361856E-6    1.850739140513864E-6
2.75E-5                  5.0E-5                   1.8                      2.106797042581518E-6     1.8655520190617545E-6
2.75E-5                  5.0E-5                   1.9000000000000001       2.120287121145111E-6     1.8803178051821503E-6
2.75E-5                  5.0E-5                   2                        2.1336738355063555E-6    1.8950365945092259E-6
2.75E-5                  5.0E-5                   5                        2.518571564427772E-6     2.308261989815268E-6
2.75E-5                  5.0E-5                   10                       3.09447804535688E-6      2.90966932676649E-6
2.75E-5                  5.0E-5                   100                      8.850550083480951E-6     8.628962636403759E-6
2.75E-5                  5.0E-5                   100                      8.850550083480951E-6     8.628962636403759E-6
2.75E-5                  5.0E-5                   200                      1.2570429046628554E-5    1.2254861605457301E-5
2.75E-5                  5.0E-5                   300                      1.5417489027317916E-5    1.5030501790335917E-5
2.75E-5                  5.0E-5                   400                      1.7812661733130018E-5    1.7357542677595305E-5
2.75E-5                  5.0E-5                   500                      1.99202700077612E-5      1.9401679542674006E-5
2.75E-5                  5.0E-5                   600                      2.1821835215907625E-5    2.1252479164823012E-5
2.75E-5                  5.0E-5                   700                      2.356952320638678E-5     2.2961253767601296E-5
2.75E-5                  5.0E-5                   800                      2.519441544012047E-5     2.45520998396179E-5
2.75E-5                  5.0E-5                   900                      2.6719289412114485E-5    2.6041268090544956E-5
2.75E-5                  5.0E-5                   1000                     2.8170639913726317E-5    2.7446858754030456E-5
2.75E-5                  5.0E-5                   2000                     3.9829982410698555E-5    3.882279928770985E-5
2.75E-5                  5.0E-5                   3000                     4.875322019642639E-5     4.754254791110546E-5
2.75E-5                  5.0E-5                   4000                     5.627414378010988E-5     5.4902150624942495E-5
2.75E-5                  5.0E-5                   5000                     6.288596564927226E-5     6.137003570957984E-5
2.75E-5                  5.0E-5                   6000                     6.886222492314872E-5     6.722426032909605E-5
2.75E-5                  5.0E-5                   7000                     7.434897642389469E-5     7.261426406836728E-5
2.75E-5                  5.0E-5                   8000                     7.94415292251129E-5      7.763185638712543E-5
2.75E-5                  5.0E-5                   9000                     8.420538311474003E-5     8.234023412990164E-5
2.75E-5                  5.0E-5                   10000                    8.869042286928655E-5     8.678596434222392E-5
2.75E-5                  5.0E-5                   20000                    1.2304799188535013E-4    1.2162925490579131E-4
2.75E-5                  5.0E-5                   30000                    1.4399615877126666E-4    1.4409580868135526E-4
2.75E-5                  5.0E-5                   40000                    1.5620851298844818E-4    1.5799802737205304E-4
2.75E-5                  5.0E-5                   50000                    1.6291896383854567E-4    1.6614870785499984E-4
2.75E-5                  5.0E-5                   60000                    1.6647558210003828E-4    1.707362437590277E-4
2.75E-5                  5.0E-5                   70000                    1.6841986342974028E-4    1.732532325145685E-4
2.75E-5                  5.0E-5                   80000                    1.6962466832002945E-4    1.746516710755621E-4
2.75E-5                  5.0E-5                   90000                    1.7040636845966443E-4    1.754183844373077E-4
2.75E-5                  5.0E-5                   100000                   1.708175888078757E-4     1.7589562323274075E-4
2.75E-5                  5.0E-5                   110000                   1.7093984637873362E-4    1.762297443548814E-4
2.75E-5                  5.0E-5                   120000                   1.7086802421101722E-4    1.764423463197854E-4
2.75E-5                  5.0E-5                   130000                   1.7081136834820143E-4    1.7656858091123063E-4
2.75E-5                  5.0E-5                   140000                   1.7071405405161597E-4    1.7664847230549347E-4
2.75E-5                  5.0E-5                   150000                   1.7065157896156688E-4    1.7668899535840227E-4
2.75E-5                  5.0E-5                   160000                   1.7060234740406868E-4    1.7671244582107812E-4
2.75E-5                  5.0E-5                   170000                   1.7057464959739245E-4    1.767165978223244E-4
2.75E-5                  5.0E-5                   180000                   1.705530359584805E-4     1.7671754363016176E-4
2.75E-5                  5.0E-5                   190000                   1.7054130812725442E-4    1.7671367766064768E-4
2.75E-5                  5.0E-5                   200000                   1.7053216332859014E-4    1.767094723191449E-4
2.75E-5                  8.0E-5                   0                        0                        0
2.75E-5                  8.0E-5                   0.1                      0                        0
2.75E-5                  8.0E-5                   0.2                      0                        0
2.75E-5                  8.0E-5                   0.30000000000000004      0                        0
2.75E-5                  8.0E-5                   0.4                      0                        0
2.75E-5                  8.0E-5                   0.5                      0                        0
2.75E-5                  8.0E-5                   0.6000000000000001       0                        0
2.75E-5                  8.0E-5                   0.7000000000000001       0                        0
2.75E-5                  8.0E-5                   0.8                      0                        0
2.75E-5                  8.0E-5                   0.9                      0                        0
2.75E-5                  8.0E-5                   1                        1.1181524397875324E-6    9.645623349236007E-7
2.75E-5                  8.0E-5                   1.1                      2.068425144969897E-6     1.8061004803022737E-6
2.75E-5                  8.0E-5                   1.2000000000000002       2.081952949344189E-6     1.820972405685357E-6
2.75E-5                  8.0E-5                   1.3                      2.0954338595085145E-6    1.8358711763435046E-6
2.75E-5                  8.0E-5                   1.4000000000000001       2.1088701478452547E-6    1.8506866627430432E-6
2.75E-5                  8.0E-5                   1.5                      2.1222602449506994E-6    1.8654408381214979E-6
2.75E-5                  8.0E-5                   1.6                      2.1355920776877013E-6    1.8801452726577587E-6
2.75E-5                  8.0E-5                   1.7000000000000002       2.1488915474650586E-6    1.8947217130360505E-6
2.75E-5                  8.0E-5                   1.8                      2.1621587127861583E-6    1.909238849082972E-6
2.75E-5                  8.0E-5                   1.9000000000000001       2.1753818314605693E-6    1.92371199847885E-6
2.75E-5                  8.0E-5                   2                        2.188501129418098E-6     1.938141244149759E-6
2.75E-5                  8.0E-5                   5                        2.5649874512385625E-6    2.3446454480697172E-6
2.75E-5                  8.0E-5                   10                       3.130219503410402E-6     2.939841044079397E-6
2.75E-5                  8.0E-5                   100                      8.8621816111573E-6       8.668064043194405E-6
2.75E-5                  8.0E-5                   100                      8.8621816111573E-6       8.668064043194405E-6
2.75E-5                  8.0E-5                   200                      1.258485369682622E-5     1.2308042468122477E-5
2.75E-5                  8.0E-5                   300                      1.5438251478771587E-5    1.5086517475094763E-5
2.75E-5                  8.0E-5                   400                      1.7835238524800142E-5    1.7430432699196468E-5
2.75E-5                  8.0E-5                   500                      1.9942720160132357E-5    1.949902549451472E-5
2.75E-5                  8.0E-5                   600                      2.1844739717205058E-5    2.1364744070239478E-5
2.75E-5                  8.0E-5                   700                      2.360621779495613E-5     2.3074902817355532E-5
2.75E-5                  8.0E-5                   800                      2.5243211511872926E-5    2.4664665979888234E-5
2.75E-5                  8.0E-5                   900                      2.677569187446966E-5     2.6155029326769054E-5
2.75E-5                  8.0E-5                   1000                     2.8221928758796426E-5    2.7563702704915364E-5
2.75E-5                  8.0E-5                   2000                     3.988129720337188E-5     3.8973018216088686E-5
2.75E-5                  8.0E-5                   3000                     4.882794692260395E-5     4.773009732704985E-5
2.75E-5                  8.0E-5                   4000                     5.636673581042702E-5     5.509781329430048E-5
2.75E-5                  8.0E-5                   5000                     6.30007450221064E-5      6.157596564177073E-5
2.75E-5                  8.0E-5                   6000                     6.897732757801345E-5     6.744677581654975E-5
2.75E-5                  8.0E-5                   7000                     7.445535532059767E-5     7.285232032660605E-5
2.75E-5                  8.0E-5                   8000                     7.951872131347864E-5     7.787092666652507E-5
2.75E-5                  8.0E-5                   9000                     8.425486261498573E-5     8.257639029575075E-5
2.75E-5                  8.0E-5                   10000                    8.87192259410255E-5      8.70178417937424E-5
2.75E-5                  8.0E-5                   20000                    1.2163754381652107E-4    1.2184443686649051E-4
2.75E-5                  8.0E-5                   30000                    1.4026560391040957E-4    1.442407355853069E-4
2.75E-5                  8.0E-5                   40000                    1.503040044101562E-4     1.5804625156492006E-4
2.75E-5                  8.0E-5                   50000                    1.5544599516425722E-4    1.661030169909514E-4
2.75E-5                  8.0E-5                   60000                    1.5801535269801078E-4    1.7062201261466785E-4
2.75E-5                  8.0E-5                   70000                    1.5930694040387772E-4    1.730793749585147E-4
2.75E-5                  8.0E-5                   80000                    1.5999006873486984E-4    1.744012171020077E-4
2.75E-5                  8.0E-5                   90000                    1.6037602857703678E-4    1.7513765214969022E-4
2.75E-5                  8.0E-5                   100000                   1.605789667459908E-4     1.7561548216449047E-4
2.75E-5                  8.0E-5                   110000                   1.6066106814677055E-4    1.7592789967025327E-4
2.75E-5                  8.0E-5                   120000                   1.606554603454696E-4     1.7614218420926973E-4
2.75E-5                  8.0E-5                   130000                   1.6062570765884465E-4    1.7628562036807964E-4
2.75E-5                  8.0E-5                   140000                   1.6058640998823745E-4    1.7636553072579393E-4
2.75E-5                  8.0E-5                   150000                   1.6056958384613794E-4    1.7641368787488243E-4
2.75E-5                  8.0E-5                   160000                   1.6055493673697754E-4    1.764321875302893E-4
2.75E-5                  8.0E-5                   170000                   1.6055932138685268E-4    1.7644027767555904E-4
2.75E-5                  8.0E-5                   180000                   1.6056191837754405E-4    1.7643943905301722E-4
2.75E-5                  8.0E-5                   190000                   1.6056959079257589E-4    1.7643667347201863E-4
2.75E-5                  8.0E-5                   200000                   1.6057412416707213E-4    1.76432637612165E-4
3.5000000000000004E-5    2.0E-5                   0                        0                        0
3.5000000000000004E-5    2.0E-5                   0.1                      0                        0
3.5000000000000004E-5    2.0E-5                   0.2                      0                        0
3.5000000000000004E-5    2.0E-5                   0.30000000000000004      0                        0
3.5000000000000004E-5    2.0E-5                   0.4                      0                        0
3.5000000000000004E-5    2.0E-5                   0.5                      0                        0
3.5000000000000004E-5    2.0E-5                   0.6000000000000001       0                        0
3.5000000000000004E-5    2.0E-5                   0.7000000000000001       0                        0
3.5000000000000004E-5    2.0E-5                   0.8                      0                        0
3.5000000000000004E-5    2.0E-5                   0.9                      0                        0
3.5000000000000004E-5    2.0E-5                   1                        1.0988415474700158E-6    9.616767107928858E-7
3.5000000000000004E-5    2.0E-5                   1.1                      2.0373269015808465E-6    1.8001166627078682E-6
3.5000000000000004E-5    2.0E-5                   1.2000000000000002       2.051341235184754E-6     1.8155499677842611E-6
3.5000000000000004E-5    2.0E-5                   1.3                      2.0652935624715285E-6    1.8308042432124544E-6
3.5000000000000004E-5    2.0E-5                   1.4000000000000001       2.079198794004529E-6     1.8459847840290753E-6
3.5000000000000004E-5    2.0E-5                   1.5                      2.093044691235006E-6     1.8610896938313589E-6
3.5000000000000004E-5    2.0E-5                   1.6                      2.1068476137230236E-6    1.87609826087489E-6
3.5000000000000004E-5    2.0E-5                   1.7000000000000002       2.1205923739351153E-6    1.8910550259410282E-6
3.5000000000000004E-5    2.0E-5                   1.8                      2.1342966590710774E-6    1.9059441231427787E-6
3.5000000000000004E-5    2.0E-5                   1.9000000000000001       2.1479482695071685E-6    1.920749192787669E-6
3.5000000000000004E-5    2.0E-5                   2                        2.1615528305062847E-6    1.9355061770005927E-6
3.5000000000000004E-5    2.0E-5                   5                        2.5494620540567035E-6    2.3503700554245705E-6
3.5000000000000004E-5    2.0E-5                   10                       3.1260326416052605E-6    2.9522301882663454E-6
3.5000000000000004E-5    2.0E-5                   100                      8.896852537273893E-6     8.73115927896003E-6
3.5000000000000004E-5    2.0E-5                   100                      8.896852537273893E-6     8.73115927896003E-6
3.5000000000000004E-5    2.0E-5                   200                      1.2634422501539847E-5    1.2405789222030077E-5
3.5000000000000004E-5    2.0E-5                   300                      1.5497127067281065E-5    1.5210501941991748E-5
3.5000000000000004E-5    2.0E-5                   400                      1.7907283234978385E-5    1.7561209848440342E-5
3.5000000000000004E-5    2.0E-5                   500                      2.0027204902632195E-5    1.9636239770704735E-5
3.5000000000000004E-5    2.0E-5                   600                      2.1943386011974937E-5    2.1514000482174977E-5
3.5000000000000004E-5    2.0E-5                   700                      2.3702676431464912E-5    2.3239082070484447E-5
3.5000000000000004E-5    2.0E-5                   800                      2.533847058782503E-5     2.484226956725361E-5
3.5000000000000004E-5    2.0E-5                   900                      2.687251916966499E-5     2.6347048836336766E-5
3.5000000000000004E-5    2.0E-5                   1000                     2.8322795136545684E-5    2.7771756919272196E-5
3.5000000000000004E-5    2.0E-5                   2000                     4.004072953755555E-5     3.92587625751507E-5
3.5000000000000004E-5    2.0E-5                   3000                     4.9014863610947215E-5    4.806471566678708E-5
3.5000000000000004E-5    2.0E-5                   4000                     5.6572116360799664E-5    5.547305426566847E-5
3.5000000000000004E-5    2.0E-5                   5000                     6.321364736593697E-5     6.200142462372865E-5
3.5000000000000004E-5    2.0E-5                   6000                     6.920178068183648E-5     6.790022451169278E-5
3.5000000000000004E-5    2.0E-5                   7000                     7.473838483891886E-5     7.332088288888885E-5
3.5000000000000004E-5    2.0E-5                   8000                     7.987617533588298E-5     7.83602618487884E-5
3.5000000000000004E-5    2.0E-5                   9000                     8.467588843996613E-5     8.308610781929707E-5
3.5000000000000004E-5    2.0E-5                   10000                    8.919305272792745E-5     8.755035224032167E-5
3.5000000000000004E-5    2.0E-5                   20000                    1.2409608880234476E-4    1.2237209739995864E-4
3.5000000000000004E-5    2.0E-5                   30000                    1.460131535584108E-4     1.4464676843394227E-4
3.5000000000000004E-5    2.0E-5                   40000                    1.593617010551502E-4     1.5842338153750088E-4
3.5000000000000004E-5    2.0E-5                   50000                    1.670547139068278E-4     1.6654347593177582E-4
3.5000000000000004E-5    2.0E-5                   60000                    1.7125979519164928E-4    1.7111305133377523E-4
3.5000000000000004E-5    2.0E-5                   70000                    1.7340229547423098E-4    1.7355083418966056E-4
3.5000000000000004E-5    2.0E-5                   80000                    1.7441061656610384E-4    1.7465587830208112E-4
3.5000000000000004E-5    2.0E-5                   90000                    1.748846879217604E-4     1.7517975972211657E-4
3.5000000000000004E-5    2.0E-5                   100000                   1.750259281928376E-4     1.7556346496160692E-4
3.5000000000000004E-5    2.0E-5                   110000                   1.7512573885699622E-4    1.7574402645020672E-4
3.5000000000000004E-5    2.0E-5                   120000                   1.7526929250442572E-4    1.7588392296646278E-4
3.5000000000000004E-5    2.0E-5                   130000                   1.7538269738834984E-4    1.7596308480194531E-4
3.5000000000000004E-5    2.0E-5                   140000                   1.7544632974572497E-4    1.760264374857706E-4
3.5000000000000004E-5    2.0E-5                   150000                   1.7549709170869122E-4    1.7606263597378223E-4
3.5000000000000004E-5    2.0E-5                   160000                   1.7552631035088435E-4    1.7609143529792622E-4
3.5000000000000004E-5    2.0E-5                   170000                   1.755492661579155E-4     1.761075145363712E-4
3.5000000000000004E-5    2.0E-5                   180000                   1.755617313917762E-4     1.7612030578737496E-4
3.5000000000000004E-5    2.0E-5                   190000                   1.7557150004680696E-4    1.7612744233963266E-4
3.5000000000000004E-5    2.0E-5                   200000                   1.755767503388926E-4     1.7613311928130386E-4
3.5000000000000004E-5    5.0E-5                   0                        0                        0
3.5000000000000004E-5    5.0E-5                   0.1                      0                        0
3.5000000000000004E-5    5.0E-5                   0.2                      0                        0
3.5000000000000004E-5    5.0E-5                   0.30000000000000004      0                        0
3.5000000000000004E-5    5.0E-5                   0.4                      0                        0
3.5000000000000004E-5    5.0E-5                   0.5                      0                        0
3.5000000000000004E-5    5.0E-5                   0.6000000000000001       0                        0
3.5000000000000004E-5    5.0E-5                   0.7000000000000001       0                        0
3.5000000000000004E-5    5.0E-5                   0.8                      0                        0
3.5000000000000004E-5    5.0E-5                   0.9                      0                        0
3.5000000000000004E-5    5.0E-5                   1                        1.0800435580849244E-6    9.673730566056658E-7
3.5000000000000004E-5    5.0E-5                   1.1                      1.9976534314800806E-6    1.8106385658375831E-6
3.5000000000000004E-5    5.0E-5                   1.2000000000000002       2.0121122104742756E-6    1.8262484765878797E-6
3.5000000000000004E-5    5.0E-5                   1.3                      2.0265181190746987E-6    1.8416810762284419E-6
3.5000000000000004E-5    5.0E-5                   1.4000000000000001       2.0408642289179458E-6    1.8570249269567861E-6
3.5000000000000004E-5    5.0E-5                   1.5                      2.0551703285788036E-6    1.8722973604878872E-6
3.5000000000000004E-5    5.0E-5                   1.6                      2.0693960879361014E-6    1.8875157035131097E-6
3.5000000000000004E-5    5.0E-5                   1.7000000000000002       2.0835761159547994E-6    1.9025995906392922E-6
3.5000000000000004E-5    5.0E-5                   1.8                      2.0977190303456327E-6    1.917609979632202E-6
3.5000000000000004E-5    5.0E-5                   1.9000000000000001       2.111824913009588E-6     1.932573039023522E-6
3.5000000000000004E-5    5.0E-5                   2                        2.1258694361441615E-6    1.9474888699564685E-6
3.5000000000000004E-5    5.0E-5                   5                        2.5265006632746448E-6    2.367945727490141E-6
3.5000000000000004E-5    5.0E-5                   10                       3.122778071568828E-6     2.977217736468308E-6
3.5000000000000004E-5    5.0E-5                   100                      8.988287432563132E-6     8.809984210275938E-6
3.5000000000000004E-5    5.0E-5                   100                      8.988287432563132E-6     8.809984210275938E-6
3.5000000000000004E-5    5.0E-5                   200                      1.2761700567079903E-5    1.2512059246963851E-5
3.5000000000000004E-5    5.0E-5                   300                      1.5660569608055848E-5    1.5348609467861608E-5
3.5000000000000004E-5    5.0E-5                   400                      1.809136436384795E-5     1.7731651811162926E-5
3.5000000000000004E-5    5.0E-5                   500                      2.022378076620832E-5     1.9823455950524776E-5
3.5000000000000004E-5    5.0E-5                   600                      2.214998716856853E-5     2.17090709391305E-5
3.5000000000000004E-5    5.0E-5                   700                      2.392555968067737E-5     2.3442377199675618E-5
3.5000000000000004E-5    5.0E-5                   800                      2.557890046541508E-5     2.5062251148206647E-5
3.5000000000000004E-5    5.0E-5                   900                      2.7130821955475694E-5    2.658616728438101E-5
3.5000000000000004E-5    5.0E-5                   1000                     2.859758257212426E-5     2.8027898868765323E-5
3.5000000000000004E-5    5.0E-5                   2000                     4.041978156694094E-5     3.9621191678644384E-5
3.5000000000000004E-5    5.0E-5                   3000                     4.94739224630959E-5      4.848392771200763E-5
3.5000000000000004E-5    5.0E-5                   4000                     5.7095216029825865E-5    5.596040690404188E-5
3.5000000000000004E-5    5.0E-5                   5000                     6.37819475816783E-5      6.253869940878747E-5
3.5000000000000004E-5    5.0E-5                   6000                     6.981272623955221E-5     6.847552146395391E-5
3.5000000000000004E-5    5.0E-5                   7000                     7.53413347003498E-5      7.394227851852398E-5
3.5000000000000004E-5    5.0E-5                   8000                     8.046319259495748E-5     7.901673342250943E-5
3.5000000000000004E-5    5.0E-5                   9000                     8.524212356918208E-5     8.377174235409854E-5
3.5000000000000004E-5    5.0E-5                   10000                    8.973006964611624E-5     8.825650379949788E-5
3.5000000000000004E-5    5.0E-5                   20000                    1.2369863069520423E-4    1.2313960454684247E-4
3.5000000000000004E-5    5.0E-5                   30000                    1.4407061887875637E-4    1.4520996809085768E-4
3.5000000000000004E-5    5.0E-5                   40000                    1.556993993638511E-4     1.587390770937151E-4
3.5000000000000004E-5    5.0E-5                   50000                    1.6197900508922028E-4    1.6663784356239674E-4
3.5000000000000004E-5    5.0E-5                   60000                    1.651968993986315E-4     1.7104287400643178E-4
3.5000000000000004E-5    5.0E-5                   70000                    1.669197271797701E-4     1.7335416815720154E-4
3.5000000000000004E-5    5.0E-5                   80000                    1.6797910173445572E-4    1.7441577088682397E-4
3.5000000000000004E-5    5.0E-5                   90000                    1.6869807036591446E-4    1.7502610720898683E-4
3.5000000000000004E-5    5.0E-5                   100000                   1.6903607804626648E-4    1.753491055641254E-4
3.5000000000000004E-5    5.0E-5                   110000                   1.690447095796331E-4     1.7553077604522114E-4
3.5000000000000004E-5    5.0E-5                   120000                   1.6904089353247581E-4    1.7564682878752914E-4
3.5000000000000004E-5    5.0E-5                   130000                   1.6897700434277243E-4    1.7572358229272087E-4
3.5000000000000004E-5    5.0E-5                   140000                   1.6891043154980377E-4    1.7576747840215108E-4
3.5000000000000004E-5    5.0E-5                   150000                   1.688641177948239E-4     1.7580206069267313E-4
3.5000000000000004E-5    5.0E-5                   160000                   1.688348953563507E-4     1.758219987693092E-4
3.5000000000000004E-5    5.0E-5                   170000                   1.688149565792082E-4     1.7583760031501656E-4
3.5000000000000004E-5    5.0E-5                   180000                   1.6880284674801279E-4    1.758463804268819E-4
3.5000000000000004E-5    5.0E-5                   190000                   1.687946040062518E-4     1.758532491590899E-4
3.5000000000000004E-5    5.0E-5                   200000                   1.6878962180592928E-4    1.7585711065058477E-4
3.5000000000000004E-5    8.0E-5                   0                        0                        0
3.5000000000000004E-5    8.0E-5                   0.1                      0                        0
3.5000000000000004E-5    8.0E-5                   0.2                      0                        0
3.5000000000000004E-5    8.0E-5                   0.30000000000000004      0                        0
3.5000000000000004E-5    8.0E-5                   0.4                      0                        0
3.5000000000000004E-5    8.0E-5                   0.5                      0                        0
3.5000000000000004E-5    8.0E-5                   0.6000000000000001       0                        0
3.5000000000000004E-5    8.0E-5                   0.7000000000000001       0                        0
3.5000000000000004E-5    8.0E-5                   0.8                      0                        0
3.5000000000000004E-5    8.0E-5                   0.9                      0                        0
3.5000000000000004E-5    8.0E-5                   1                        1.1292737746121434E-6    9.694956914412357E-7
3.5000000000000004E-5    8.0E-5                   1.1                      2.0862462067677953E-6    1.813953180212431E-6
3.5000000000000004E-5    8.0E-5                   1.2000000000000002       2.1000311282882123E-6    1.829727905890761E-6
3.5000000000000004E-5    8.0E-5                   1.3                      2.1137704555621276E-6    1.8453207841436616E-6
3.5000000000000004E-5    8.0E-5                   1.4000000000000001       2.127458515297543E-6     1.8608230452261562E-6
3.5000000000000004E-5    8.0E-5                   1.5                      2.1411118855495613E-6    1.87625347732858E-6
3.5000000000000004E-5    8.0E-5                   1.6                      2.15469595620968E-6      1.8916297549335222E-6
3.5000000000000004E-5    8.0E-5                   1.7000000000000002       2.168240954093452E-6     1.9069150676167821E-6
3.5000000000000004E-5    8.0E-5                   1.8                      2.1817535376829334E-6    1.9221386433483515E-6
3.5000000000000004E-5    8.0E-5                   1.9000000000000001       2.195233769998489E-6     1.937312059657494E-6
3.5000000000000004E-5    8.0E-5                   2                        2.208658719429243E-6     1.952333278756458E-6
3.5000000000000004E-5    8.0E-5                   5                        2.5933760831643724E-6    2.3773201136825727E-6
3.5000000000000004E-5    8.0E-5                   10                       3.171037162824763E-6     2.9947879243538107E-6
3.5000000000000004E-5    8.0E-5                   100                      9.004166634400021E-6     8.899370860920818E-6
3.5000000000000004E-5    8.0E-5                   100                      9.004166634400021E-6     8.899370860920818E-6
3.5000000000000004E-5    8.0E-5                   200                      1.2790998778060621E-5    1.2646734197237548E-5
3.5000000000000004E-5    8.0E-5                   300                      1.569752121189131E-5     1.550142557137368E-5
3.5000000000000004E-5    8.0E-5                   400                      1.813670448142125E-5     1.7910193615555E-5
3.5000000000000004E-5    8.0E-5                   500                      2.027507524047161E-5     2.002820786850329E-5
3.5000000000000004E-5    8.0E-5                   600                      2.2206962836544808E-5    2.194136247985629E-5
3.5000000000000004E-5    8.0E-5                   700                      2.3986817973972332E-5    2.3702153682980913E-5
3.5000000000000004E-5    8.0E-5                   800                      2.5644015850159947E-5    2.5341070901714614E-5
3.5000000000000004E-5    8.0E-5                   900                      2.7199850107425906E-5    2.68784044135767E-5
3.5000000000000004E-5    8.0E-5                   1000                     2.8669849907117706E-5    2.8331399910146157E-5
3.5000000000000004E-5    8.0E-5                   2000                     4.052729243448365E-5     4.005738091716278E-5
3.5000000000000004E-5    8.0E-5                   3000                     4.9610604359567024E-5    4.903428135196768E-5
3.5000000000000004E-5    8.0E-5                   4000                     5.724313259486705E-5     5.659308335404797E-5
3.5000000000000004E-5    8.0E-5                   5000                     6.392734475904625E-5     6.323531497269207E-5
3.5000000000000004E-5    8.0E-5                   6000                     6.993609590355303E-5     6.92272546461546E-5
3.5000000000000004E-5    8.0E-5                   7000                     7.54148951279394E-5      7.47328933287037E-5
3.5000000000000004E-5    8.0E-5                   8000                     8.045929976957979E-5     7.984548252872205E-5
3.5000000000000004E-5    8.0E-5                   9000                     8.513667015910812E-5     8.463194323681307E-5
3.5000000000000004E-5    8.0E-5                   10000                    8.949914868636306E-5     8.914614258108424E-5
3.5000000000000004E-5    8.0E-5                   20000                    1.211848863984182E-4     1.2409479553711684E-4
3.5000000000000004E-5    8.0E-5                   30000                    1.385645550438389E-4     1.4598857638236577E-4
3.5000000000000004E-5    8.0E-5                   40000                    1.4764586169770049E-4    1.591044978897752E-4
3.5000000000000004E-5    8.0E-5                   50000                    1.520303031944612E-4     1.6652830090345E-4
3.5000000000000004E-5    8.0E-5                   60000                    1.540800451511983E-4     1.706017397995774E-4
3.5000000000000004E-5    8.0E-5                   70000                    1.551937216699088E-4     1.7276867406716944E-4
3.5000000000000004E-5    8.0E-5                   80000                    1.5594490476484324E-4    1.7393092467925754E-4
3.5000000000000004E-5    8.0E-5                   90000                    1.561826446156281E-4     1.7460406750891927E-4
3.5000000000000004E-5    8.0E-5                   100000                   1.5629834408014879E-4    1.7500961869334976E-4
3.5000000000000004E-5    8.0E-5                   110000                   1.563134591957775E-4     1.7526263745734662E-4
3.5000000000000004E-5    8.0E-5                   120000                   1.5626206199641175E-4    1.7541920768435548E-4
3.5000000000000004E-5    8.0E-5                   130000                   1.5621019335570793E-4    1.7552248729837898E-4
3.5000000000000004E-5    8.0E-5                   140000                   1.5618780995032685E-4    1.7557100696021777E-4
3.5000000000000004E-5    8.0E-5                   150000                   1.5616704626272875E-4    1.75602333719209E-4
3.5000000000000004E-5    8.0E-5                   160000                   1.56158001774835E-4      1.7560589094655016E-4
3.5000000000000004E-5    8.0E-5                   170000                   1.5614960158033572E-4    1.7560936358140632E-4
3.5000000000000004E-5    8.0E-5                   180000                   1.5614602655052867E-4    1.7560354391265705E-4
3.5000000000000004E-5    8.0E-5                   190000                   1.5614271689322153E-4    1.7559895277951263E-4
3.5000000000000004E-5    8.0E-5                   200000                   1.5614131616870555E-4    1.7559471777719743E-4
