% Model:              C52_3D_base_unit_cell_recesses(cone)_v2.mph
% Version:            COMSOL 5.2.0.220
% Date:               Jul 27 2026, 14:14
% Table:              Table 3 - Global Evaluation 2 (n_CO2_film)
% R_texture (m)          H_cone (m)               t (s)                    Total moles of CO2 captured per unit cell (mol)
5.0E-6                   5.0E-6                   0                        0
5.0E-6                   5.0E-6                   0.1                      0
5.0E-6                   5.0E-6                   0.2                      0
5.0E-6                   5.0E-6                   0.30000000000000004      0
5.0E-6                   5.0E-6                   0.4                      0
5.0E-6                   5.0E-6                   0.5                      0
5.0E-6                   5.0E-6                   0.6000000000000001       0
5.0E-6                   5.0E-6                   0.7000000000000001       0
5.0E-6                   5.0E-6                   0.8                      0
5.0E-6                   5.0E-6                   0.9                      0
5.0E-6                   5.0E-6                   1                        9.419339541794556E-7
5.0E-6                   5.0E-6                   1.1                      1.7616400453401823E-6
5.0E-6                   5.0E-6                   1.2000000000000002       1.7769538574279233E-6
5.0E-6                   5.0E-6                   1.3                      1.7920822054418534E-6
5.0E-6                   5.0E-6                   1.4000000000000001       1.8071352095900518E-6
5.0E-6                   5.0E-6                   1.5                      1.8221176606079498E-6
5.0E-6                   5.0E-6                   1.6                      1.837025609935682E-6
5.0E-6                   5.0E-6                   1.7000000000000002       1.8518355363336337E-6
5.0E-6                   5.0E-6                   1.8                      1.8665828587572361E-6
5.0E-6                   5.0E-6                   1.9000000000000001       1.8812808155632761E-6
5.0E-6                   5.0E-6                   2                        1.8958826154544936E-6
5.0E-6                   5.0E-6                   5                        2.3069107215016766E-6
5.0E-6                   5.0E-6                   10                       2.9040432024489388E-6
5.0E-6                   5.0E-6                   100                      8.624966101835639E-6
5.0E-6                   5.0E-6                   100                      8.624966101835639E-6
5.0E-6                   5.0E-6                   200                      1.225025883928411E-5
5.0E-6                   5.0E-6                   300                      1.5021101024447809E-5
5.0E-6                   5.0E-6                   400                      1.7349434106487718E-5
5.0E-6                   5.0E-6                   500                      1.940172303838328E-5
5.0E-6                   5.0E-6                   600                      2.1257936929883327E-5
5.0E-6                   5.0E-6                   700                      2.2963314999430033E-5
5.0E-6                   5.0E-6                   800                      2.4548516681364227E-5
5.0E-6                   5.0E-6                   900                      2.603672984892953E-5
5.0E-6                   5.0E-6                   1000                     2.7446200768704316E-5
5.0E-6                   5.0E-6                   2000                     3.8818188480084865E-5
5.0E-6                   5.0E-6                   3000                     4.7546730155653355E-5
5.0E-6                   5.0E-6                   4000                     5.489717493102111E-5
5.0E-6                   5.0E-6                   5000                     6.137976665436962E-5
5.0E-6                   5.0E-6                   6000                     6.724080979556581E-5
5.0E-6                   5.0E-6                   7000                     7.262984283514183E-5
5.0E-6                   5.0E-6                   8000                     7.764237693615196E-5
5.0E-6                   5.0E-6                   9000                     8.234556878576547E-5
5.0E-6                   5.0E-6                   10000                    8.679075279988565E-5
5.0E-6                   5.0E-6                   20000                    1.216007777910175E-4
5.0E-6                   5.0E-6                   30000                    1.4414324139908264E-4
5.0E-6                   5.0E-6                   40000                    1.5825078894331806E-4
5.0E-6                   5.0E-6                   50000                    1.6664866792310203E-4
5.0E-6                   5.0E-6                   60000                    1.714111034239384E-4
5.0E-6                   5.0E-6                   70000                    1.738816655403247E-4
5.0E-6                   5.0E-6                   80000                    1.7507104983167942E-4
5.0E-6                   5.0E-6                   90000                    1.7559170072487784E-4
5.0E-6                   5.0E-6                   100000                   1.7598653340110987E-4
5.0E-6                   5.0E-6                   110000                   1.7628031952710712E-4
5.0E-6                   5.0E-6                   120000                   1.766715468699112E-4
5.0E-6                   5.0E-6                   130000                   1.768054441046163E-4
5.0E-6                   5.0E-6                   140000                   1.7687119967826247E-4
5.0E-6                   5.0E-6                   150000                   1.7689100036671343E-4
5.0E-6                   5.0E-6                   160000                   1.769051224943101E-4
5.0E-6                   5.0E-6                   170000                   1.7690013422576225E-4
5.0E-6                   5.0E-6                   180000                   1.7689240661346891E-4
5.0E-6                   5.0E-6                   190000                   1.768851917506437E-4
5.0E-6                   5.0E-6                   200000                   1.7688167067090257E-4
5.0E-6                   1.25E-5                  0                        0
5.0E-6                   1.25E-5                  0.1                      0
5.0E-6                   1.25E-5                  0.2                      0
5.0E-6                   1.25E-5                  0.30000000000000004      0
5.0E-6                   1.25E-5                  0.4                      0
5.0E-6                   1.25E-5                  0.5                      0
5.0E-6                   1.25E-5                  0.6000000000000001       0
5.0E-6                   1.25E-5                  0.7000000000000001       0
5.0E-6                   1.25E-5                  0.8                      0
5.0E-6                   1.25E-5                  0.9                      0
5.0E-6                   1.25E-5                  1                        9.376652312090757E-7
5.0E-6                   1.25E-5                  1.1                      1.7453129662792797E-6
5.0E-6                   1.25E-5                  1.2000000000000002       1.7607781776400662E-6
5.0E-6                   1.25E-5                  1.3                      1.7761489430521571E-6
5.0E-6                   1.25E-5                  1.4000000000000001       1.7914241616712586E-6
5.0E-6                   1.25E-5                  1.5                      1.8066163485218608E-6
5.0E-6                   1.25E-5                  1.6                      1.8217227564817799E-6
5.0E-6                   1.25E-5                  1.7000000000000002       1.8367565438943636E-6
5.0E-6                   1.25E-5                  1.8                      1.851719475524357E-6
5.0E-6                   1.25E-5                  1.9000000000000001       1.8665653758687531E-6
5.0E-6                   1.25E-5                  2                        1.8813616971096458E-6
5.0E-6                   1.25E-5                  5                        2.2972053943427397E-6
5.0E-6                   1.25E-5                  10                       2.898510647308835E-6
5.0E-6                   1.25E-5                  100                      8.649262781992218E-6
5.0E-6                   1.25E-5                  100                      8.649262781992218E-6
5.0E-6                   1.25E-5                  200                      1.2291242414877971E-5
5.0E-6                   1.25E-5                  300                      1.506134898627607E-5
5.0E-6                   1.25E-5                  400                      1.7392997845284207E-5
5.0E-6                   1.25E-5                  500                      1.9455062356168646E-5
5.0E-6                   1.25E-5                  600                      2.1312446360587454E-5
5.0E-6                   1.25E-5                  700                      2.3018731763297664E-5
5.0E-6                   1.25E-5                  800                      2.461129747132801E-5
5.0E-6                   1.25E-5                  900                      2.6107211226296683E-5
5.0E-6                   1.25E-5                  1000                     2.7519555672917634E-5
5.0E-6                   1.25E-5                  2000                     3.890284246039303E-5
5.0E-6                   1.25E-5                  3000                     4.763358096391817E-5
5.0E-6                   1.25E-5                  4000                     5.4987804357841815E-5
5.0E-6                   1.25E-5                  5000                     6.14773938046609E-5
5.0E-6                   1.25E-5                  6000                     6.733989367123776E-5
5.0E-6                   1.25E-5                  7000                     7.273084232802996E-5
5.0E-6                   1.25E-5                  8000                     7.775011280344136E-5
5.0E-6                   1.25E-5                  9000                     8.246280178081235E-5
5.0E-6                   1.25E-5                  10000                    8.691496507493968E-5
5.0E-6                   1.25E-5                  20000                    1.2173871887354945E-4
5.0E-6                   1.25E-5                  30000                    1.4425564864921738E-4
5.0E-6                   1.25E-5                  40000                    1.5828706266215832E-4
5.0E-6                   1.25E-5                  50000                    1.6658574408325426E-4
5.0E-6                   1.25E-5                  60000                    1.712762682783961E-4
5.0E-6                   1.25E-5                  70000                    1.7373113929852456E-4
5.0E-6                   1.25E-5                  80000                    1.7495493496453424E-4
5.0E-6                   1.25E-5                  90000                    1.7559612578102083E-4
5.0E-6                   1.25E-5                  100000                   1.7605268205801597E-4
5.0E-6                   1.25E-5                  110000                   1.765686260519298E-4
5.0E-6                   1.25E-5                  120000                   1.769514833083979E-4
5.0E-6                   1.25E-5                  130000                   1.771695373283205E-4
5.0E-6                   1.25E-5                  140000                   1.7715415379597287E-4
5.0E-6                   1.25E-5                  150000                   1.7709748473191956E-4
5.0E-6                   1.25E-5                  160000                   1.770378586872845E-4
5.0E-6                   1.25E-5                  170000                   1.7698310640177646E-4
5.0E-6                   1.25E-5                  180000                   1.7693972017213222E-4
5.0E-6                   1.25E-5                  190000                   1.769132124464536E-4
5.0E-6                   1.25E-5                  200000                   1.7689298115788432E-4
5.0E-6                   2.0E-5                   0                        0
5.0E-6                   2.0E-5                   0.1                      0
5.0E-6                   2.0E-5                   0.2                      0
5.0E-6                   2.0E-5                   0.30000000000000004      0
5.0E-6                   2.0E-5                   0.4                      0
5.0E-6                   2.0E-5                   0.5                      0
5.0E-6                   2.0E-5                   0.6000000000000001       0
5.0E-6                   2.0E-5                   0.7000000000000001       0
5.0E-6                   2.0E-5                   0.8                      0
5.0E-6                   2.0E-5                   0.9                      0
5.0E-6                   2.0E-5                   1                        9.462008669013288E-7
5.0E-6                   2.0E-5                   1.1                      1.7611704411049052E-6
5.0E-6                   2.0E-5                   1.2000000000000002       1.7767214936544666E-6
5.0E-6                   2.0E-5                   1.3                      1.7921703659268407E-6
5.0E-6                   2.0E-5                   1.4000000000000001       1.807525741167678E-6
5.0E-6                   2.0E-5                   1.5                      1.8227945224297326E-6
5.0E-6                   2.0E-5                   1.6                      1.8379788469437018E-6
5.0E-6                   2.0E-5                   1.7000000000000002       1.8530807830899451E-6
5.0E-6                   2.0E-5                   1.8                      1.8681005927688325E-6
5.0E-6                   2.0E-5                   1.9000000000000001       1.8830421063344468E-6
5.0E-6                   2.0E-5                   2                        1.8979079060916875E-6
5.0E-6                   2.0E-5                   5                        2.3146062245825397E-6
5.0E-6                   2.0E-5                   10                       2.9165012566050677E-6
5.0E-6                   2.0E-5                   100                      8.670610830487202E-6
5.0E-6                   2.0E-5                   100                      8.670610830487202E-6
5.0E-6                   2.0E-5                   200                      1.2322629141475008E-5
5.0E-6                   2.0E-5                   300                      1.5120870684326157E-5
5.0E-6                   2.0E-5                   400                      1.7471816168070823E-5
5.0E-6                   2.0E-5                   500                      1.953561356823828E-5
5.0E-6                   2.0E-5                   600                      2.1396076206085828E-5
5.0E-6                   2.0E-5                   700                      2.310632314840634E-5
5.0E-6                   2.0E-5                   800                      2.47047124046403E-5
5.0E-6                   2.0E-5                   900                      2.6208441127189092E-5
5.0E-6                   2.0E-5                   1000                     2.7631358865937008E-5
5.0E-6                   2.0E-5                   2000                     3.907576606182367E-5
5.0E-6                   2.0E-5                   3000                     4.783035297640939E-5
5.0E-6                   2.0E-5                   4000                     5.52203657488392E-5
5.0E-6                   2.0E-5                   5000                     6.172758335643405E-5
5.0E-6                   2.0E-5                   6000                     6.760352373488301E-5
5.0E-6                   2.0E-5                   7000                     7.301816340745804E-5
5.0E-6                   2.0E-5                   8000                     7.804810830453023E-5
5.0E-6                   2.0E-5                   9000                     8.27651965262776E-5
5.0E-6                   2.0E-5                   10000                    8.72183123123304E-5
5.0E-6                   2.0E-5                   20000                    1.2207310651342882E-4
5.0E-6                   2.0E-5                   30000                    1.4446451160284626E-4
5.0E-6                   2.0E-5                   40000                    1.5841547147470207E-4
5.0E-6                   2.0E-5                   50000                    1.6670967753617681E-4
5.0E-6                   2.0E-5                   60000                    1.714198904862927E-4
5.0E-6                   2.0E-5                   70000                    1.7395779676986257E-4
5.0E-6                   2.0E-5                   80000                    1.7517341413720889E-4
5.0E-6                   2.0E-5                   90000                    1.7571775745063616E-4
5.0E-6                   2.0E-5                   100000                   1.7607576885563924E-4
5.0E-6                   2.0E-5                   110000                   1.7633517896699494E-4
5.0E-6                   2.0E-5                   120000                   1.7664558214070122E-4
5.0E-6                   2.0E-5                   130000                   1.767580171823476E-4
5.0E-6                   2.0E-5                   140000                   1.7683000917783135E-4
5.0E-6                   2.0E-5                   150000                   1.7685528240961548E-4
5.0E-6                   2.0E-5                   160000                   1.7686896807531392E-4
5.0E-6                   2.0E-5                   170000                   1.768626934769346E-4
5.0E-6                   2.0E-5                   180000                   1.768583231258336E-4
5.0E-6                   2.0E-5                   190000                   1.7685067485875106E-4
5.0E-6                   2.0E-5                   200000                   1.768469216214048E-4
5.0E-6                   2.75E-5                  0                        0
5.0E-6                   2.75E-5                  0.1                      0
5.0E-6                   2.75E-5                  0.2                      0
5.0E-6                   2.75E-5                  0.30000000000000004      0
5.0E-6                   2.75E-5                  0.4                      0
5.0E-6                   2.75E-5                  0.5                      0
5.0E-6                   2.75E-5                  0.6000000000000001       0
5.0E-6                   2.75E-5                  0.7000000000000001       0
5.0E-6                   2.75E-5                  0.8                      0
5.0E-6                   2.75E-5                  0.9                      0
5.0E-6                   2.75E-5                  1                        9.348926223873992E-7
5.0E-6                   2.75E-5                  1.1                      1.7393900144966726E-6
5.0E-6                   2.75E-5                  1.2000000000000002       1.7552512795697397E-6
5.0E-6                   2.75E-5                  1.3                      1.7710004540513516E-6
5.0E-6                   2.75E-5                  1.4000000000000001       1.7866444394579044E-6
5.0E-6                   2.75E-5                  1.5                      1.8021883679280691E-6
5.0E-6                   2.75E-5                  1.6                      1.817638583738861E-6
5.0E-6                   2.75E-5                  1.7000000000000002       1.832999298389999E-6
5.0E-6                   2.75E-5                  1.8                      1.8482741016564623E-6
5.0E-6                   2.75E-5                  1.9000000000000001       1.8634659427915052E-6
5.0E-6                   2.75E-5                  2                        1.8785777467664677E-6
5.0E-6                   2.75E-5                  5                        2.301309640433892E-6
5.0E-6                   2.75E-5                  10                       2.91032621023626E-6
5.0E-6                   2.75E-5                  100                      8.703844917000682E-6
5.0E-6                   2.75E-5                  100                      8.703844917000682E-6
5.0E-6                   2.75E-5                  200                      1.2370740212090114E-5
5.0E-6                   2.75E-5                  300                      1.5179532347063781E-5
5.0E-6                   2.75E-5                  400                      1.7547606180763635E-5
5.0E-6                   2.75E-5                  500                      1.96218134064208E-5
5.0E-6                   2.75E-5                  600                      2.149554833151458E-5
5.0E-6                   2.75E-5                  700                      2.321519071850264E-5
5.0E-6                   2.75E-5                  800                      2.4816841155525632E-5
5.0E-6                   2.75E-5                  900                      2.6327804425753372E-5
5.0E-6                   2.75E-5                  1000                     2.7759171190448996E-5
5.0E-6                   2.75E-5                  2000                     3.927524018349391E-5
5.0E-6                   2.75E-5                  3000                     4.8087861882704856E-5
5.0E-6                   2.75E-5                  4000                     5.550796289924326E-5
5.0E-6                   2.75E-5                  5000                     6.205695318967006E-5
5.0E-6                   2.75E-5                  6000                     6.795609817032904E-5
5.0E-6                   2.75E-5                  7000                     7.339205312189641E-5
5.0E-6                   2.75E-5                  8000                     7.845099555368097E-5
5.0E-6                   2.75E-5                  9000                     8.318917487435184E-5
5.0E-6                   2.75E-5                  10000                    8.766020226705117E-5
5.0E-6                   2.75E-5                  20000                    1.2256245949937783E-4
5.0E-6                   2.75E-5                  30000                    1.4489886213876456E-4
5.0E-6                   2.75E-5                  40000                    1.587842742736233E-4
5.0E-6                   2.75E-5                  50000                    1.6701885100922458E-4
5.0E-6                   2.75E-5                  60000                    1.7163934236188452E-4
5.0E-6                   2.75E-5                  70000                    1.7414282068637952E-4
5.0E-6                   2.75E-5                  80000                    1.7529439414680988E-4
5.0E-6                   2.75E-5                  90000                    1.7583792895697501E-4
5.0E-6                   2.75E-5                  100000                   1.7623778087132023E-4
5.0E-6                   2.75E-5                  110000                   1.764179881836859E-4
5.0E-6                   2.75E-5                  120000                   1.7656098048716423E-4
5.0E-6                   2.75E-5                  130000                   1.7663837332885943E-4
5.0E-6                   2.75E-5                  140000                   1.7670312358473864E-4
5.0E-6                   2.75E-5                  150000                   1.7673814597731155E-4
5.0E-6                   2.75E-5                  160000                   1.7676750363654556E-4
5.0E-6                   2.75E-5                  170000                   1.7678352637394483E-4
5.0E-6                   2.75E-5                  180000                   1.7679690654546162E-4
5.0E-6                   2.75E-5                  190000                   1.7680406285870947E-4
5.0E-6                   2.75E-5                  200000                   1.7681003834419166E-4
5.0E-6                   3.5000000000000004E-5    0                        0
5.0E-6                   3.5000000000000004E-5    0.1                      0
5.0E-6                   3.5000000000000004E-5    0.2                      0
5.0E-6                   3.5000000000000004E-5    0.30000000000000004      0
5.0E-6                   3.5000000000000004E-5    0.4                      0
5.0E-6                   3.5000000000000004E-5    0.5                      0
5.0E-6                   3.5000000000000004E-5    0.6000000000000001       0
5.0E-6                   3.5000000000000004E-5    0.7000000000000001       0
5.0E-6                   3.5000000000000004E-5    0.8                      0
5.0E-6                   3.5000000000000004E-5    0.9                      0
5.0E-6                   3.5000000000000004E-5    1                        9.485197350208909E-7
5.0E-6                   3.5000000000000004E-5    1.1                      1.7641190020379004E-6
5.0E-6                   3.5000000000000004E-5    1.2000000000000002       1.779957075619423E-6
5.0E-6                   3.5000000000000004E-5    1.3                      1.7956674480143493E-6
5.0E-6                   3.5000000000000004E-5    1.4000000000000001       1.8112608556223192E-6
5.0E-6                   3.5000000000000004E-5    1.5                      1.8267448490477538E-6
5.0E-6                   3.5000000000000004E-5    1.6                      1.8421284755120108E-6
5.0E-6                   3.5000000000000004E-5    1.7000000000000002       1.8574170145337647E-6
5.0E-6                   3.5000000000000004E-5    1.8                      1.8726152092787082E-6
5.0E-6                   3.5000000000000004E-5    1.9000000000000001       1.8877271338533709E-6
5.0E-6                   3.5000000000000004E-5    2                        1.9027558240866954E-6
5.0E-6                   3.5000000000000004E-5    5                        2.322731178991113E-6
5.0E-6                   3.5000000000000004E-5    10                       2.928780329620563E-6
5.0E-6                   3.5000000000000004E-5    100                      8.73563118078795E-6
5.0E-6                   3.5000000000000004E-5    100                      8.73563118078795E-6
5.0E-6                   3.5000000000000004E-5    200                      1.2421786813018044E-5
5.0E-6                   3.5000000000000004E-5    300                      1.524781975377577E-5
5.0E-6                   3.5000000000000004E-5    400                      1.7623241681868295E-5
5.0E-6                   3.5000000000000004E-5    500                      1.9708795978614792E-5
5.0E-6                   3.5000000000000004E-5    600                      2.1590344169384112E-5
5.0E-6                   3.5000000000000004E-5    700                      2.3321120390739593E-5
5.0E-6                   3.5000000000000004E-5    800                      2.493948936654214E-5
5.0E-6                   3.5000000000000004E-5    900                      2.6463055291556873E-5
5.0E-6                   3.5000000000000004E-5    1000                     2.790225381356468E-5
5.0E-6                   3.5000000000000004E-5    2000                     3.9494492809348496E-5
5.0E-6                   3.5000000000000004E-5    3000                     4.836435744364023E-5
5.0E-6                   3.5000000000000004E-5    4000                     5.585241861416691E-5
5.0E-6                   3.5000000000000004E-5    5000                     6.243810589405157E-5
5.0E-6                   3.5000000000000004E-5    6000                     6.83865477887849E-5
5.0E-6                   3.5000000000000004E-5    7000                     7.386141700933355E-5
5.0E-6                   3.5000000000000004E-5    8000                     7.894307111058698E-5
5.0E-6                   3.5000000000000004E-5    9000                     8.370523725887766E-5
5.0E-6                   3.5000000000000004E-5    10000                    8.819569833977649E-5
5.0E-6                   3.5000000000000004E-5    20000                    1.2319843485916044E-4
5.0E-6                   3.5000000000000004E-5    30000                    1.4545976962940932E-4
5.0E-6                   3.5000000000000004E-5    40000                    1.5917357906946876E-4
5.0E-6                   3.5000000000000004E-5    50000                    1.6723437519049024E-4
5.0E-6                   3.5000000000000004E-5    60000                    1.7176158411103887E-4
5.0E-6                   3.5000000000000004E-5    70000                    1.741245961164036E-4
5.0E-6                   3.5000000000000004E-5    80000                    1.752409543556973E-4
5.0E-6                   3.5000000000000004E-5    90000                    1.757312187796561E-4
5.0E-6                   3.5000000000000004E-5    100000                   1.760839015082809E-4
5.0E-6                   3.5000000000000004E-5    110000                   1.7638936456764308E-4
5.0E-6                   3.5000000000000004E-5    120000                   1.7664994253543118E-4
5.0E-6                   3.5000000000000004E-5    130000                   1.7674616062064992E-4
5.0E-6                   3.5000000000000004E-5    140000                   1.768092391770337E-4
5.0E-6                   3.5000000000000004E-5    150000                   1.7682754227341943E-4
5.0E-6                   3.5000000000000004E-5    160000                   1.7683651856929738E-4
5.0E-6                   3.5000000000000004E-5    170000                   1.7682721151969041E-4
5.0E-6                   3.5000000000000004E-5    180000                   1.7682214035658232E-4
5.0E-6                   3.5000000000000004E-5    190000                   1.768144074943111E-4
5.0E-6                   3.5000000000000004E-5    200000                   1.768111112316232E-4
1.0E-5                   5.0E-6                   0                        0
1.0E-5                   5.0E-6                   0.1                      0
1.0E-5                   5.0E-6                   0.2                      0
1.0E-5                   5.0E-6                   0.30000000000000004      0
1.0E-5                   5.0E-6                   0.4                      0
1.0E-5                   5.0E-6                   0.5                      0
1.0E-5                   5.0E-6                   0.6000000000000001       0
1.0E-5                   5.0E-6                   0.7000000000000001       0
1.0E-5                   5.0E-6                   0.8                      0
1.0E-5                   5.0E-6                   0.9                      0
1.0E-5                   5.0E-6                   1                        9.46614413967731E-7
1.0E-5                   5.0E-6                   1.1                      1.7727479065923152E-6
1.0E-5                   5.0E-6                   1.2000000000000002       1.787753253021157E-6
1.0E-5                   5.0E-6                   1.3                      1.8027778231970667E-6
1.0E-5                   5.0E-6                   1.4000000000000001       1.8177154584751323E-6
1.0E-5                   5.0E-6                   1.5                      1.8325893859950324E-6
1.0E-5                   5.0E-6                   1.6                      1.8474120398558536E-6
1.0E-5                   5.0E-6                   1.7000000000000002       1.8621474299463136E-6
1.0E-5                   5.0E-6                   1.8                      1.8768276264280433E-6
1.0E-5                   5.0E-6                   1.9000000000000001       1.891460008940538E-6
1.0E-5                   5.0E-6                   2                        1.9059444848793952E-6
1.0E-5                   5.0E-6                   5                        2.316165850597972E-6
1.0E-5                   5.0E-6                   10                       2.912360178196631E-6
1.0E-5                   5.0E-6                   100                      8.626452410650433E-6
1.0E-5                   5.0E-6                   100                      8.626452410650433E-6
1.0E-5                   5.0E-6                   200                      1.2256694738023257E-5
1.0E-5                   5.0E-6                   300                      1.5028744471342013E-5
1.0E-5                   5.0E-6                   400                      1.735246455462071E-5
1.0E-5                   5.0E-6                   500                      1.9403909961655018E-5
1.0E-5                   5.0E-6                   600                      2.126062587226624E-5
1.0E-5                   5.0E-6                   700                      2.296666977179722E-5
1.0E-5                   5.0E-6                   800                      2.455240221616721E-5
1.0E-5                   5.0E-6                   900                      2.604102005552451E-5
1.0E-5                   5.0E-6                   1000                     2.7450632974521176E-5
1.0E-5                   5.0E-6                   2000                     3.8824238956967284E-5
1.0E-5                   5.0E-6                   3000                     4.755384961206295E-5
1.0E-5                   5.0E-6                   4000                     5.490493522311255E-5
1.0E-5                   5.0E-6                   5000                     6.138773489478074E-5
1.0E-5                   5.0E-6                   6000                     6.724916691329247E-5
1.0E-5                   5.0E-6                   7000                     7.263844896208591E-5
1.0E-5                   5.0E-6                   8000                     7.765133714046014E-5
1.0E-5                   5.0E-6                   9000                     8.235473408644436E-5
1.0E-5                   5.0E-6                   10000                    8.680012816811418E-5
1.0E-5                   5.0E-6                   20000                    1.2160806110778565E-4
1.0E-5                   5.0E-6                   30000                    1.4414379744293314E-4
1.0E-5                   5.0E-6                   40000                    1.582440909251197E-4
1.0E-5                   5.0E-6                   50000                    1.6663562668782866E-4
1.0E-5                   5.0E-6                   60000                    1.7139306096206096E-4
1.0E-5                   5.0E-6                   70000                    1.7386215589363648E-4
1.0E-5                   5.0E-6                   80000                    1.7504605084064123E-4
1.0E-5                   5.0E-6                   90000                    1.7556485617813638E-4
1.0E-5                   5.0E-6                   100000                   1.7595568660302204E-4
1.0E-5                   5.0E-6                   110000                   1.7624380314733052E-4
1.0E-5                   5.0E-6                   120000                   1.766322049048303E-4
1.0E-5                   5.0E-6                   130000                   1.767670549338723E-4
1.0E-5                   5.0E-6                   140000                   1.768335263804043E-4
1.0E-5                   5.0E-6                   150000                   1.7685430043795237E-4
1.0E-5                   5.0E-6                   160000                   1.768690365483242E-4
1.0E-5                   5.0E-6                   170000                   1.7686455741554554E-4
1.0E-5                   5.0E-6                   180000                   1.7685706466580374E-4
1.0E-5                   5.0E-6                   190000                   1.7685007731350536E-4
1.0E-5                   5.0E-6                   200000                   1.7684666430027593E-4
1.0E-5                   1.25E-5                  0                        0
1.0E-5                   1.25E-5                  0.1                      0
1.0E-5                   1.25E-5                  0.2                      0
1.0E-5                   1.25E-5                  0.30000000000000004      0
1.0E-5                   1.25E-5                  0.4                      0
1.0E-5                   1.25E-5                  0.5                      0
1.0E-5                   1.25E-5                  0.6000000000000001       0
1.0E-5                   1.25E-5                  0.7000000000000001       0
1.0E-5                   1.25E-5                  0.8                      0
1.0E-5                   1.25E-5                  0.9                      0
1.0E-5                   1.25E-5                  1                        9.420712825077948E-7
1.0E-5                   1.25E-5                  1.1                      1.7639312384753625E-6
1.0E-5                   1.25E-5                  1.2000000000000002       1.7793890852413616E-6
1.0E-5                   1.25E-5                  1.3                      1.7946683279585939E-6
1.0E-5                   1.25E-5                  1.4000000000000001       1.8098725328535008E-6
1.0E-5                   1.25E-5                  1.5                      1.825000086913324E-6
1.0E-5                   1.25E-5                  1.6                      1.8400292280949563E-6
1.0E-5                   1.25E-5                  1.7000000000000002       1.8550064501168958E-6
1.0E-5                   1.25E-5                  1.8                      1.8699158507349262E-6
1.0E-5                   1.25E-5                  1.9000000000000001       1.8847396819912687E-6
1.0E-5                   1.25E-5                  2                        1.8995154101923595E-6
1.0E-5                   1.25E-5                  5                        2.314815798474513E-6
1.0E-5                   1.25E-5                  10                       2.9173987089396833E-6
1.0E-5                   1.25E-5                  100                      8.660555517657857E-6
1.0E-5                   1.25E-5                  100                      8.660555517657857E-6
1.0E-5                   1.25E-5                  200                      1.230953400663241E-5
1.0E-5                   1.25E-5                  300                      1.5081696324757862E-5
1.0E-5                   1.25E-5                  400                      1.7410499922544318E-5
1.0E-5                   1.25E-5                  500                      1.9473761697740636E-5
1.0E-5                   1.25E-5                  600                      2.1337115042496745E-5
1.0E-5                   1.25E-5                  700                      2.3042098512556274E-5
1.0E-5                   1.25E-5                  800                      2.463367518889268E-5
1.0E-5                   1.25E-5                  900                      2.6130683839561924E-5
1.0E-5                   1.25E-5                  1000                     2.7545403465603756E-5
1.0E-5                   1.25E-5                  2000                     3.893235271502333E-5
1.0E-5                   1.25E-5                  3000                     4.7677022230602976E-5
1.0E-5                   1.25E-5                  4000                     5.502947196121064E-5
1.0E-5                   1.25E-5                  5000                     6.151990034256754E-5
1.0E-5                   1.25E-5                  6000                     6.73891346562092E-5
1.0E-5                   1.25E-5                  7000                     7.278562937476798E-5
1.0E-5                   1.25E-5                  8000                     7.780337200988145E-5
1.0E-5                   1.25E-5                  9000                     8.250992340589677E-5
1.0E-5                   1.25E-5                  10000                    8.695972642409235E-5
1.0E-5                   1.25E-5                  20000                    1.2180561781116407E-4
1.0E-5                   1.25E-5                  30000                    1.4427346413472462E-4
1.0E-5                   1.25E-5                  40000                    1.5832355657964913E-4
1.0E-5                   1.25E-5                  50000                    1.6667549788348593E-4
1.0E-5                   1.25E-5                  60000                    1.7140292060285707E-4
1.0E-5                   1.25E-5                  70000                    1.7386710435103388E-4
1.0E-5                   1.25E-5                  80000                    1.7503140595287413E-4
1.0E-5                   1.25E-5                  90000                    1.7553897478673854E-4
1.0E-5                   1.25E-5                  100000                   1.7589572059649406E-4
1.0E-5                   1.25E-5                  110000                   1.7617132025031266E-4
1.0E-5                   1.25E-5                  120000                   1.7655101631276025E-4
1.0E-5                   1.25E-5                  130000                   1.766891141849532E-4
1.0E-5                   1.25E-5                  140000                   1.7675624421769302E-4
1.0E-5                   1.25E-5                  150000                   1.767793462124069E-4
1.0E-5                   1.25E-5                  160000                   1.767957333457769E-4
1.0E-5                   1.25E-5                  170000                   1.7679292998571555E-4
1.0E-5                   1.25E-5                  180000                   1.7678611389584286E-4
1.0E-5                   1.25E-5                  190000                   1.7677961037488134E-4
1.0E-5                   1.25E-5                  200000                   1.767765112140571E-4
1.0E-5                   2.0E-5                   0                        0
1.0E-5                   2.0E-5                   0.1                      0
1.0E-5                   2.0E-5                   0.2                      0
1.0E-5                   2.0E-5                   0.30000000000000004      0
1.0E-5                   2.0E-5                   0.4                      0
1.0E-5                   2.0E-5                   0.5                      0
1.0E-5                   2.0E-5                   0.6000000000000001       0
1.0E-5                   2.0E-5                   0.7000000000000001       0
1.0E-5                   2.0E-5                   0.8                      0
1.0E-5                   2.0E-5                   0.9                      0
1.0E-5                   2.0E-5                   1                        9.492949570619554E-7
1.0E-5                   2.0E-5                   1.1                      1.7769099810117013E-6
1.0E-5                   2.0E-5                   1.2000000000000002       1.792461946316302E-6
1.0E-5                   2.0E-5                   1.3                      1.8078308229348627E-6
1.0E-5                   2.0E-5                   1.4000000000000001       1.8231230634250537E-6
1.0E-5                   2.0E-5                   1.5                      1.8383366538970372E-6
1.0E-5                   2.0E-5                   1.6                      1.8534500479134582E-6
1.0E-5                   2.0E-5                   1.7000000000000002       1.8685105210636612E-6
1.0E-5                   2.0E-5                   1.8                      1.8835008556653686E-6
1.0E-5                   2.0E-5                   1.9000000000000001       1.8984043611172653E-6
1.0E-5                   2.0E-5                   2                        1.913258970961626E-6
1.0E-5                   2.0E-5                   5                        2.330412823110407E-6
1.0E-5                   2.0E-5                   10                       2.9352112447323608E-6
1.0E-5                   2.0E-5                   100                      8.707370319004333E-6
1.0E-5                   2.0E-5                   100                      8.707370319004333E-6
1.0E-5                   2.0E-5                   200                      1.2366800337994352E-5
1.0E-5                   2.0E-5                   300                      1.5164667128233846E-5
1.0E-5                   2.0E-5                   400                      1.7517289952112615E-5
1.0E-5                   2.0E-5                   500                      1.958722420148924E-5
1.0E-5                   2.0E-5                   600                      2.1454505763047763E-5
1.0E-5                   2.0E-5                   700                      2.3181743590968592E-5
1.0E-5                   2.0E-5                   800                      2.4791117066638833E-5
1.0E-5                   2.0E-5                   900                      2.6297825107947077E-5
1.0E-5                   2.0E-5                   1000                     2.772156401536967E-5
1.0E-5                   2.0E-5                   2000                     3.916744171542089E-5
1.0E-5                   2.0E-5                   3000                     4.795042985403797E-5
1.0E-5                   2.0E-5                   4000                     5.5345781715385646E-5
1.0E-5                   2.0E-5                   5000                     6.186229790509354E-5
1.0E-5                   2.0E-5                   6000                     6.775042106686851E-5
1.0E-5                   2.0E-5                   7000                     7.31573696756007E-5
1.0E-5                   2.0E-5                   8000                     7.818324317918612E-5
1.0E-5                   2.0E-5                   9000                     8.289990570430651E-5
1.0E-5                   2.0E-5                   10000                    8.73494725800308E-5
1.0E-5                   2.0E-5                   20000                    1.2220962563037107E-4
1.0E-5                   2.0E-5                   30000                    1.4461855243955873E-4
1.0E-5                   2.0E-5                   40000                    1.5854665618435904E-4
1.0E-5                   2.0E-5                   50000                    1.667604092227485E-4
1.0E-5                   2.0E-5                   60000                    1.713699700782238E-4
1.0E-5                   2.0E-5                   70000                    1.7375077024691383E-4
1.0E-5                   2.0E-5                   80000                    1.7492997851918714E-4
1.0E-5                   2.0E-5                   90000                    1.7548466125564445E-4
1.0E-5                   2.0E-5                   100000                   1.7590861980490926E-4
1.0E-5                   2.0E-5                   110000                   1.7637356896000271E-4
1.0E-5                   2.0E-5                   120000                   1.7671993172347898E-4
1.0E-5                   2.0E-5                   130000                   1.769562093575275E-4
1.0E-5                   2.0E-5                   140000                   1.7697568489386342E-4
1.0E-5                   2.0E-5                   150000                   1.769160544562086E-4
1.0E-5                   2.0E-5                   160000                   1.7687030502993946E-4
1.0E-5                   2.0E-5                   170000                   1.7681701569470073E-4
1.0E-5                   2.0E-5                   180000                   1.7677912797222414E-4
1.0E-5                   2.0E-5                   190000                   1.7675234547560406E-4
1.0E-5                   2.0E-5                   200000                   1.7673476817306133E-4
1.0E-5                   2.75E-5                  0                        0
1.0E-5                   2.75E-5                  0.1                      0
1.0E-5                   2.75E-5                  0.2                      0
1.0E-5                   2.75E-5                  0.30000000000000004      0
1.0E-5                   2.75E-5                  0.4                      0
1.0E-5                   2.75E-5                  0.5                      0
1.0E-5                   2.75E-5                  0.6000000000000001       0
1.0E-5                   2.75E-5                  0.7000000000000001       0
1.0E-5                   2.75E-5                  0.8                      0
1.0E-5                   2.75E-5                  0.9                      0
1.0E-5                   2.75E-5                  1                        9.711564736020112E-7
1.0E-5                   2.75E-5                  1.1                      1.8087631453200497E-6
1.0E-5                   2.75E-5                  1.2000000000000002       1.8243633303081305E-6
1.0E-5                   2.75E-5                  1.3                      1.8398697580923862E-6
1.0E-5                   2.75E-5                  1.4000000000000001       1.8552902263053655E-6
1.0E-5                   2.75E-5                  1.5                      1.8706255129430297E-6
1.0E-5                   2.75E-5                  1.6                      1.8858779790678637E-6
1.0E-5                   2.75E-5                  1.7000000000000002       1.9010476758700211E-6
1.0E-5                   2.75E-5                  1.8                      1.9161359251918504E-6
1.0E-5                   2.75E-5                  1.9000000000000001       1.9311463738143692E-6
1.0E-5                   2.75E-5                  2                        1.946080066124941E-6
1.0E-5                   2.75E-5                  5                        2.364397224195171E-6
1.0E-5                   2.75E-5                  10                       2.9675595050572198E-6
1.0E-5                   2.75E-5                  100                      8.747836270380206E-6
1.0E-5                   2.75E-5                  100                      8.747836270380206E-6
1.0E-5                   2.75E-5                  200                      1.2431755787377666E-5
1.0E-5                   2.75E-5                  300                      1.5252681455007509E-5
1.0E-5                   2.75E-5                  400                      1.7632042557514997E-5
1.0E-5                   2.75E-5                  500                      1.971562494546849E-5
1.0E-5                   2.75E-5                  600                      2.1596096597509425E-5
1.0E-5                   2.75E-5                  700                      2.3322062843579537E-5
1.0E-5                   2.75E-5                  800                      2.492869542746095E-5
1.0E-5                   2.75E-5                  900                      2.644415523656165E-5
1.0E-5                   2.75E-5                  1000                     2.7878922293454024E-5
1.0E-5                   2.75E-5                  2000                     3.9432180563090675E-5
1.0E-5                   2.75E-5                  3000                     4.826883386414368E-5
1.0E-5                   2.75E-5                  4000                     5.570499844996246E-5
1.0E-5                   2.75E-5                  5000                     6.226806535373567E-5
1.0E-5                   2.75E-5                  6000                     6.818117966098839E-5
1.0E-5                   2.75E-5                  7000                     7.362444924938166E-5
1.0E-5                   2.75E-5                  8000                     7.869263143752579E-5
1.0E-5                   2.75E-5                  9000                     8.343843736912361E-5
1.0E-5                   2.75E-5                  10000                    8.791613852014996E-5
1.0E-5                   2.75E-5                  20000                    1.2281832287374037E-4
1.0E-5                   2.75E-5                  30000                    1.45084815005696E-4
1.0E-5                   2.75E-5                  40000                    1.588883571091104E-4
1.0E-5                   2.75E-5                  50000                    1.6707482399000944E-4
1.0E-5                   2.75E-5                  60000                    1.7164722942653013E-4
1.0E-5                   2.75E-5                  70000                    1.7409223710495287E-4
1.0E-5                   2.75E-5                  80000                    1.7527570919255545E-4
1.0E-5                   2.75E-5                  90000                    1.7585417705292413E-4
1.0E-5                   2.75E-5                  100000                   1.7607615032848547E-4
1.0E-5                   2.75E-5                  110000                   1.7617260001567776E-4
1.0E-5                   2.75E-5                  120000                   1.7631201056575823E-4
1.0E-5                   2.75E-5                  130000                   1.7643169216289498E-4
1.0E-5                   2.75E-5                  140000                   1.7648819036137495E-4
1.0E-5                   2.75E-5                  150000                   1.7654061775079378E-4
1.0E-5                   2.75E-5                  160000                   1.7656706134953554E-4
1.0E-5                   2.75E-5                  170000                   1.7659147245669535E-4
1.0E-5                   2.75E-5                  180000                   1.766028818795796E-4
1.0E-5                   2.75E-5                  190000                   1.7661340450171681E-4
1.0E-5                   2.75E-5                  200000                   1.7661824873149313E-4
1.0E-5                   3.5000000000000004E-5    0                        0
1.0E-5                   3.5000000000000004E-5    0.1                      0
1.0E-5                   3.5000000000000004E-5    0.2                      0
1.0E-5                   3.5000000000000004E-5    0.30000000000000004      0
1.0E-5                   3.5000000000000004E-5    0.4                      0
1.0E-5                   3.5000000000000004E-5    0.5                      0
1.0E-5                   3.5000000000000004E-5    0.6000000000000001       0
1.0E-5                   3.5000000000000004E-5    0.7000000000000001       0
1.0E-5                   3.5000000000000004E-5    0.8                      0
1.0E-5                   3.5000000000000004E-5    0.9                      0
1.0E-5                   3.5000000000000004E-5    1                        9.519314412260024E-7
1.0E-5                   3.5000000000000004E-5    1.1                      1.7723786161728833E-6
1.0E-5                   3.5000000000000004E-5    1.2000000000000002       1.7884185905093796E-6
1.0E-5                   3.5000000000000004E-5    1.3                      1.804356030156563E-6
1.0E-5                   3.5000000000000004E-5    1.4000000000000001       1.8201996634755164E-6
1.0E-5                   3.5000000000000004E-5    1.5                      1.8359508503839229E-6
1.0E-5                   3.5000000000000004E-5    1.6                      1.851612684424888E-6
1.0E-5                   3.5000000000000004E-5    1.7000000000000002       1.8671851643373864E-6
1.0E-5                   3.5000000000000004E-5    1.8                      1.8826707217030689E-6
1.0E-5                   3.5000000000000004E-5    1.9000000000000001       1.8980731211597867E-6
1.0E-5                   3.5000000000000004E-5    2                        1.913393728705118E-6
1.0E-5                   3.5000000000000004E-5    5                        2.341779545026661E-6
1.0E-5                   3.5000000000000004E-5    10                       2.957831408291139E-6
1.0E-5                   3.5000000000000004E-5    100                      8.80499852920647E-6
1.0E-5                   3.5000000000000004E-5    100                      8.80499852920647E-6
1.0E-5                   3.5000000000000004E-5    200                      1.2514583452543507E-5
1.0E-5                   3.5000000000000004E-5    300                      1.5355995740506302E-5
1.0E-5                   3.5000000000000004E-5    400                      1.7752758070423355E-5
1.0E-5                   3.5000000000000004E-5    500                      1.985204277599549E-5
1.0E-5                   3.5000000000000004E-5    600                      2.174786568328424E-5
1.0E-5                   3.5000000000000004E-5    700                      2.3487939988106592E-5
1.0E-5                   3.5000000000000004E-5    800                      2.5108225440409546E-5
1.0E-5                   3.5000000000000004E-5    900                      2.663675463508175E-5
1.0E-5                   3.5000000000000004E-5    1000                     2.808431725434689E-5
1.0E-5                   3.5000000000000004E-5    2000                     3.973828357676661E-5
1.0E-5                   3.5000000000000004E-5    3000                     4.865382491871543E-5
1.0E-5                   3.5000000000000004E-5    4000                     5.6156515712968365E-5
1.0E-5                   3.5000000000000004E-5    5000                     6.277588291807733E-5
1.0E-5                   3.5000000000000004E-5    6000                     6.873617900879744E-5
1.0E-5                   3.5000000000000004E-5    7000                     7.422302730944066E-5
1.0E-5                   3.5000000000000004E-5    8000                     7.932764152294186E-5
1.0E-5                   3.5000000000000004E-5    9000                     8.410495821587198E-5
1.0E-5                   3.5000000000000004E-5    10000                    8.860959343978628E-5
1.0E-5                   3.5000000000000004E-5    20000                    1.2359878781151735E-4
1.0E-5                   3.5000000000000004E-5    30000                    1.4574897047917268E-4
1.0E-5                   3.5000000000000004E-5    40000                    1.593771849743321E-4
1.0E-5                   3.5000000000000004E-5    50000                    1.6738051939757818E-4
1.0E-5                   3.5000000000000004E-5    60000                    1.7180797840245636E-4
1.0E-5                   3.5000000000000004E-5    70000                    1.7415359642249461E-4
1.0E-5                   3.5000000000000004E-5    80000                    1.752846335239002E-4
1.0E-5                   3.5000000000000004E-5    90000                    1.7582634055861442E-4
1.0E-5                   3.5000000000000004E-5    100000                   1.7602168249086862E-4
1.0E-5                   3.5000000000000004E-5    110000                   1.7612371945274907E-4
1.0E-5                   3.5000000000000004E-5    120000                   1.7626290617983126E-4
1.0E-5                   3.5000000000000004E-5    130000                   1.7637174377646404E-4
1.0E-5                   3.5000000000000004E-5    140000                   1.7642830791524952E-4
1.0E-5                   3.5000000000000004E-5    150000                   1.7647620373009858E-4
1.0E-5                   3.5000000000000004E-5    160000                   1.7650253760619818E-4
1.0E-5                   3.5000000000000004E-5    170000                   1.7652455400001349E-4
1.0E-5                   3.5000000000000004E-5    180000                   1.765358211924198E-4
1.0E-5                   3.5000000000000004E-5    190000                   1.7654521790979048E-4
1.0E-5                   3.5000000000000004E-5    200000                   1.7654995580538267E-4
2.0E-5                   5.0E-6                   0                        0
2.0E-5                   5.0E-6                   0.1                      0
2.0E-5                   5.0E-6                   0.2                      0
2.0E-5                   5.0E-6                   0.30000000000000004      0
2.0E-5                   5.0E-6                   0.4                      0
2.0E-5                   5.0E-6                   0.5                      0
2.0E-5                   5.0E-6                   0.6000000000000001       0
2.0E-5                   5.0E-6                   0.7000000000000001       0
2.0E-5                   5.0E-6                   0.8                      0
2.0E-5                   5.0E-6                   0.9                      0
2.0E-5                   5.0E-6                   1                        9.395340973962789E-7
2.0E-5                   5.0E-6                   1.1                      1.760195664425078E-6
2.0E-5                   5.0E-6                   1.2000000000000002       1.7754105173135056E-6
2.0E-5                   5.0E-6                   1.3                      1.7906376537863354E-6
2.0E-5                   5.0E-6                   1.4000000000000001       1.8057744681787617E-6
2.0E-5                   5.0E-6                   1.5                      1.820844730304975E-6
2.0E-5                   5.0E-6                   1.6                      1.835861442131745E-6
2.0E-5                   5.0E-6                   1.7000000000000002       1.850739140513864E-6
2.0E-5                   5.0E-6                   1.8                      1.8655520190617545E-6
2.0E-5                   5.0E-6                   1.9000000000000001       1.8803178051821503E-6
2.0E-5                   5.0E-6                   2                        1.8950365945092259E-6
2.0E-5                   5.0E-6                   5                        2.308261989815268E-6
2.0E-5                   5.0E-6                   10                       2.90966932676649E-6
2.0E-5                   5.0E-6                   100                      8.628962636403759E-6
2.0E-5                   5.0E-6                   100                      8.628962636403759E-6
2.0E-5                   5.0E-6                   200                      1.2254861605457301E-5
2.0E-5                   5.0E-6                   300                      1.5030501790335917E-5
2.0E-5                   5.0E-6                   400                      1.7357542677595305E-5
2.0E-5                   5.0E-6                   500                      1.9401679542674006E-5
2.0E-5                   5.0E-6                   600                      2.1252479164823012E-5
2.0E-5                   5.0E-6                   700                      2.2961253767601296E-5
2.0E-5                   5.0E-6                   800                      2.45520998396179E-5
2.0E-5                   5.0E-6                   900                      2.6041268090544956E-5
2.0E-5                   5.0E-6                   1000                     2.7446858754030456E-5
2.0E-5                   5.0E-6                   2000                     3.882279928770985E-5
2.0E-5                   5.0E-6                   3000                     4.754254791110546E-5
2.0E-5                   5.0E-6                   4000                     5.4902150624942495E-5
2.0E-5                   5.0E-6                   5000                     6.137003570957984E-5
2.0E-5                   5.0E-6                   6000                     6.722426032909605E-5
2.0E-5                   5.0E-6                   7000                     7.261426406836728E-5
2.0E-5                   5.0E-6                   8000                     7.763185638712543E-5
2.0E-5                   5.0E-6                   9000                     8.234023412990164E-5
2.0E-5                   5.0E-6                   10000                    8.678596434222392E-5
2.0E-5                   5.0E-6                   20000                    1.2162925490579131E-4
2.0E-5                   5.0E-6                   30000                    1.4409580868135526E-4
2.0E-5                   5.0E-6                   40000                    1.5799802737205304E-4
2.0E-5                   5.0E-6                   50000                    1.6614870785499984E-4
2.0E-5                   5.0E-6                   60000                    1.707362437590277E-4
2.0E-5                   5.0E-6                   70000                    1.732532325145685E-4
2.0E-5                   5.0E-6                   80000                    1.746516710755621E-4
2.0E-5                   5.0E-6                   90000                    1.754183844373077E-4
2.0E-5                   5.0E-6                   100000                   1.7589562323274075E-4
2.0E-5                   5.0E-6                   110000                   1.762297443548814E-4
2.0E-5                   5.0E-6                   120000                   1.764423463197854E-4
2.0E-5                   5.0E-6                   130000                   1.7656858091123063E-4
2.0E-5                   5.0E-6                   140000                   1.7664847230549347E-4
2.0E-5                   5.0E-6                   150000                   1.7668899535840227E-4
2.0E-5                   5.0E-6                   160000                   1.7671244582107812E-4
2.0E-5                   5.0E-6                   170000                   1.767165978223244E-4
2.0E-5                   5.0E-6                   180000                   1.7671754363016176E-4
2.0E-5                   5.0E-6                   190000                   1.7671367766064768E-4
2.0E-5                   5.0E-6                   200000                   1.767094723191449E-4
2.0E-5                   1.25E-5                  0                        0
2.0E-5                   1.25E-5                  0.1                      0
2.0E-5                   1.25E-5                  0.2                      0
2.0E-5                   1.25E-5                  0.30000000000000004      0
2.0E-5                   1.25E-5                  0.4                      0
2.0E-5                   1.25E-5                  0.5                      0
2.0E-5                   1.25E-5                  0.6000000000000001       0
2.0E-5                   1.25E-5                  0.7000000000000001       0
2.0E-5                   1.25E-5                  0.8                      0
2.0E-5                   1.25E-5                  0.9                      0
2.0E-5                   1.25E-5                  1                        9.645623349236007E-7
2.0E-5                   1.25E-5                  1.1                      1.8061004803022737E-6
2.0E-5                   1.25E-5                  1.2000000000000002       1.820972405685357E-6
2.0E-5                   1.25E-5                  1.3                      1.8358711763435046E-6
2.0E-5                   1.25E-5                  1.4000000000000001       1.8506866627430432E-6
2.0E-5                   1.25E-5                  1.5                      1.8654408381214979E-6
2.0E-5                   1.25E-5                  1.6                      1.8801452726577587E-6
2.0E-5                   1.25E-5                  1.7000000000000002       1.8947217130360505E-6
2.0E-5                   1.25E-5                  1.8                      1.909238849082972E-6
2.0E-5                   1.25E-5                  1.9000000000000001       1.92371199847885E-6
2.0E-5                   1.25E-5                  2                        1.938141244149759E-6
2.0E-5                   1.25E-5                  5                        2.3446454480697172E-6
2.0E-5                   1.25E-5                  10                       2.939841044079397E-6
2.0E-5                   1.25E-5                  100                      8.668064043194405E-6
2.0E-5                   1.25E-5                  100                      8.668064043194405E-6
2.0E-5                   1.25E-5                  200                      1.2308042468122477E-5
2.0E-5                   1.25E-5                  300                      1.5086517475094763E-5
2.0E-5                   1.25E-5                  400                      1.7430432699196468E-5
2.0E-5                   1.25E-5                  500                      1.949902549451472E-5
2.0E-5                   1.25E-5                  600                      2.1364744070239478E-5
2.0E-5                   1.25E-5                  700                      2.3074902817355532E-5
2.0E-5                   1.25E-5                  800                      2.4664665979888234E-5
2.0E-5                   1.25E-5                  900                      2.6155029326769054E-5
2.0E-5                   1.25E-5                  1000                     2.7563702704915364E-5
2.0E-5                   1.25E-5                  2000                     3.8973018216088686E-5
2.0E-5                   1.25E-5                  3000                     4.773009732704985E-5
2.0E-5                   1.25E-5                  4000                     5.509781329430048E-5
2.0E-5                   1.25E-5                  5000                     6.157596564177073E-5
2.0E-5                   1.25E-5                  6000                     6.744677581654975E-5
2.0E-5                   1.25E-5                  7000                     7.285232032660605E-5
2.0E-5                   1.25E-5                  8000                     7.787092666652507E-5
2.0E-5                   1.25E-5                  9000                     8.257639029575075E-5
2.0E-5                   1.25E-5                  10000                    8.70178417937424E-5
2.0E-5                   1.25E-5                  20000                    1.2184443686649051E-4
2.0E-5                   1.25E-5                  30000                    1.442407355853069E-4
2.0E-5                   1.25E-5                  40000                    1.5804625156492006E-4
2.0E-5                   1.25E-5                  50000                    1.661030169909514E-4
2.0E-5                   1.25E-5                  60000                    1.7062201261466785E-4
2.0E-5                   1.25E-5                  70000                    1.730793749585147E-4
2.0E-5                   1.25E-5                  80000                    1.744012171020077E-4
2.0E-5                   1.25E-5                  90000                    1.7513765214969022E-4
2.0E-5                   1.25E-5                  100000                   1.7561548216449047E-4
2.0E-5                   1.25E-5                  110000                   1.7592789967025327E-4
2.0E-5                   1.25E-5                  120000                   1.7614218420926973E-4
2.0E-5                   1.25E-5                  130000                   1.7628562036807964E-4
2.0E-5                   1.25E-5                  140000                   1.7636553072579393E-4
2.0E-5                   1.25E-5                  150000                   1.7641368787488243E-4
2.0E-5                   1.25E-5                  160000                   1.764321875302893E-4
2.0E-5                   1.25E-5                  170000                   1.7644027767555904E-4
2.0E-5                   1.25E-5                  180000                   1.7643943905301722E-4
2.0E-5                   1.25E-5                  190000                   1.7643667347201863E-4
2.0E-5                   1.25E-5                  200000                   1.76432637612165E-4
2.0E-5                   2.0E-5                   0                        0
2.0E-5                   2.0E-5                   0.1                      0
2.0E-5                   2.0E-5                   0.2                      0
2.0E-5                   2.0E-5                   0.30000000000000004      0
2.0E-5                   2.0E-5                   0.4                      0
2.0E-5                   2.0E-5                   0.5                      0
2.0E-5                   2.0E-5                   0.6000000000000001       0
2.0E-5                   2.0E-5                   0.7000000000000001       0
2.0E-5                   2.0E-5                   0.8                      0
2.0E-5                   2.0E-5                   0.9                      0
2.0E-5                   2.0E-5                   1                        9.616767107928858E-7
2.0E-5                   2.0E-5                   1.1                      1.8001166627078682E-6
2.0E-5                   2.0E-5                   1.2000000000000002       1.8155499677842611E-6
2.0E-5                   2.0E-5                   1.3                      1.8308042432124544E-6
2.0E-5                   2.0E-5                   1.4000000000000001       1.8459847840290753E-6
2.0E-5                   2.0E-5                   1.5                      1.8610896938313589E-6
2.0E-5                   2.0E-5                   1.6                      1.87609826087489E-6
2.0E-5                   2.0E-5                   1.7000000000000002       1.8910550259410282E-6
2.0E-5                   2.0E-5                   1.8                      1.9059441231427787E-6
2.0E-5                   2.0E-5                   1.9000000000000001       1.920749192787669E-6
2.0E-5                   2.0E-5                   2                        1.9355061770005927E-6
2.0E-5                   2.0E-5                   5                        2.3503700554245705E-6
2.0E-5                   2.0E-5                   10                       2.9522301882663454E-6
2.0E-5                   2.0E-5                   100                      8.73115927896003E-6
2.0E-5                   2.0E-5                   100                      8.73115927896003E-6
2.0E-5                   2.0E-5                   200                      1.2405789222030077E-5
2.0E-5                   2.0E-5                   300                      1.5210501941991748E-5
2.0E-5                   2.0E-5                   400                      1.7561209848440342E-5
2.0E-5                   2.0E-5                   500                      1.9636239770704735E-5
2.0E-5                   2.0E-5                   600                      2.1514000482174977E-5
2.0E-5                   2.0E-5                   700                      2.3239082070484447E-5
2.0E-5                   2.0E-5                   800                      2.484226956725361E-5
2.0E-5                   2.0E-5                   900                      2.6347048836336766E-5
2.0E-5                   2.0E-5                   1000                     2.7771756919272196E-5
2.0E-5                   2.0E-5                   2000                     3.92587625751507E-5
2.0E-5                   2.0E-5                   3000                     4.806471566678708E-5
2.0E-5                   2.0E-5                   4000                     5.547305426566847E-5
2.0E-5                   2.0E-5                   5000                     6.200142462372865E-5
2.0E-5                   2.0E-5                   6000                     6.790022451169278E-5
2.0E-5                   2.0E-5                   7000                     7.332088288888885E-5
2.0E-5                   2.0E-5                   8000                     7.83602618487884E-5
2.0E-5                   2.0E-5                   9000                     8.308610781929707E-5
2.0E-5                   2.0E-5                   10000                    8.755035224032167E-5
2.0E-5                   2.0E-5                   20000                    1.2237209739995864E-4
2.0E-5                   2.0E-5                   30000                    1.4464676843394227E-4
2.0E-5                   2.0E-5                   40000                    1.5842338153750088E-4
2.0E-5                   2.0E-5                   50000                    1.6654347593177582E-4
2.0E-5                   2.0E-5                   60000                    1.7111305133377523E-4
2.0E-5                   2.0E-5                   70000                    1.7355083418966056E-4
2.0E-5                   2.0E-5                   80000                    1.7465587830208112E-4
2.0E-5                   2.0E-5                   90000                    1.7517975972211657E-4
2.0E-5                   2.0E-5                   100000                   1.7556346496160692E-4
2.0E-5                   2.0E-5                   110000                   1.7574402645020672E-4
2.0E-5                   2.0E-5                   120000                   1.7588392296646278E-4
2.0E-5                   2.0E-5                   130000                   1.7596308480194531E-4
2.0E-5                   2.0E-5                   140000                   1.760264374857706E-4
2.0E-5                   2.0E-5                   150000                   1.7606263597378223E-4
2.0E-5                   2.0E-5                   160000                   1.7609143529792622E-4
2.0E-5                   2.0E-5                   170000                   1.761075145363712E-4
2.0E-5                   2.0E-5                   180000                   1.7612030578737496E-4
2.0E-5                   2.0E-5                   190000                   1.7612744233963266E-4
2.0E-5                   2.0E-5                   200000                   1.7613311928130386E-4
2.0E-5                   2.75E-5                  0                        0
2.0E-5                   2.75E-5                  0.1                      0
2.0E-5                   2.75E-5                  0.2                      0
2.0E-5                   2.75E-5                  0.30000000000000004      0
2.0E-5                   2.75E-5                  0.4                      0
2.0E-5                   2.75E-5                  0.5                      0
2.0E-5                   2.75E-5                  0.6000000000000001       0
2.0E-5                   2.75E-5                  0.7000000000000001       0
2.0E-5                   2.75E-5                  0.8                      0
2.0E-5                   2.75E-5                  0.9                      0
2.0E-5                   2.75E-5                  1                        9.673730566056658E-7
2.0E-5                   2.75E-5                  1.1                      1.8106385658375831E-6
2.0E-5                   2.75E-5                  1.2000000000000002       1.8262484765878797E-6
2.0E-5                   2.75E-5                  1.3                      1.8416810762284419E-6
2.0E-5                   2.75E-5                  1.4000000000000001       1.8570249269567861E-6
2.0E-5                   2.75E-5                  1.5                      1.8722973604878872E-6
2.0E-5                   2.75E-5                  1.6                      1.8875157035131097E-6
2.0E-5                   2.75E-5                  1.7000000000000002       1.9025995906392922E-6
2.0E-5                   2.75E-5                  1.8                      1.917609979632202E-6
2.0E-5                   2.75E-5                  1.9000000000000001       1.932573039023522E-6
2.0E-5                   2.75E-5                  2                        1.9474888699564685E-6
2.0E-5                   2.75E-5                  5                        2.367945727490141E-6
2.0E-5                   2.75E-5                  10                       2.977217736468308E-6
2.0E-5                   2.75E-5                  100                      8.809984210275938E-6
2.0E-5                   2.75E-5                  100                      8.809984210275938E-6
2.0E-5                   2.75E-5                  200                      1.2512059246963851E-5
2.0E-5                   2.75E-5                  300                      1.5348609467861608E-5
2.0E-5                   2.75E-5                  400                      1.7731651811162926E-5
2.0E-5                   2.75E-5                  500                      1.9823455950524776E-5
2.0E-5                   2.75E-5                  600                      2.17090709391305E-5
2.0E-5                   2.75E-5                  700                      2.3442377199675618E-5
2.0E-5                   2.75E-5                  800                      2.5062251148206647E-5
2.0E-5                   2.75E-5                  900                      2.658616728438101E-5
2.0E-5                   2.75E-5                  1000                     2.8027898868765323E-5
2.0E-5                   2.75E-5                  2000                     3.9621191678644384E-5
2.0E-5                   2.75E-5                  3000                     4.848392771200763E-5
2.0E-5                   2.75E-5                  4000                     5.596040690404188E-5
2.0E-5                   2.75E-5                  5000                     6.253869940878747E-5
2.0E-5                   2.75E-5                  6000                     6.847552146395391E-5
2.0E-5                   2.75E-5                  7000                     7.394227851852398E-5
2.0E-5                   2.75E-5                  8000                     7.901673342250943E-5
2.0E-5                   2.75E-5                  9000                     8.377174235409854E-5
2.0E-5                   2.75E-5                  10000                    8.825650379949788E-5
2.0E-5                   2.75E-5                  20000                    1.2313960454684247E-4
2.0E-5                   2.75E-5                  30000                    1.4520996809085768E-4
2.0E-5                   2.75E-5                  40000                    1.587390770937151E-4
2.0E-5                   2.75E-5                  50000                    1.6663784356239674E-4
2.0E-5                   2.75E-5                  60000                    1.7104287400643178E-4
2.0E-5                   2.75E-5                  70000                    1.7335416815720154E-4
2.0E-5                   2.75E-5                  80000                    1.7441577088682397E-4
2.0E-5                   2.75E-5                  90000                    1.7502610720898683E-4
2.0E-5                   2.75E-5                  100000                   1.753491055641254E-4
2.0E-5                   2.75E-5                  110000                   1.7553077604522114E-4
2.0E-5                   2.75E-5                  120000                   1.7564682878752914E-4
2.0E-5                   2.75E-5                  130000                   1.7572358229272087E-4
2.0E-5                   2.75E-5                  140000                   1.7576747840215108E-4
2.0E-5                   2.75E-5                  150000                   1.7580206069267313E-4
2.0E-5                   2.75E-5                  160000                   1.758219987693092E-4
2.0E-5                   2.75E-5                  170000                   1.7583760031501656E-4
2.0E-5                   2.75E-5                  180000                   1.758463804268819E-4
2.0E-5                   2.75E-5                  190000                   1.758532491590899E-4
2.0E-5                   2.75E-5                  200000                   1.7585711065058477E-4
2.0E-5                   3.5000000000000004E-5    0                        0
2.0E-5                   3.5000000000000004E-5    0.1                      0
2.0E-5                   3.5000000000000004E-5    0.2                      0
2.0E-5                   3.5000000000000004E-5    0.30000000000000004      0
2.0E-5                   3.5000000000000004E-5    0.4                      0
2.0E-5                   3.5000000000000004E-5    0.5                      0
2.0E-5                   3.5000000000000004E-5    0.6000000000000001       0
2.0E-5                   3.5000000000000004E-5    0.7000000000000001       0
2.0E-5                   3.5000000000000004E-5    0.8                      0
2.0E-5                   3.5000000000000004E-5    0.9                      0
2.0E-5                   3.5000000000000004E-5    1                        9.694956914412357E-7
2.0E-5                   3.5000000000000004E-5    1.1                      1.813953180212431E-6
2.0E-5                   3.5000000000000004E-5    1.2000000000000002       1.829727905890761E-6
2.0E-5                   3.5000000000000004E-5    1.3                      1.8453207841436616E-6
2.0E-5                   3.5000000000000004E-5    1.4000000000000001       1.8608230452261562E-6
2.0E-5                   3.5000000000000004E-5    1.5                      1.87625347732858E-6
2.0E-5                   3.5000000000000004E-5    1.6                      1.8916297549335222E-6
2.0E-5                   3.5000000000000004E-5    1.7000000000000002       1.9069150676167821E-6
2.0E-5                   3.5000000000000004E-5    1.8                      1.9221386433483515E-6
2.0E-5                   3.5000000000000004E-5    1.9000000000000001       1.937312059657494E-6
2.0E-5                   3.5000000000000004E-5    2                        1.952333278756458E-6
2.0E-5                   3.5000000000000004E-5    5                        2.3773201136825727E-6
2.0E-5                   3.5000000000000004E-5    10                       2.9947879243538107E-6
2.0E-5                   3.5000000000000004E-5    100                      8.899370860920818E-6
2.0E-5                   3.5000000000000004E-5    100                      8.899370860920818E-6
2.0E-5                   3.5000000000000004E-5    200                      1.2646734197237548E-5
2.0E-5                   3.5000000000000004E-5    300                      1.550142557137368E-5
2.0E-5                   3.5000000000000004E-5    400                      1.7910193615555E-5
2.0E-5                   3.5000000000000004E-5    500                      2.002820786850329E-5
2.0E-5                   3.5000000000000004E-5    600                      2.194136247985629E-5
2.0E-5                   3.5000000000000004E-5    700                      2.3702153682980913E-5
2.0E-5                   3.5000000000000004E-5    800                      2.5341070901714614E-5
2.0E-5                   3.5000000000000004E-5    900                      2.68784044135767E-5
2.0E-5                   3.5000000000000004E-5    1000                     2.8331399910146157E-5
2.0E-5                   3.5000000000000004E-5    2000                     4.005738091716278E-5
2.0E-5                   3.5000000000000004E-5    3000                     4.903428135196768E-5
2.0E-5                   3.5000000000000004E-5    4000                     5.659308335404797E-5
2.0E-5                   3.5000000000000004E-5    5000                     6.323531497269207E-5
2.0E-5                   3.5000000000000004E-5    6000                     6.92272546461546E-5
2.0E-5                   3.5000000000000004E-5    7000                     7.47328933287037E-5
2.0E-5                   3.5000000000000004E-5    8000                     7.984548252872205E-5
2.0E-5                   3.5000000000000004E-5    9000                     8.463194323681307E-5
2.0E-5                   3.5000000000000004E-5    10000                    8.914614258108424E-5
2.0E-5                   3.5000000000000004E-5    20000                    1.2409479553711684E-4
2.0E-5                   3.5000000000000004E-5    30000                    1.4598857638236577E-4
2.0E-5                   3.5000000000000004E-5    40000                    1.591044978897752E-4
2.0E-5                   3.5000000000000004E-5    50000                    1.6652830090345E-4
2.0E-5                   3.5000000000000004E-5    60000                    1.706017397995774E-4
2.0E-5                   3.5000000000000004E-5    70000                    1.7276867406716944E-4
2.0E-5                   3.5000000000000004E-5    80000                    1.7393092467925754E-4
2.0E-5                   3.5000000000000004E-5    90000                    1.7460406750891927E-4
2.0E-5                   3.5000000000000004E-5    100000                   1.7500961869334976E-4
2.0E-5                   3.5000000000000004E-5    110000                   1.7526263745734662E-4
2.0E-5                   3.5000000000000004E-5    120000                   1.7541920768435548E-4
2.0E-5                   3.5000000000000004E-5    130000                   1.7552248729837898E-4
2.0E-5                   3.5000000000000004E-5    140000                   1.7557100696021777E-4
2.0E-5                   3.5000000000000004E-5    150000                   1.75602333719209E-4
2.0E-5                   3.5000000000000004E-5    160000                   1.7560589094655016E-4
2.0E-5                   3.5000000000000004E-5    170000                   1.7560936358140632E-4
2.0E-5                   3.5000000000000004E-5    180000                   1.7560354391265705E-4
2.0E-5                   3.5000000000000004E-5    190000                   1.7559895277951263E-4
2.0E-5                   3.5000000000000004E-5    200000                   1.7559471777719743E-4
5.0E-5                   5.0E-6                   0                        0
5.0E-5                   5.0E-6                   0.1                      0
5.0E-5                   5.0E-6                   0.2                      0
5.0E-5                   5.0E-6                   0.30000000000000004      0
5.0E-5                   5.0E-6                   0.4                      0
5.0E-5                   5.0E-6                   0.5                      0
5.0E-5                   5.0E-6                   0.6000000000000001       0
5.0E-5                   5.0E-6                   0.7000000000000001       0
5.0E-5                   5.0E-6                   0.8                      0
5.0E-5                   5.0E-6                   0.9                      0
5.0E-5                   5.0E-6                   1                        9.463628770893391E-7
5.0E-5                   5.0E-6                   1.1                      1.7725828088849564E-6
5.0E-5                   5.0E-6                   1.2000000000000002       1.7876514165741058E-6
5.0E-5                   5.0E-6                   1.3                      1.8027377560429482E-6
5.0E-5                   5.0E-6                   1.4000000000000001       1.8177377188710705E-6
5.0E-5                   5.0E-6                   1.5                      1.832673834181183E-6
5.0E-5                   5.0E-6                   1.6                      1.8475583022395596E-6
5.0E-5                   5.0E-6                   1.7000000000000002       1.862310007336252E-6
5.0E-5                   5.0E-6                   1.8                      1.876999561044585E-6
5.0E-5                   5.0E-6                   1.9000000000000001       1.891643461267845E-6
5.0E-5                   5.0E-6                   2                        1.9062417970530198E-6
5.0E-5                   5.0E-6                   5                        2.31658066599562E-6
5.0E-5                   5.0E-6                   10                       2.9160868787726867E-6
5.0E-5                   5.0E-6                   100                      8.628415064480913E-6
5.0E-5                   5.0E-6                   100                      8.628415064480913E-6
5.0E-5                   5.0E-6                   200                      1.2252876097618835E-5
5.0E-5                   5.0E-6                   300                      1.5019824815640672E-5
5.0E-5                   5.0E-6                   400                      1.735436855243709E-5
5.0E-5                   5.0E-6                   500                      1.941490504247184E-5
5.0E-5                   5.0E-6                   600                      2.1271281618585026E-5
5.0E-5                   5.0E-6                   700                      2.297464333458036E-5
5.0E-5                   5.0E-6                   800                      2.4558739863031505E-5
5.0E-5                   5.0E-6                   900                      2.6043912198217012E-5
5.0E-5                   5.0E-6                   1000                     2.7448107430400386E-5
5.0E-5                   5.0E-6                   2000                     3.882371906457725E-5
5.0E-5                   5.0E-6                   3000                     4.75626977565424E-5
5.0E-5                   5.0E-6                   4000                     5.491234670240285E-5
5.0E-5                   5.0E-6                   5000                     6.13808043614757E-5
5.0E-5                   5.0E-6                   6000                     6.7247581068599E-5
5.0E-5                   5.0E-6                   7000                     7.264359808297941E-5
5.0E-5                   5.0E-6                   8000                     7.765289683637296E-5
5.0E-5                   5.0E-6                   9000                     8.235179944141277E-5
5.0E-5                   5.0E-6                   10000                    8.678954526498561E-5
5.0E-5                   5.0E-6                   20000                    1.2157478777502899E-4
5.0E-5                   5.0E-6                   30000                    1.4388715332521118E-4
5.0E-5                   5.0E-6                   40000                    1.575948146516645E-4
5.0E-5                   5.0E-6                   50000                    1.6556839265028124E-4
5.0E-5                   5.0E-6                   60000                    1.700189576782998E-4
5.0E-5                   5.0E-6                   70000                    1.724378713924861E-4
5.0E-5                   5.0E-6                   80000                    1.7377544800445136E-4
5.0E-5                   5.0E-6                   90000                    1.7451639162265265E-4
5.0E-5                   5.0E-6                   100000                   1.749669185871545E-4
5.0E-5                   5.0E-6                   110000                   1.752888471880839E-4
5.0E-5                   5.0E-6                   120000                   1.7549085182599252E-4
5.0E-5                   5.0E-6                   130000                   1.756067345811274E-4
5.0E-5                   5.0E-6                   140000                   1.7568416094223928E-4
5.0E-5                   5.0E-6                   150000                   1.7571951214396945E-4
5.0E-5                   5.0E-6                   160000                   1.757421800333872E-4
5.0E-5                   5.0E-6                   170000                   1.7574363220577323E-4
5.0E-5                   5.0E-6                   180000                   1.7574508176963644E-4
5.0E-5                   5.0E-6                   190000                   1.7574037301891707E-4
5.0E-5                   5.0E-6                   200000                   1.7573657229613785E-4
5.0E-5                   1.25E-5                  0                        0
5.0E-5                   1.25E-5                  0.1                      0
5.0E-5                   1.25E-5                  0.2                      0
5.0E-5                   1.25E-5                  0.30000000000000004      0
5.0E-5                   1.25E-5                  0.4                      0
5.0E-5                   1.25E-5                  0.5                      0
5.0E-5                   1.25E-5                  0.6000000000000001       0
5.0E-5                   1.25E-5                  0.7000000000000001       0
5.0E-5                   1.25E-5                  0.8                      0
5.0E-5                   1.25E-5                  0.9                      0
5.0E-5                   1.25E-5                  1                        9.46613416314309E-7
5.0E-5                   1.25E-5                  1.1                      1.7724464922031274E-6
5.0E-5                   1.25E-5                  1.2000000000000002       1.787814506591874E-6
5.0E-5                   1.25E-5                  1.3                      1.8030132059363853E-6
5.0E-5                   1.25E-5                  1.4000000000000001       1.818128021106085E-6
5.0E-5                   1.25E-5                  1.5                      1.8331745072125795E-6
5.0E-5                   1.25E-5                  1.6                      1.8481689403756072E-6
5.0E-5                   1.25E-5                  1.7000000000000002       1.8630366768779084E-6
5.0E-5                   1.25E-5                  1.8                      1.8778333748810536E-6
5.0E-5                   1.25E-5                  1.9000000000000001       1.8925840977094506E-6
5.0E-5                   1.25E-5                  2                        1.9072889343381923E-6
5.0E-5                   1.25E-5                  5                        2.320802903239585E-6
5.0E-5                   1.25E-5                  10                       2.9240558365340356E-6
5.0E-5                   1.25E-5                  100                      8.672782862551318E-6
5.0E-5                   1.25E-5                  100                      8.672782862551318E-6
5.0E-5                   1.25E-5                  200                      1.2314294765467768E-5
5.0E-5                   1.25E-5                  300                      1.509415374450586E-5
5.0E-5                   1.25E-5                  400                      1.7439223376893304E-5
5.0E-5                   1.25E-5                  500                      1.9509617114463598E-5
5.0E-5                   1.25E-5                  600                      2.137614695624569E-5
5.0E-5                   1.25E-5                  700                      2.3087851865665157E-5
5.0E-5                   1.25E-5                  800                      2.467930350064794E-5
5.0E-5                   1.25E-5                  900                      2.617113541909285E-5
5.0E-5                   1.25E-5                  1000                     2.7581404911362373E-5
5.0E-5                   1.25E-5                  2000                     3.9005999415740775E-5
5.0E-5                   1.25E-5                  3000                     4.777865017277921E-5
5.0E-5                   1.25E-5                  4000                     5.515817503801684E-5
5.0E-5                   1.25E-5                  5000                     6.164876997872073E-5
5.0E-5                   1.25E-5                  6000                     6.75324539272408E-5
5.0E-5                   1.25E-5                  7000                     7.294757489005606E-5
5.0E-5                   1.25E-5                  8000                     7.797355987325105E-5
5.0E-5                   1.25E-5                  9000                     8.268565129266327E-5
5.0E-5                   1.25E-5                  10000                    8.71319227175085E-5
5.0E-5                   1.25E-5                  20000                    1.2181996676020701E-4
5.0E-5                   1.25E-5                  30000                    1.4377352987223513E-4
5.0E-5                   1.25E-5                  40000                    1.5705179810105398E-4
5.0E-5                   1.25E-5                  50000                    1.6464696256304645E-4
5.0E-5                   1.25E-5                  60000                    1.6881256855021543E-4
5.0E-5                   1.25E-5                  70000                    1.7102207984300474E-4
5.0E-5                   1.25E-5                  80000                    1.7221934049159503E-4
5.0E-5                   1.25E-5                  90000                    1.7285522211375105E-4
5.0E-5                   1.25E-5                  100000                   1.7327828504062155E-4
5.0E-5                   1.25E-5                  110000                   1.7356627085310814E-4
5.0E-5                   1.25E-5                  120000                   1.737560290758392E-4
5.0E-5                   1.25E-5                  130000                   1.7388429889534908E-4
5.0E-5                   1.25E-5                  140000                   1.7394792996683372E-4
5.0E-5                   1.25E-5                  150000                   1.73991763805227E-4
5.0E-5                   1.25E-5                  160000                   1.7400202349827432E-4
5.0E-5                   1.25E-5                  170000                   1.7401018166093737E-4
5.0E-5                   1.25E-5                  180000                   1.7400644767810402E-4
5.0E-5                   1.25E-5                  190000                   1.7400442110586544E-4
5.0E-5                   1.25E-5                  200000                   1.7399982534408766E-4
5.0E-5                   2.0E-5                   0                        0
5.0E-5                   2.0E-5                   0.1                      0
5.0E-5                   2.0E-5                   0.2                      0
5.0E-5                   2.0E-5                   0.30000000000000004      0
5.0E-5                   2.0E-5                   0.4                      0
5.0E-5                   2.0E-5                   0.5                      0
5.0E-5                   2.0E-5                   0.6000000000000001       0
5.0E-5                   2.0E-5                   0.7000000000000001       0
5.0E-5                   2.0E-5                   0.8                      0
5.0E-5                   2.0E-5                   0.9                      0
5.0E-5                   2.0E-5                   1                        9.59679448005811E-7
5.0E-5                   2.0E-5                   1.1                      1.796228262413861E-6
5.0E-5                   2.0E-5                   1.2000000000000002       1.8117315601139008E-6
5.0E-5                   2.0E-5                   1.3                      1.8270605685300702E-6
5.0E-5                   2.0E-5                   1.4000000000000001       1.8423040639171187E-6
5.0E-5                   2.0E-5                   1.5                      1.857478773428808E-6
5.0E-5                   2.0E-5                   1.6                      1.8726005696028004E-6
5.0E-5                   2.0E-5                   1.7000000000000002       1.8875922219940486E-6
5.0E-5                   2.0E-5                   1.8                      1.9025136990701365E-6
5.0E-5                   2.0E-5                   1.9000000000000001       1.917388438281134E-6
5.0E-5                   2.0E-5                   2                        1.9322165354605215E-6
5.0E-5                   2.0E-5                   5                        2.3487773242278033E-6
5.0E-5                   2.0E-5                   10                       2.956770680793784E-6
5.0E-5                   2.0E-5                   100                      8.748922972279432E-6
5.0E-5                   2.0E-5                   100                      8.748922972279432E-6
5.0E-5                   2.0E-5                   200                      1.242441967280872E-5
5.0E-5                   2.0E-5                   300                      1.5229228732580232E-5
5.0E-5                   2.0E-5                   400                      1.759557609532325E-5
5.0E-5                   2.0E-5                   500                      1.9683612990725838E-5
5.0E-5                   2.0E-5                   600                      2.1563992821814537E-5
5.0E-5                   2.0E-5                   700                      2.3289376471436084E-5
5.0E-5                   2.0E-5                   800                      2.489349840693168E-5
5.0E-5                   2.0E-5                   900                      2.6397595090440177E-5
5.0E-5                   2.0E-5                   1000                     2.7819780785843978E-5
5.0E-5                   2.0E-5                   2000                     3.933715084697694E-5
5.0E-5                   2.0E-5                   3000                     4.8178489711989356E-5
5.0E-5                   2.0E-5                   4000                     5.560825904608406E-5
5.0E-5                   2.0E-5                   5000                     6.214574386471477E-5
5.0E-5                   2.0E-5                   6000                     6.80724285896275E-5
5.0E-5                   2.0E-5                   7000                     7.351652479599233E-5
5.0E-5                   2.0E-5                   8000                     7.856691843174937E-5
5.0E-5                   2.0E-5                   9000                     8.329921442837125E-5
5.0E-5                   2.0E-5                   10000                    8.776343912022811E-5
5.0E-5                   2.0E-5                   20000                    1.2233742863527658E-4
5.0E-5                   2.0E-5                   30000                    1.4383634254248653E-4
5.0E-5                   2.0E-5                   40000                    1.5659661128929607E-4
5.0E-5                   2.0E-5                   50000                    1.637544271645621E-4
5.0E-5                   2.0E-5                   60000                    1.6759382446503938E-4
5.0E-5                   2.0E-5                   70000                    1.695900776504908E-4
5.0E-5                   2.0E-5                   80000                    1.7067401196495054E-4
5.0E-5                   2.0E-5                   90000                    1.7129419397375834E-4
5.0E-5                   2.0E-5                   100000                   1.7164862193433419E-4
5.0E-5                   2.0E-5                   110000                   1.7191631197566626E-4
5.0E-5                   2.0E-5                   120000                   1.720849522328699E-4
5.0E-5                   2.0E-5                   130000                   1.7218877724048143E-4
5.0E-5                   2.0E-5                   140000                   1.722408177728248E-4
5.0E-5                   2.0E-5                   150000                   1.7226922534396044E-4
5.0E-5                   2.0E-5                   160000                   1.7227431959086515E-4
5.0E-5                   2.0E-5                   170000                   1.7227606642652708E-4
5.0E-5                   2.0E-5                   180000                   1.7227077250944243E-4
5.0E-5                   2.0E-5                   190000                   1.7226691548988238E-4
5.0E-5                   2.0E-5                   200000                   1.7226242275445513E-4
5.0E-5                   2.75E-5                  0                        0
5.0E-5                   2.75E-5                  0.1                      0
5.0E-5                   2.75E-5                  0.2                      0
5.0E-5                   2.75E-5                  0.30000000000000004      0
5.0E-5                   2.75E-5                  0.4                      0
5.0E-5                   2.75E-5                  0.5                      0
5.0E-5                   2.75E-5                  0.6000000000000001       0
5.0E-5                   2.75E-5                  0.7000000000000001       0
5.0E-5                   2.75E-5                  0.8                      0
5.0E-5                   2.75E-5                  0.9                      0
5.0E-5                   2.75E-5                  1                        9.713288268136957E-7
5.0E-5                   2.75E-5                  1.1                      1.8171479613644342E-6
5.0E-5                   2.75E-5                  1.2000000000000002       1.832819012254009E-6
5.0E-5                   2.75E-5                  1.3                      1.8483105413046504E-6
5.0E-5                   2.75E-5                  1.4000000000000001       1.8637145165123647E-6
5.0E-5                   2.75E-5                  1.5                      1.879048915012434E-6
5.0E-5                   2.75E-5                  1.6                      1.8943295972070275E-6
5.0E-5                   2.75E-5                  1.7000000000000002       1.9094763004737494E-6
5.0E-5                   2.75E-5                  1.8                      1.9245530042548014E-6
5.0E-5                   2.75E-5                  1.9000000000000001       1.9395823926910837E-6
5.0E-5                   2.75E-5                  2                        1.9545645595581233E-6
5.0E-5                   2.75E-5                  5                        2.3755991231350963E-6
5.0E-5                   2.75E-5                  10                       2.989445489966319E-6
5.0E-5                   2.75E-5                  100                      8.858947283419751E-6
5.0E-5                   2.75E-5                  100                      8.858947283419751E-6
5.0E-5                   2.75E-5                  200                      1.2579304121052254E-5
5.0E-5                   2.75E-5                  300                      1.5417759290549416E-5
5.0E-5                   2.75E-5                  400                      1.7811947545723565E-5
5.0E-5                   2.75E-5                  500                      1.992496472210221E-5
5.0E-5                   2.75E-5                  600                      2.1828780464320807E-5
5.0E-5                   2.75E-5                  700                      2.357557996306238E-5
5.0E-5                   2.75E-5                  800                      2.5199683954463622E-5
5.0E-5                   2.75E-5                  900                      2.6721866013568993E-5
5.0E-5                   2.75E-5                  1000                     2.816072203457487E-5
5.0E-5                   2.75E-5                  2000                     3.980990321931891E-5
5.0E-5                   2.75E-5                  3000                     4.874831484423491E-5
5.0E-5                   2.75E-5                  4000                     5.6258660458566976E-5
5.0E-5                   2.75E-5                  5000                     6.285960384587085E-5
5.0E-5                   2.75E-5                  6000                     6.883791700520668E-5
5.0E-5                   2.75E-5                  7000                     7.432952713054902E-5
5.0E-5                   2.75E-5                  8000                     7.941639017942883E-5
5.0E-5                   2.75E-5                  9000                     8.41752434469241E-5
5.0E-5                   2.75E-5                  10000                    8.865510783949073E-5
5.0E-5                   2.75E-5                  20000                    1.2301180587528438E-4
5.0E-5                   2.75E-5                  30000                    1.439497022920796E-4
5.0E-5                   2.75E-5                  40000                    1.561392311851504E-4
5.0E-5                   2.75E-5                  50000                    1.628492351705224E-4
5.0E-5                   2.75E-5                  60000                    1.6637618467999234E-4
5.0E-5                   2.75E-5                  70000                    1.6815470909339224E-4
5.0E-5                   2.75E-5                  80000                    1.691074292127524E-4
5.0E-5                   2.75E-5                  90000                    1.6961140112002943E-4
5.0E-5                   2.75E-5                  100000                   1.6994779312228615E-4
5.0E-5                   2.75E-5                  110000                   1.7018935677070248E-4
5.0E-5                   2.75E-5                  120000                   1.7034459660328035E-4
5.0E-5                   2.75E-5                  130000                   1.7044585647018215E-4
5.0E-5                   2.75E-5                  140000                   1.7049400997053892E-4
5.0E-5                   2.75E-5                  150000                   1.7052585652299113E-4
5.0E-5                   2.75E-5                  160000                   1.705311813380453E-4
5.0E-5                   2.75E-5                  170000                   1.7053564106255304E-4
5.0E-5                   2.75E-5                  180000                   1.7053116886356443E-4
5.0E-5                   2.75E-5                  190000                   1.705286759380251E-4
5.0E-5                   2.75E-5                  200000                   1.7052462071755979E-4
5.0E-5                   3.5000000000000004E-5    0                        0
5.0E-5                   3.5000000000000004E-5    0.1                      0
5.0E-5                   3.5000000000000004E-5    0.2                      0
5.0E-5                   3.5000000000000004E-5    0.30000000000000004      0
5.0E-5                   3.5000000000000004E-5    0.4                      0
5.0E-5                   3.5000000000000004E-5    0.5                      0
5.0E-5                   3.5000000000000004E-5    0.6000000000000001       0
5.0E-5                   3.5000000000000004E-5    0.7000000000000001       0
5.0E-5                   3.5000000000000004E-5    0.8                      0
5.0E-5                   3.5000000000000004E-5    0.9                      0
5.0E-5                   3.5000000000000004E-5    1                        9.87684394791759E-7
5.0E-5                   3.5000000000000004E-5    1.1                      1.8388430817596528E-6
5.0E-5                   3.5000000000000004E-5    1.2000000000000002       1.8544346467462094E-6
5.0E-5                   3.5000000000000004E-5    1.3                      1.8699527575114086E-6
5.0E-5                   3.5000000000000004E-5    1.4000000000000001       1.885389108791442E-6
5.0E-5                   3.5000000000000004E-5    1.5                      1.900759722440045E-6
5.0E-5                   3.5000000000000004E-5    1.6                      1.9160793742024007E-6
5.0E-5                   3.5000000000000004E-5    1.7000000000000002       1.9312792593525197E-6
5.0E-5                   3.5000000000000004E-5    1.8                      1.946407275223215E-6
5.0E-5                   3.5000000000000004E-5    1.9000000000000001       1.961490049002342E-6
5.0E-5                   3.5000000000000004E-5    2                        1.9765276669197666E-6
5.0E-5                   3.5000000000000004E-5    5                        2.4004379249158995E-6
5.0E-5                   3.5000000000000004E-5    10                       3.0225186871037636E-6
5.0E-5                   3.5000000000000004E-5    100                      8.988797856634934E-6
5.0E-5                   3.5000000000000004E-5    100                      8.988797856634934E-6
5.0E-5                   3.5000000000000004E-5    200                      1.2766260791077267E-5
5.0E-5                   3.5000000000000004E-5    300                      1.5647328770419337E-5
5.0E-5                   3.5000000000000004E-5    400                      1.8079502174281614E-5
5.0E-5                   3.5000000000000004E-5    500                      2.0213896540577805E-5
5.0E-5                   3.5000000000000004E-5    600                      2.2148537985992393E-5
5.0E-5                   3.5000000000000004E-5    700                      2.39239670891691E-5
5.0E-5                   3.5000000000000004E-5    800                      2.557462327452917E-5
5.0E-5                   3.5000000000000004E-5    900                      2.712262741229582E-5
5.0E-5                   3.5000000000000004E-5    1000                     2.8585496779799082E-5
5.0E-5                   3.5000000000000004E-5    2000                     4.040432735739375E-5
5.0E-5                   3.5000000000000004E-5    3000                     4.9449282012709796E-5
5.0E-5                   3.5000000000000004E-5    4000                     5.707164786629266E-5
5.0E-5                   3.5000000000000004E-5    5000                     6.376349280139438E-5
5.0E-5                   3.5000000000000004E-5    6000                     6.979839398080891E-5
5.0E-5                   3.5000000000000004E-5    7000                     7.532744120804475E-5
5.0E-5                   3.5000000000000004E-5    8000                     8.044700623819344E-5
5.0E-5                   3.5000000000000004E-5    9000                     8.522525879116353E-5
5.0E-5                   3.5000000000000004E-5    10000                    8.971550726619078E-5
5.0E-5                   3.5000000000000004E-5    20000                    1.2370649183206865E-4
5.0E-5                   3.5000000000000004E-5    30000                    1.4400129597243698E-4
5.0E-5                   3.5000000000000004E-5    40000                    1.5558553219057096E-4
5.0E-5                   3.5000000000000004E-5    50000                    1.6184135253490665E-4
5.0E-5                   3.5000000000000004E-5    60000                    1.6510353631057792E-4
5.0E-5                   3.5000000000000004E-5    70000                    1.667196970371273E-4
5.0E-5                   3.5000000000000004E-5    80000                    1.6758148919377913E-4
5.0E-5                   3.5000000000000004E-5    90000                    1.6806824824372362E-4
5.0E-5                   3.5000000000000004E-5    100000                   1.6835575662873224E-4
5.0E-5                   3.5000000000000004E-5    110000                   1.6855446289096456E-4
5.0E-5                   3.5000000000000004E-5    120000                   1.6868121286602557E-4
5.0E-5                   3.5000000000000004E-5    130000                   1.6874924294036514E-4
5.0E-5                   3.5000000000000004E-5    140000                   1.6878703482609998E-4
5.0E-5                   3.5000000000000004E-5    150000                   1.6879913078130958E-4
5.0E-5                   3.5000000000000004E-5    160000                   1.688019871849368E-4
5.0E-5                   3.5000000000000004E-5    170000                   1.687988288060813E-4
5.0E-5                   3.5000000000000004E-5    180000                   1.687930280882134E-4
5.0E-5                   3.5000000000000004E-5    190000                   1.687884029187441E-4
5.0E-5                   3.5000000000000004E-5    200000                   1.6878577594740728E-4
8.0E-5                   5.0E-6                   0                        0
8.0E-5                   5.0E-6                   0.1                      0
8.0E-5                   5.0E-6                   0.2                      0
8.0E-5                   5.0E-6                   0.30000000000000004      0
8.0E-5                   5.0E-6                   0.4                      0
8.0E-5                   5.0E-6                   0.5                      0
8.0E-5                   5.0E-6                   0.6000000000000001       0
8.0E-5                   5.0E-6                   0.7000000000000001       0
8.0E-5                   5.0E-6                   0.8                      0
8.0E-5                   5.0E-6                   0.9                      0
8.0E-5                   5.0E-6                   1                        9.454408621227714E-7
8.0E-5                   5.0E-6                   1.1                      1.7702122715949E-6
8.0E-5                   5.0E-6                   1.2000000000000002       1.785235202039516E-6
8.0E-5                   5.0E-6                   1.3                      1.8002837242059334E-6
8.0E-5                   5.0E-6                   1.4000000000000001       1.8152465028703968E-6
8.0E-5                   5.0E-6                   1.5                      1.8301462318194308E-6
8.0E-5                   5.0E-6                   1.6                      1.8449947573193628E-6
8.0E-5                   5.0E-6                   1.7000000000000002       1.8597112121610108E-6
8.0E-5                   5.0E-6                   1.8                      1.8743667174469127E-6
8.0E-5                   5.0E-6                   1.9000000000000001       1.8889769466640108E-6
8.0E-5                   5.0E-6                   2                        1.9035419894657955E-6
8.0E-5                   5.0E-6                   5                        2.3131124791388626E-6
8.0E-5                   5.0E-6                   10                       2.912008341491246E-6
8.0E-5                   5.0E-6                   100                      8.628154354320203E-6
8.0E-5                   5.0E-6                   100                      8.628154354320203E-6
8.0E-5                   5.0E-6                   200                      1.225335715958633E-5
8.0E-5                   5.0E-6                   300                      1.5020214224823729E-5
8.0E-5                   5.0E-6                   400                      1.7354706987594194E-5
8.0E-5                   5.0E-6                   500                      1.941525083147909E-5
8.0E-5                   5.0E-6                   600                      2.1271651896766166E-5
8.0E-5                   5.0E-6                   700                      2.2975067776753325E-5
8.0E-5                   5.0E-6                   800                      2.4559213315515456E-5
8.0E-5                   5.0E-6                   900                      2.604445207002364E-5
8.0E-5                   5.0E-6                   1000                     2.7448725902419238E-5
8.0E-5                   5.0E-6                   2000                     3.882516925073805E-5
8.0E-5                   5.0E-6                   3000                     4.756503789861142E-5
8.0E-5                   5.0E-6                   4000                     5.491550052092957E-5
8.0E-5                   5.0E-6                   5000                     6.138489372100445E-5
8.0E-5                   5.0E-6                   6000                     6.725260011475836E-5
8.0E-5                   5.0E-6                   7000                     7.264929813131802E-5
8.0E-5                   5.0E-6                   8000                     7.76591898514121E-5
8.0E-5                   5.0E-6                   9000                     8.235826675752742E-5
8.0E-5                   5.0E-6                   10000                    8.679519696881032E-5
8.0E-5                   5.0E-6                   20000                    1.214672065158079E-4
8.0E-5                   5.0E-6                   30000                    1.4347122415533296E-4
8.0E-5                   5.0E-6                   40000                    1.5681117976654516E-4
8.0E-5                   5.0E-6                   50000                    1.6445870843076214E-4
8.0E-5                   5.0E-6                   60000                    1.6865981524587955E-4
8.0E-5                   5.0E-6                   70000                    1.7090134967446256E-4
8.0E-5                   5.0E-6                   80000                    1.7212980422555394E-4
8.0E-5                   5.0E-6                   90000                    1.728069772572244E-4
8.0E-5                   5.0E-6                   100000                   1.7322081143701212E-4
8.0E-5                   5.0E-6                   110000                   1.735193954705382E-4
8.0E-5                   5.0E-6                   120000                   1.7370912056923206E-4
8.0E-5                   5.0E-6                   130000                   1.7383236572285276E-4
8.0E-5                   5.0E-6                   140000                   1.7389314887955676E-4
8.0E-5                   5.0E-6                   150000                   1.7393138563568487E-4
8.0E-5                   5.0E-6                   160000                   1.739388469969644E-4
8.0E-5                   5.0E-6                   170000                   1.7394405468841172E-4
8.0E-5                   5.0E-6                   180000                   1.7393890454433294E-4
8.0E-5                   5.0E-6                   190000                   1.7393572934234553E-4
8.0E-5                   5.0E-6                   200000                   1.7393072056427205E-4
8.0E-5                   1.25E-5                  0                        0
8.0E-5                   1.25E-5                  0.1                      0
8.0E-5                   1.25E-5                  0.2                      0
8.0E-5                   1.25E-5                  0.30000000000000004      0
8.0E-5                   1.25E-5                  0.4                      0
8.0E-5                   1.25E-5                  0.5                      0
8.0E-5                   1.25E-5                  0.6000000000000001       0
8.0E-5                   1.25E-5                  0.7000000000000001       0
8.0E-5                   1.25E-5                  0.8                      0
8.0E-5                   1.25E-5                  0.9                      0
8.0E-5                   1.25E-5                  1                        9.435715830241336E-7
8.0E-5                   1.25E-5                  1.1                      1.7659075879130374E-6
8.0E-5                   1.25E-5                  1.2000000000000002       1.781217654737308E-6
8.0E-5                   1.25E-5                  1.3                      1.7963580834802543E-6
8.0E-5                   1.25E-5                  1.4000000000000001       1.8114164125648134E-6
8.0E-5                   1.25E-5                  1.5                      1.826408473316544E-6
8.0E-5                   1.25E-5                  1.6                      1.8413495283301948E-6
8.0E-5                   1.25E-5                  1.7000000000000002       1.8561660062057704E-6
8.0E-5                   1.25E-5                  1.8                      1.870914616251898E-6
8.0E-5                   1.25E-5                  1.9000000000000001       1.88561806115294E-6
8.0E-5                   1.25E-5                  2                        1.9002764283889678E-6
8.0E-5                   1.25E-5                  5                        2.3127327786380403E-6
8.0E-5                   1.25E-5                  10                       2.916362290100484E-6
8.0E-5                   1.25E-5                  100                      8.672688089741169E-6
8.0E-5                   1.25E-5                  100                      8.672688089741169E-6
8.0E-5                   1.25E-5                  200                      1.2315892915699142E-5
8.0E-5                   1.25E-5                  300                      1.5096274438354955E-5
8.0E-5                   1.25E-5                  400                      1.7442384432469856E-5
8.0E-5                   1.25E-5                  500                      1.9512986362796662E-5
8.0E-5                   1.25E-5                  600                      2.1378077764867057E-5
8.0E-5                   1.25E-5                  700                      2.3089521639643144E-5
8.0E-5                   1.25E-5                  800                      2.468093218227833E-5
8.0E-5                   1.25E-5                  900                      2.617311093295233E-5
8.0E-5                   1.25E-5                  1000                     2.7584045821946713E-5
8.0E-5                   1.25E-5                  2000                     3.901373403439418E-5
8.0E-5                   1.25E-5                  3000                     4.7793027123803164E-5
8.0E-5                   1.25E-5                  4000                     5.517461801490692E-5
8.0E-5                   1.25E-5                  5000                     6.167176513276555E-5
8.0E-5                   1.25E-5                  6000                     6.756428770987188E-5
8.0E-5                   1.25E-5                  7000                     7.298033397929033E-5
8.0E-5                   1.25E-5                  8000                     7.800685426209304E-5
8.0E-5                   1.25E-5                  9000                     8.271827578221825E-5
8.0E-5                   1.25E-5                  10000                    8.716254119453845E-5
8.0E-5                   1.25E-5                  20000                    1.214940369412573E-4
8.0E-5                   1.25E-5                  30000                    1.4258161344621748E-4
8.0E-5                   1.25E-5                  40000                    1.5489731909811114E-4
8.0E-5                   1.25E-5                  50000                    1.6168473390826252E-4
8.0E-5                   1.25E-5                  60000                    1.652540733062642E-4
8.0E-5                   1.25E-5                  70000                    1.6706469807412083E-4
8.0E-5                   1.25E-5                  80000                    1.680401856214483E-4
8.0E-5                   1.25E-5                  90000                    1.6858913577621912E-4
8.0E-5                   1.25E-5                  100000                   1.6891497392692437E-4
8.0E-5                   1.25E-5                  110000                   1.6916170245045818E-4
8.0E-5                   1.25E-5                  120000                   1.6931738786921834E-4
8.0E-5                   1.25E-5                  130000                   1.6941434884292452E-4
8.0E-5                   1.25E-5                  140000                   1.6946161364211253E-4
8.0E-5                   1.25E-5                  150000                   1.694889693441249E-4
8.0E-5                   1.25E-5                  160000                   1.6949327675503097E-4
8.0E-5                   1.25E-5                  170000                   1.69495424407405E-4
8.0E-5                   1.25E-5                  180000                   1.6949041381195397E-4
8.0E-5                   1.25E-5                  190000                   1.6948706884328615E-4
8.0E-5                   1.25E-5                  200000                   1.6948293251668403E-4
8.0E-5                   2.0E-5                   0                        0
8.0E-5                   2.0E-5                   0.1                      0
8.0E-5                   2.0E-5                   0.2                      0
8.0E-5                   2.0E-5                   0.30000000000000004      0
8.0E-5                   2.0E-5                   0.4                      0
8.0E-5                   2.0E-5                   0.5                      0
8.0E-5                   2.0E-5                   0.6000000000000001       0
8.0E-5                   2.0E-5                   0.7000000000000001       0
8.0E-5                   2.0E-5                   0.8                      0
8.0E-5                   2.0E-5                   0.9                      0
8.0E-5                   2.0E-5                   1                        9.79630064485204E-7
8.0E-5                   2.0E-5                   1.1                      1.8324198528716804E-6
8.0E-5                   2.0E-5                   1.2000000000000002       1.8476110819236566E-6
8.0E-5                   2.0E-5                   1.3                      1.862629488231405E-6
8.0E-5                   2.0E-5                   1.4000000000000001       1.877566140352398E-6
8.0E-5                   2.0E-5                   1.5                      1.8924380362247377E-6
8.0E-5                   2.0E-5                   1.6                      1.9072595674620521E-6
8.0E-5                   2.0E-5                   1.7000000000000002       1.921955575805142E-6
8.0E-5                   2.0E-5                   1.8                      1.9365872605139273E-6
8.0E-5                   2.0E-5                   1.9000000000000001       1.951174376160297E-6
8.0E-5                   2.0E-5                   2                        1.965717008612366E-6
8.0E-5                   2.0E-5                   5                        2.375055984075779E-6
8.0E-5                   2.0E-5                   10                       2.974819845350428E-6
8.0E-5                   2.0E-5                   100                      8.751601878190777E-6
8.0E-5                   2.0E-5                   100                      8.751601878190777E-6
8.0E-5                   2.0E-5                   200                      1.242715181084444E-5
8.0E-5                   2.0E-5                   300                      1.5233546382289035E-5
8.0E-5                   2.0E-5                   400                      1.7601324892405534E-5
8.0E-5                   2.0E-5                   500                      1.9681031941914334E-5
8.0E-5                   2.0E-5                   600                      2.156523337538766E-5
8.0E-5                   2.0E-5                   700                      2.3294399678927054E-5
8.0E-5                   2.0E-5                   800                      2.4902413473246347E-5
8.0E-5                   2.0E-5                   900                      2.6410622900530875E-5
8.0E-5                   2.0E-5                   1000                     2.7836327320199254E-5
8.0E-5                   2.0E-5                   2000                     3.9362534086856284E-5
8.0E-5                   2.0E-5                   3000                     4.819758134857924E-5
8.0E-5                   2.0E-5                   4000                     5.565394696561607E-5
8.0E-5                   2.0E-5                   5000                     6.221581663929986E-5
8.0E-5                   2.0E-5                   6000                     6.814735763808218E-5
8.0E-5                   2.0E-5                   7000                     7.359699877123845E-5
8.0E-5                   2.0E-5                   8000                     7.865485869214766E-5
8.0E-5                   2.0E-5                   9000                     8.338688226722156E-5
8.0E-5                   2.0E-5                   10000                    8.784556930724662E-5
8.0E-5                   2.0E-5                   20000                    1.2164079956772509E-4
8.0E-5                   2.0E-5                   30000                    1.4160267430269935E-4
8.0E-5                   2.0E-5                   40000                    1.52772845047687E-4
8.0E-5                   2.0E-5                   50000                    1.5866956279517573E-4
8.0E-5                   2.0E-5                   60000                    1.6165687196617302E-4
8.0E-5                   2.0E-5                   70000                    1.6316747727719054E-4
8.0E-5                   2.0E-5                   80000                    1.6394630971278435E-4
8.0E-5                   2.0E-5                   90000                    1.6439031322126014E-4
8.0E-5                   2.0E-5                   100000                   1.6469410100235853E-4
8.0E-5                   2.0E-5                   110000                   1.6486973258560884E-4
8.0E-5                   2.0E-5                   120000                   1.6496486885921702E-4
8.0E-5                   2.0E-5                   130000                   1.6502291503820452E-4
8.0E-5                   2.0E-5                   140000                   1.6504677604223494E-4
8.0E-5                   2.0E-5                   150000                   1.6505636205736327E-4
8.0E-5                   2.0E-5                   160000                   1.650519120276868E-4
8.0E-5                   2.0E-5                   170000                   1.650483811617396E-4
8.0E-5                   2.0E-5                   180000                   1.650419541683607E-4
8.0E-5                   2.0E-5                   190000                   1.6503780165257292E-4
8.0E-5                   2.0E-5                   200000                   1.6503471815422E-4
8.0E-5                   2.75E-5                  0                        0
8.0E-5                   2.75E-5                  0.1                      0
8.0E-5                   2.75E-5                  0.2                      0
8.0E-5                   2.75E-5                  0.30000000000000004      0
8.0E-5                   2.75E-5                  0.4                      0
8.0E-5                   2.75E-5                  0.5                      0
8.0E-5                   2.75E-5                  0.6000000000000001       0
8.0E-5                   2.75E-5                  0.7000000000000001       0
8.0E-5                   2.75E-5                  0.8                      0
8.0E-5                   2.75E-5                  0.9                      0
8.0E-5                   2.75E-5                  1                        9.781060850903246E-7
8.0E-5                   2.75E-5                  1.1                      1.8199814015123325E-6
8.0E-5                   2.75E-5                  1.2000000000000002       1.8354007500824724E-6
8.0E-5                   2.75E-5                  1.3                      1.8507455615245157E-6
8.0E-5                   2.75E-5                  1.4000000000000001       1.8660047192475145E-6
8.0E-5                   2.75E-5                  1.5                      1.8811987337214843E-6
8.0E-5                   2.75E-5                  1.6                      1.8963408081297684E-6
8.0E-5                   2.75E-5                  1.7000000000000002       1.9113526118123035E-6
8.0E-5                   2.75E-5                  1.8                      1.9262993208505475E-6
8.0E-5                   2.75E-5                  1.9000000000000001       1.9412001838919546E-6
8.0E-5                   2.75E-5                  2                        1.9560552882027553E-6
8.0E-5                   2.75E-5                  5                        2.3742789266165954E-6
8.0E-5                   2.75E-5                  10                       2.9860158160710077E-6
8.0E-5                   2.75E-5                  100                      8.862449615455572E-6
8.0E-5                   2.75E-5                  100                      8.862449615455572E-6
8.0E-5                   2.75E-5                  200                      1.2587969166008753E-5
8.0E-5                   2.75E-5                  300                      1.542987613269971E-5
8.0E-5                   2.75E-5                  400                      1.7828958904152387E-5
8.0E-5                   2.75E-5                  500                      1.9934675124590167E-5
8.0E-5                   2.75E-5                  600                      2.184332145426736E-5
8.0E-5                   2.75E-5                  700                      2.359502182711626E-5
8.0E-5                   2.75E-5                  800                      2.52237792008455E-5
8.0E-5                   2.75E-5                  900                      2.6751370344757182E-5
8.0E-5                   2.75E-5                  1000                     2.8195116369952937E-5
8.0E-5                   2.75E-5                  2000                     3.986485045035575E-5
8.0E-5                   2.75E-5                  3000                     4.880482924312074E-5
8.0E-5                   2.75E-5                  4000                     5.634744343966123E-5
8.0E-5                   2.75E-5                  5000                     6.297743139281384E-5
8.0E-5                   2.75E-5                  6000                     6.896183808672787E-5
8.0E-5                   2.75E-5                  7000                     7.444663429056228E-5
8.0E-5                   2.75E-5                  8000                     7.952292924138598E-5
8.0E-5                   2.75E-5                  9000                     8.425490698144543E-5
8.0E-5                   2.75E-5                  10000                    8.869331736262546E-5
8.0E-5                   2.75E-5                  20000                    1.2161668885756224E-4
8.0E-5                   2.75E-5                  30000                    1.4026776783309365E-4
8.0E-5                   2.75E-5                  40000                    1.5031980733964514E-4
8.0E-5                   2.75E-5                  50000                    1.554487885562493E-4
8.0E-5                   2.75E-5                  60000                    1.5796639130465927E-4
8.0E-5                   2.75E-5                  70000                    1.591168055177887E-4
8.0E-5                   2.75E-5                  80000                    1.5972083151279357E-4
8.0E-5                   2.75E-5                  90000                    1.6007694935655042E-4
8.0E-5                   2.75E-5                  100000                   1.603202904582747E-4
8.0E-5                   2.75E-5                  110000                   1.603989734290458E-4
8.0E-5                   2.75E-5                  120000                   1.6047559619334224E-4
8.0E-5                   2.75E-5                  130000                   1.6050781827311702E-4
8.0E-5                   2.75E-5                  140000                   1.6053920295050988E-4
8.0E-5                   2.75E-5                  150000                   1.6055251165344574E-4
8.0E-5                   2.75E-5                  160000                   1.6056548080070233E-4
8.0E-5                   2.75E-5                  170000                   1.6057093415255188E-4
8.0E-5                   2.75E-5                  180000                   1.6057624656554126E-4
8.0E-5                   2.75E-5                  190000                   1.6057849538173938E-4
8.0E-5                   2.75E-5                  200000                   1.6058068678749337E-4
8.0E-5                   3.5000000000000004E-5    0                        0
8.0E-5                   3.5000000000000004E-5    0.1                      0
8.0E-5                   3.5000000000000004E-5    0.2                      0
8.0E-5                   3.5000000000000004E-5    0.30000000000000004      0
8.0E-5                   3.5000000000000004E-5    0.4                      0
8.0E-5                   3.5000000000000004E-5    0.5                      0
8.0E-5                   3.5000000000000004E-5    0.6000000000000001       0
8.0E-5                   3.5000000000000004E-5    0.7000000000000001       0
8.0E-5                   3.5000000000000004E-5    0.8                      0
8.0E-5                   3.5000000000000004E-5    0.9                      0
8.0E-5                   3.5000000000000004E-5    1                        9.9352692171173E-7
8.0E-5                   3.5000000000000004E-5    1.1                      1.8489711946408451E-6
8.0E-5                   3.5000000000000004E-5    1.2000000000000002       1.8646822874546597E-6
8.0E-5                   3.5000000000000004E-5    1.3                      1.8803175147476292E-6
8.0E-5                   3.5000000000000004E-5    1.4000000000000001       1.895864979195751E-6
8.0E-5                   3.5000000000000004E-5    1.5                      1.91134636988279E-6
8.0E-5                   3.5000000000000004E-5    1.6                      1.926774591357677E-6
8.0E-5                   3.5000000000000004E-5    1.7000000000000002       1.942068357063185E-6
8.0E-5                   3.5000000000000004E-5    1.8                      1.957297516081545E-6
8.0E-5                   3.5000000000000004E-5    1.9000000000000001       1.972479695065354E-6
8.0E-5                   3.5000000000000004E-5    2                        1.987614983057033E-6
8.0E-5                   3.5000000000000004E-5    5                        2.4136027727663996E-6
8.0E-5                   3.5000000000000004E-5    10                       3.0362255304544818E-6
8.0E-5                   3.5000000000000004E-5    100                      9.010223719588082E-6
8.0E-5                   3.5000000000000004E-5    100                      9.010223719588082E-6
8.0E-5                   3.5000000000000004E-5    200                      1.2796908549272519E-5
8.0E-5                   3.5000000000000004E-5    300                      1.5685699989131024E-5
8.0E-5                   3.5000000000000004E-5    400                      1.8124068867548635E-5
8.0E-5                   3.5000000000000004E-5    500                      2.0264307893523995E-5
8.0E-5                   3.5000000000000004E-5    600                      2.2204029657008917E-5
8.0E-5                   3.5000000000000004E-5    700                      2.3984113008169553E-5
8.0E-5                   3.5000000000000004E-5    800                      2.563919135854548E-5
8.0E-5                   3.5000000000000004E-5    900                      2.7191383591539867E-5
8.0E-5                   3.5000000000000004E-5    1000                     2.865835040806456E-5
8.0E-5                   3.5000000000000004E-5    2000                     4.0512655319535095E-5
8.0E-5                   3.5000000000000004E-5    3000                     4.9584828498551324E-5
8.0E-5                   3.5000000000000004E-5    4000                     5.722129981956976E-5
8.0E-5                   3.5000000000000004E-5    5000                     6.390987767917938E-5
8.0E-5                   3.5000000000000004E-5    6000                     6.991964662482175E-5
8.0E-5                   3.5000000000000004E-5    7000                     7.539968574133878E-5
8.0E-5                   3.5000000000000004E-5    8000                     8.044464804189995E-5
8.0E-5                   3.5000000000000004E-5    9000                     8.512278606788108E-5
8.0E-5                   3.5000000000000004E-5    10000                    8.948823573895897E-5
8.0E-5                   3.5000000000000004E-5    20000                    1.2117164562535476E-4
8.0E-5                   3.5000000000000004E-5    30000                    1.3856238256869643E-4
8.0E-5                   3.5000000000000004E-5    40000                    1.476257395570039E-4
8.0E-5                   3.5000000000000004E-5    50000                    1.520253416941643E-4
8.0E-5                   3.5000000000000004E-5    60000                    1.5410966611044207E-4
8.0E-5                   3.5000000000000004E-5    70000                    1.5524522564728936E-4
8.0E-5                   3.5000000000000004E-5    80000                    1.5597594064549274E-4
8.0E-5                   3.5000000000000004E-5    90000                    1.5626062582675015E-4
8.0E-5                   3.5000000000000004E-5    100000                   1.563235102649925E-4
8.0E-5                   3.5000000000000004E-5    110000                   1.563369276516464E-4
8.0E-5                   3.5000000000000004E-5    120000                   1.5628374560164293E-4
8.0E-5                   3.5000000000000004E-5    130000                   1.5622629598242155E-4
8.0E-5                   3.5000000000000004E-5    140000                   1.5619622101954795E-4
8.0E-5                   3.5000000000000004E-5    150000                   1.5617297671825808E-4
8.0E-5                   3.5000000000000004E-5    160000                   1.561610184553404E-4
8.0E-5                   3.5000000000000004E-5    170000                   1.561518763671439E-4
8.0E-5                   3.5000000000000004E-5    180000                   1.561471841420359E-4
8.0E-5                   3.5000000000000004E-5    190000                   1.5614360227066807E-4
8.0E-5                   3.5000000000000004E-5    200000                   1.5614176466476892E-4
