% Model:              C52_3D_base_unit_cell_recesses_v2.mph
% Version:            COMSOL 5.2.0.220
% Date:               Jul 26 2026, 23:54
% Table:              Table 2 - Global Evaluation 1 (n_CO2_film)
% R_texture (m)          H_texture (m)            t (s)                    Total moles of CO2 captured per unit cell (mol)Total moles of CO2 captured per unit cell (mol)
5.0E-6                   5.0E-6                   0                        0                        0
5.0E-6                   5.0E-6                   0.1                      0                        0
5.0E-6                   5.0E-6                   0.2                      0                        0
5.0E-6                   5.0E-6                   0.30000000000000004      0                        0
5.0E-6                   5.0E-6                   0.4                      0                        0
5.0E-6                   5.0E-6                   0.5                      0                        0
5.0E-6                   5.0E-6                   0.6000000000000001       0                        0
5.0E-6                   5.0E-6                   0.7000000000000001       0                        0
5.0E-6                   5.0E-6                   0.8                      0                        0
5.0E-6                   5.0E-6                   0.9                      0                        0
5.0E-6                   5.0E-6                   1                        9.340722446215645E-7     9.340722446215645E-7
5.0E-6                   5.0E-6                   1.1                      1.7477080225025666E-6    1.7477080225025666E-6
5.0E-6                   5.0E-6                   1.2000000000000002       1.7633335344476986E-6    1.7633335344476986E-6
5.0E-6                   5.0E-6                   1.3                      1.778773362106082E-6     1.778773362106082E-6
5.0E-6                   5.0E-6                   1.4000000000000001       1.794115379725198E-6     1.794115379725198E-6
5.0E-6                   5.0E-6                   1.5                      1.8093809527040992E-6    1.8093809527040992E-6
5.0E-6                   5.0E-6                   1.6                      1.824589505271515E-6     1.824589505271515E-6
5.0E-6                   5.0E-6                   1.7000000000000002       1.8397002523728376E-6    1.8397002523728376E-6
5.0E-6                   5.0E-6                   1.8                      1.8547460346303487E-6    1.8547460346303487E-6
5.0E-6                   5.0E-6                   1.9000000000000001       1.8697394701153624E-6    1.8697394701153624E-6
5.0E-6                   5.0E-6                   2                        1.8846313031681255E-6    1.8846313031681255E-6
5.0E-6                   5.0E-6                   5                        2.3030337665945804E-6    2.3030337665945804E-6
5.0E-6                   5.0E-6                   10                       2.906617769914497E-6     2.906617769914497E-6
5.0E-6                   5.0E-6                   100                      8.645589759060546E-6     8.645589759060546E-6
5.0E-6                   5.0E-6                   100                      8.645589759060546E-6     8.645589759060546E-6
5.0E-6                   5.0E-6                   200                      1.2276022956509932E-5    1.2276022956509932E-5
5.0E-6                   5.0E-6                   300                      1.5056771319820349E-5    1.5056771319820349E-5
5.0E-6                   5.0E-6                   400                      1.7392761007188312E-5    1.7392761007188312E-5
5.0E-6                   5.0E-6                   500                      1.9443261450959495E-5    1.9443261450959495E-5
5.0E-6                   5.0E-6                   600                      2.1291827842305465E-5    2.1291827842305465E-5
5.0E-6                   5.0E-6                   700                      2.2991304002707153E-5    2.2991304002707153E-5
5.0E-6                   5.0E-6                   800                      2.457981151842469E-5     2.457981151842469E-5
5.0E-6                   5.0E-6                   900                      2.607445088626922E-5     2.607445088626922E-5
5.0E-6                   5.0E-6                   1000                     2.7488511313981825E-5    2.7488511313981825E-5
5.0E-6                   5.0E-6                   2000                     3.886824938026618E-5     3.886824938026618E-5
5.0E-6                   5.0E-6                   3000                     4.758081175703287E-5     4.758081175703287E-5
5.0E-6                   5.0E-6                   4000                     5.494096220895359E-5     5.494096220895359E-5
5.0E-6                   5.0E-6                   5000                     6.142455144890635E-5     6.142455144890635E-5
5.0E-6                   5.0E-6                   6000                     6.728235517527908E-5     6.728235517527908E-5
5.0E-6                   5.0E-6                   7000                     7.268153166908502E-5     7.268153166908502E-5
5.0E-6                   5.0E-6                   8000                     7.769840369651784E-5     7.769840369651784E-5
5.0E-6                   5.0E-6                   9000                     8.240442475378766E-5     8.240442475378766E-5
5.0E-6                   5.0E-6                   10000                    8.684784722376063E-5     8.684784722376063E-5
5.0E-6                   5.0E-6                   20000                    1.216744272421448E-4     1.216744272421448E-4
5.0E-6                   5.0E-6                   30000                    1.4411700882151278E-4    1.4411700882151278E-4
5.0E-6                   5.0E-6                   40000                    1.5814654300216844E-4    1.5814654300216844E-4
5.0E-6                   5.0E-6                   50000                    1.6651318171009E-4       1.6651318171009E-4
5.0E-6                   5.0E-6                   60000                    1.712961615500334E-4     1.712961615500334E-4
5.0E-6                   5.0E-6                   70000                    1.7387688884298627E-4    1.7387688884298627E-4
5.0E-6                   5.0E-6                   80000                    1.751265421990999E-4     1.751265421990999E-4
5.0E-6                   5.0E-6                   90000                    1.7569460594829537E-4    1.7569460594829537E-4
5.0E-6                   5.0E-6                   100000                   1.760696122230885E-4     1.760696122230885E-4
5.0E-6                   5.0E-6                   110000                   1.7634506275632702E-4    1.7634506275632702E-4
5.0E-6                   5.0E-6                   120000                   1.7665510179640378E-4    1.7665510179640378E-4
5.0E-6                   5.0E-6                   130000                   1.7676668199489645E-4    1.7676668199489645E-4
5.0E-6                   5.0E-6                   140000                   1.7684188974360844E-4    1.7684188974360844E-4
5.0E-6                   5.0E-6                   150000                   1.7686624577803833E-4    1.7686624577803833E-4
5.0E-6                   5.0E-6                   160000                   1.768811805438249E-4     1.768811805438249E-4
5.0E-6                   5.0E-6                   170000                   1.7687381860196033E-4    1.7687381860196033E-4
5.0E-6                   5.0E-6                   180000                   1.7687093912539822E-4    1.7687093912539822E-4
5.0E-6                   5.0E-6                   190000                   1.768642341632565E-4     1.768642341632565E-4
5.0E-6                   5.0E-6                   200000                   1.768601819972725E-4     1.768601819972725E-4
5.0E-6                   1.25E-5                  0                        0                        0
5.0E-6                   1.25E-5                  0.1                      0                        0
5.0E-6                   1.25E-5                  0.2                      0                        0
5.0E-6                   1.25E-5                  0.30000000000000004      0                        0
5.0E-6                   1.25E-5                  0.4                      0                        0
5.0E-6                   1.25E-5                  0.5                      0                        0
5.0E-6                   1.25E-5                  0.6000000000000001       0                        0
5.0E-6                   1.25E-5                  0.7000000000000001       0                        0
5.0E-6                   1.25E-5                  0.8                      0                        0
5.0E-6                   1.25E-5                  0.9                      0                        0
5.0E-6                   1.25E-5                  1                        9.637575300132661E-7     9.637575300132661E-7
5.0E-6                   1.25E-5                  1.1                      1.7942594998662708E-6    1.7942594998662708E-6
5.0E-6                   1.25E-5                  1.2000000000000002       1.809569491618055E-6     1.809569491618055E-6
5.0E-6                   1.25E-5                  1.3                      1.824791907757887E-6     1.824791907757887E-6
5.0E-6                   1.25E-5                  1.4000000000000001       1.839916522946846E-6     1.839916522946846E-6
5.0E-6                   1.25E-5                  1.5                      1.8549654348462867E-6    1.8549654348462867E-6
5.0E-6                   1.25E-5                  1.6                      1.8699584029102766E-6    1.8699584029102766E-6
5.0E-6                   1.25E-5                  1.7000000000000002       1.8848564685917385E-6    1.8848564685917385E-6
5.0E-6                   1.25E-5                  1.8                      1.8996879543877608E-6    1.8996879543877608E-6
5.0E-6                   1.25E-5                  1.9000000000000001       1.9144683692976304E-6    1.9144683692976304E-6
5.0E-6                   1.25E-5                  2                        1.929153202946547E-6     1.929153202946547E-6
5.0E-6                   1.25E-5                  5                        2.341996836778637E-6     2.341996836778637E-6
5.0E-6                   1.25E-5                  10                       2.9394294603893013E-6    2.9394294603893013E-6
5.0E-6                   1.25E-5                  100                      8.697257320764736E-6     8.697257320764736E-6
5.0E-6                   1.25E-5                  100                      8.697257320764736E-6     8.697257320764736E-6
5.0E-6                   1.25E-5                  200                      1.2358842692773219E-5    1.2358842692773219E-5
5.0E-6                   1.25E-5                  300                      1.5163016562573335E-5    1.5163016562573335E-5
5.0E-6                   1.25E-5                  400                      1.7518190496509355E-5    1.7518190496509355E-5
5.0E-6                   1.25E-5                  500                      1.95853608323289E-5      1.95853608323289E-5
5.0E-6                   1.25E-5                  600                      2.144812310136073E-5     2.144812310136073E-5
5.0E-6                   1.25E-5                  700                      2.315970321348795E-5     2.315970321348795E-5
5.0E-6                   1.25E-5                  800                      2.47586679449671E-5      2.47586679449671E-5
5.0E-6                   1.25E-5                  900                      2.6262448387583028E-5    2.6262448387583028E-5
5.0E-6                   1.25E-5                  1000                     2.7686438689296727E-5    2.7686438689296727E-5
5.0E-6                   1.25E-5                  2000                     3.913094561136098E-5     3.913094561136098E-5
5.0E-6                   1.25E-5                  3000                     4.7883285055949916E-5    4.7883285055949916E-5
5.0E-6                   1.25E-5                  4000                     5.5268109036035036E-5    5.5268109036035036E-5
5.0E-6                   1.25E-5                  5000                     6.177447585444958E-5     6.177447585444958E-5
5.0E-6                   1.25E-5                  6000                     6.764634070942139E-5     6.764634070942139E-5
5.0E-6                   1.25E-5                  7000                     7.30586359401392E-5      7.30586359401392E-5
5.0E-6                   1.25E-5                  8000                     7.808720036527771E-5     7.808720036527771E-5
5.0E-6                   1.25E-5                  9000                     8.280309230113305E-5     8.280309230113305E-5
5.0E-6                   1.25E-5                  10000                    8.72560554933533E-5      8.72560554933533E-5
5.0E-6                   1.25E-5                  20000                    1.2209745940438521E-4    1.2209745940438521E-4
5.0E-6                   1.25E-5                  30000                    1.4447752244994648E-4    1.4447752244994648E-4
5.0E-6                   1.25E-5                  40000                    1.584531861353919E-4     1.584531861353919E-4
5.0E-6                   1.25E-5                  50000                    1.667484550341997E-4     1.667484550341997E-4
5.0E-6                   1.25E-5                  60000                    1.7143094211391686E-4    1.7143094211391686E-4
5.0E-6                   1.25E-5                  70000                    1.7386978890679308E-4    1.7386978890679308E-4
5.0E-6                   1.25E-5                  80000                    1.750614357950045E-4     1.750614357950045E-4
5.0E-6                   1.25E-5                  90000                    1.7559113683101002E-4    1.7559113683101002E-4
5.0E-6                   1.25E-5                  100000                   1.759902958990211E-4     1.759902958990211E-4
5.0E-6                   1.25E-5                  110000                   1.7634722257181616E-4    1.7634722257181616E-4
5.0E-6                   1.25E-5                  120000                   1.766389434912026E-4     1.766389434912026E-4
5.0E-6                   1.25E-5                  130000                   1.7674192255257836E-4    1.7674192255257836E-4
5.0E-6                   1.25E-5                  140000                   1.768106906164539E-4     1.768106906164539E-4
5.0E-6                   1.25E-5                  150000                   1.7682840645363742E-4    1.7682840645363742E-4
5.0E-6                   1.25E-5                  160000                   1.7683764285018603E-4    1.7683764285018603E-4
5.0E-6                   1.25E-5                  170000                   1.7682654364440918E-4    1.7682654364440918E-4
5.0E-6                   1.25E-5                  180000                   1.7682048897453144E-4    1.7682048897453144E-4
5.0E-6                   1.25E-5                  190000                   1.7681148939454377E-4    1.7681148939454377E-4
5.0E-6                   1.25E-5                  200000                   1.768074280188216E-4     1.768074280188216E-4
5.0E-6                   2.0E-5                   0                        0                        0
5.0E-6                   2.0E-5                   0.1                      0                        0
5.0E-6                   2.0E-5                   0.2                      0                        0
5.0E-6                   2.0E-5                   0.30000000000000004      0                        0
5.0E-6                   2.0E-5                   0.4                      0                        0
5.0E-6                   2.0E-5                   0.5                      0                        0
5.0E-6                   2.0E-5                   0.6000000000000001       0                        0
5.0E-6                   2.0E-5                   0.7000000000000001       0                        0
5.0E-6                   2.0E-5                   0.8                      0                        0
5.0E-6                   2.0E-5                   0.9                      0                        0
5.0E-6                   2.0E-5                   1                        9.53239628028514E-7      9.53239628028514E-7
5.0E-6                   2.0E-5                   1.1                      1.77450763274642E-6      1.77450763274642E-6
5.0E-6                   2.0E-5                   1.2000000000000002       1.7901944368964907E-6    1.7901944368964907E-6
5.0E-6                   2.0E-5                   1.3                      1.8057854329421493E-6    1.8057854329421493E-6
5.0E-6                   2.0E-5                   1.4000000000000001       1.8212674037148611E-6    1.8212674037148611E-6
5.0E-6                   2.0E-5                   1.5                      1.8366685031916763E-6    1.8366685031916763E-6
5.0E-6                   2.0E-5                   1.6                      1.8520097337406192E-6    1.8520097337406192E-6
5.0E-6                   2.0E-5                   1.7000000000000002       1.8672447269723933E-6    1.8672447269723933E-6
5.0E-6                   2.0E-5                   1.8                      1.8824105644327722E-6    1.8824105644327722E-6
5.0E-6                   2.0E-5                   1.9000000000000001       1.8975222859434817E-6    1.8975222859434817E-6
5.0E-6                   2.0E-5                   2                        1.9125264903292867E-6    1.9125264903292867E-6
5.0E-6                   2.0E-5                   5                        2.3334064694970987E-6    2.3334064694970987E-6
5.0E-6                   2.0E-5                   10                       2.940779934911516E-6     2.940779934911516E-6
5.0E-6                   2.0E-5                   100                      8.762564153192642E-6     8.762564153192642E-6
5.0E-6                   2.0E-5                   100                      8.762564153192642E-6     8.762564153192642E-6
5.0E-6                   2.0E-5                   200                      1.2462387641629796E-5    1.2462387641629796E-5
5.0E-6                   2.0E-5                   300                      1.5276376758546098E-5    1.5276376758546098E-5
5.0E-6                   2.0E-5                   400                      1.7647945336183264E-5    1.7647945336183264E-5
5.0E-6                   2.0E-5                   500                      1.9740124120465527E-5    1.9740124120465527E-5
5.0E-6                   2.0E-5                   600                      2.1628959587783203E-5    2.1628959587783203E-5
5.0E-6                   2.0E-5                   700                      2.336328123800829E-5     2.336328123800829E-5
5.0E-6                   2.0E-5                   800                      2.4978240192199616E-5    2.4978240192199616E-5
5.0E-6                   2.0E-5                   900                      2.6495078056007868E-5    2.6495078056007868E-5
5.0E-6                   2.0E-5                   1000                     2.7930112875331808E-5    2.7930112875331808E-5
5.0E-6                   2.0E-5                   2000                     3.9489473862666954E-5    3.9489473862666954E-5
5.0E-6                   2.0E-5                   3000                     4.833232387635188E-5     4.833232387635188E-5
5.0E-6                   2.0E-5                   4000                     5.578038759582607E-5     5.578038759582607E-5
5.0E-6                   2.0E-5                   5000                     6.233441467250256E-5     6.233441467250256E-5
5.0E-6                   2.0E-5                   6000                     6.825270971807757E-5     6.825270971807757E-5
5.0E-6                   2.0E-5                   7000                     7.368573544273363E-5     7.368573544273363E-5
5.0E-6                   2.0E-5                   8000                     7.873728943497012E-5     7.873728943497012E-5
5.0E-6                   2.0E-5                   9000                     8.347115364095777E-5     8.347115364095777E-5
5.0E-6                   2.0E-5                   10000                    8.794031803042731E-5     8.794031803042731E-5
5.0E-6                   2.0E-5                   20000                    1.2285218920134587E-4    1.2285218920134587E-4
5.0E-6                   2.0E-5                   30000                    1.4518903207298516E-4    1.4518903207298516E-4
5.0E-6                   2.0E-5                   40000                    1.5893423253238336E-4    1.5893423253238336E-4
5.0E-6                   2.0E-5                   50000                    1.6698503789918997E-4    1.6698503789918997E-4
5.0E-6                   2.0E-5                   60000                    1.7145401134854195E-4    1.7145401134854195E-4
5.0E-6                   2.0E-5                   70000                    1.7378057066122474E-4    1.7378057066122474E-4
5.0E-6                   2.0E-5                   80000                    1.7495649008906854E-4    1.7495649008906854E-4
5.0E-6                   2.0E-5                   90000                    1.7576485621989722E-4    1.7576485621989722E-4
5.0E-6                   2.0E-5                   100000                   1.7636471427012127E-4    1.7636471427012127E-4
5.0E-6                   2.0E-5                   110000                   1.7679176740432757E-4    1.7679176740432757E-4
5.0E-6                   2.0E-5                   120000                   1.768621450286018E-4     1.768621450286018E-4
5.0E-6                   2.0E-5                   130000                   1.769109550454716E-4     1.769109550454716E-4
5.0E-6                   2.0E-5                   140000                   1.7688088556465584E-4    1.7688088556465584E-4
5.0E-6                   2.0E-5                   150000                   1.768418769479817E-4     1.768418769479817E-4
5.0E-6                   2.0E-5                   160000                   1.7680648912138454E-4    1.7680648912138454E-4
5.0E-6                   2.0E-5                   170000                   1.7678891211773512E-4    1.7678891211773512E-4
5.0E-6                   2.0E-5                   180000                   1.767729642511595E-4     1.767729642511595E-4
5.0E-6                   2.0E-5                   190000                   1.767650212688808E-4     1.767650212688808E-4
5.0E-6                   2.0E-5                   200000                   1.7675781477446254E-4    1.7675781477446254E-4
5.0E-6                   2.75E-5                  0                        0                        0
5.0E-6                   2.75E-5                  0.1                      0                        0
5.0E-6                   2.75E-5                  0.2                      0                        0
5.0E-6                   2.75E-5                  0.30000000000000004      0                        0
5.0E-6                   2.75E-5                  0.4                      0                        0
5.0E-6                   2.75E-5                  0.5                      0                        0
5.0E-6                   2.75E-5                  0.6000000000000001       0                        0
5.0E-6                   2.75E-5                  0.7000000000000001       0                        0
5.0E-6                   2.75E-5                  0.8                      0                        0
5.0E-6                   2.75E-5                  0.9                      0                        0
5.0E-6                   2.75E-5                  1                        9.401468666974184E-7     9.401468666974184E-7
5.0E-6                   2.75E-5                  1.1                      1.7503625653994466E-6    1.7503625653994466E-6
5.0E-6                   2.75E-5                  1.2000000000000002       1.7665858729297283E-6    1.7665858729297283E-6
5.0E-6                   2.75E-5                  1.3                      1.782703562356759E-6     1.782703562356759E-6
5.0E-6                   2.75E-5                  1.4000000000000001       1.7986979714602622E-6    1.7986979714602622E-6
5.0E-6                   2.75E-5                  1.5                      1.8146057430290203E-6    1.8146057430290203E-6
5.0E-6                   2.75E-5                  1.6                      1.8304482798517179E-6    1.8304482798517179E-6
5.0E-6                   2.75E-5                  1.7000000000000002       1.8461696081129894E-6    1.8461696081129894E-6
5.0E-6                   2.75E-5                  1.8                      1.861819525995231E-6     1.861819525995231E-6
5.0E-6                   2.75E-5                  1.9000000000000001       1.8774108691782602E-6    1.8774108691782602E-6
5.0E-6                   2.75E-5                  2                        1.892878486016134E-6     1.892878486016134E-6
5.0E-6                   2.75E-5                  5                        2.325437182897592E-6     2.325437182897592E-6
5.0E-6                   2.75E-5                  10                       2.946040733191E-6        2.946040733191E-6
5.0E-6                   2.75E-5                  100                      8.823058650599246E-6     8.823058650599246E-6
5.0E-6                   2.75E-5                  100                      8.823058650599246E-6     8.823058650599246E-6
5.0E-6                   2.75E-5                  200                      1.2551669278661236E-5    1.2551669278661236E-5
5.0E-6                   2.75E-5                  300                      1.5389375182987137E-5    1.5389375182987137E-5
5.0E-6                   2.75E-5                  400                      1.7783846461465447E-5    1.7783846461465447E-5
5.0E-6                   2.75E-5                  500                      1.9895954926263553E-5    1.9895954926263553E-5
5.0E-6                   2.75E-5                  600                      2.1802962152792218E-5    2.1802962152792218E-5
5.0E-6                   2.75E-5                  700                      2.355491114911375E-5     2.355491114911375E-5
5.0E-6                   2.75E-5                  800                      2.5187273525437785E-5    2.5187273525437785E-5
5.0E-6                   2.75E-5                  900                      2.672124839039653E-5     2.672124839039653E-5
5.0E-6                   2.75E-5                  1000                     2.8172048052875004E-5    2.8172048052875004E-5
5.0E-6                   2.75E-5                  2000                     3.9865680980626244E-5    3.9865680980626244E-5
5.0E-6                   2.75E-5                  3000                     4.8814234083324045E-5    4.8814234083324045E-5
5.0E-6                   2.75E-5                  4000                     5.635029031879899E-5     5.635029031879899E-5
5.0E-6                   2.75E-5                  5000                     6.297722102653349E-5     6.297722102653349E-5
5.0E-6                   2.75E-5                  6000                     6.895489256989785E-5     6.895489256989785E-5
5.0E-6                   2.75E-5                  7000                     7.443742959683244E-5     7.443742959683244E-5
5.0E-6                   2.75E-5                  8000                     7.953734792413633E-5     7.953734792413633E-5
5.0E-6                   2.75E-5                  9000                     8.43162612253743E-5      8.43162612253743E-5
5.0E-6                   2.75E-5                  10000                    8.882085405645825E-5     8.882085405645825E-5
5.0E-6                   2.75E-5                  20000                    1.238437100129066E-4     1.238437100129066E-4
5.0E-6                   2.75E-5                  30000                    1.4602545737053897E-4    1.4602545737053897E-4
5.0E-6                   2.75E-5                  40000                    1.5948408725659823E-4    1.5948408725659823E-4
5.0E-6                   2.75E-5                  50000                    1.671891849984401E-4     1.671891849984401E-4
5.0E-6                   2.75E-5                  60000                    1.714290607974395E-4     1.714290607974395E-4
5.0E-6                   2.75E-5                  70000                    1.7365067013988618E-4    1.7365067013988618E-4
5.0E-6                   2.75E-5                  80000                    1.7476559685015774E-4    1.7476559685015774E-4
5.0E-6                   2.75E-5                  90000                    1.7544157099613512E-4    1.7544157099613512E-4
5.0E-6                   2.75E-5                  100000                   1.758557803503009E-4     1.758557803503009E-4
5.0E-6                   2.75E-5                  110000                   1.7618976923851467E-4    1.7618976923851467E-4
5.0E-6                   2.75E-5                  120000                   1.7637466716001303E-4    1.7637466716001303E-4
5.0E-6                   2.75E-5                  130000                   1.764744496385553E-4     1.764744496385553E-4
5.0E-6                   2.75E-5                  140000                   1.765505122997214E-4     1.765505122997214E-4
5.0E-6                   2.75E-5                  150000                   1.7659509815852958E-4    1.7659509815852958E-4
5.0E-6                   2.75E-5                  160000                   1.766291315668541E-4     1.766291315668541E-4
5.0E-6                   2.75E-5                  170000                   1.766491495819571E-4     1.766491495819571E-4
5.0E-6                   2.75E-5                  180000                   1.766644326493665E-4     1.766644326493665E-4
5.0E-6                   2.75E-5                  190000                   1.766734245105778E-4     1.766734245105778E-4
5.0E-6                   2.75E-5                  200000                   1.7668029008050085E-4    1.7668029008050085E-4
5.0E-6                   3.5000000000000004E-5    0                        0                        0
5.0E-6                   3.5000000000000004E-5    0.1                      0                        0
5.0E-6                   3.5000000000000004E-5    0.2                      0                        0
5.0E-6                   3.5000000000000004E-5    0.30000000000000004      0                        0
5.0E-6                   3.5000000000000004E-5    0.4                      0                        0
5.0E-6                   3.5000000000000004E-5    0.5                      0                        0
5.0E-6                   3.5000000000000004E-5    0.6000000000000001       0                        0
5.0E-6                   3.5000000000000004E-5    0.7000000000000001       0                        0
5.0E-6                   3.5000000000000004E-5    0.8                      0                        0
5.0E-6                   3.5000000000000004E-5    0.9                      0                        0
5.0E-6                   3.5000000000000004E-5    1                        9.439297361073553E-7     9.439297361073553E-7
5.0E-6                   3.5000000000000004E-5    1.1                      1.757546601496784E-6     1.757546601496784E-6
5.0E-6                   3.5000000000000004E-5    1.2000000000000002       1.774045983934131E-6     1.774045983934131E-6
5.0E-6                   3.5000000000000004E-5    1.3                      1.79042878743339E-6      1.79042878743339E-6
5.0E-6                   3.5000000000000004E-5    1.4000000000000001       1.8066848321017247E-6    1.8066848321017247E-6
5.0E-6                   3.5000000000000004E-5    1.5                      1.8228441956889013E-6    1.8228441956889013E-6
5.0E-6                   3.5000000000000004E-5    1.6                      1.8389349793113873E-6    1.8389349793113873E-6
5.0E-6                   3.5000000000000004E-5    1.7000000000000002       1.8548998351240608E-6    1.8548998351240608E-6
5.0E-6                   3.5000000000000004E-5    1.8                      1.8707864498699086E-6    1.8707864498699086E-6
5.0E-6                   3.5000000000000004E-5    1.9000000000000001       1.8866117890646313E-6    1.8866117890646313E-6
5.0E-6                   3.5000000000000004E-5    2                        1.9023072673250031E-6    1.9023072673250031E-6
5.0E-6                   3.5000000000000004E-5    5                        2.3402216256668886E-6    2.3402216256668886E-6
5.0E-6                   3.5000000000000004E-5    10                       2.96650519980415E-6      2.96650519980415E-6
5.0E-6                   3.5000000000000004E-5    100                      8.882531592416813E-6     8.882531592416813E-6
5.0E-6                   3.5000000000000004E-5    100                      8.882531592416813E-6     8.882531592416813E-6
5.0E-6                   3.5000000000000004E-5    200                      1.2640503923743451E-5    1.2640503923743451E-5
5.0E-6                   3.5000000000000004E-5    300                      1.5502600636668737E-5    1.5502600636668737E-5
5.0E-6                   3.5000000000000004E-5    400                      1.7920071040655212E-5    1.7920071040655212E-5
5.0E-6                   3.5000000000000004E-5    500                      2.005205630306432E-5     2.005205630306432E-5
5.0E-6                   3.5000000000000004E-5    600                      2.1977585882070865E-5    2.1977585882070865E-5
5.0E-6                   3.5000000000000004E-5    700                      2.3747518181685638E-5    2.3747518181685638E-5
5.0E-6                   3.5000000000000004E-5    800                      2.5397202180344004E-5    2.5397202180344004E-5
5.0E-6                   3.5000000000000004E-5    900                      2.694783981288371E-5     2.694783981288371E-5
5.0E-6                   3.5000000000000004E-5    1000                     2.8414489619467104E-5    2.8414489619467104E-5
5.0E-6                   3.5000000000000004E-5    2000                     4.024810888765124E-5     4.024810888765124E-5
5.0E-6                   3.5000000000000004E-5    3000                     4.9313470899016084E-5    4.9313470899016084E-5
5.0E-6                   3.5000000000000004E-5    4000                     5.6948093193980254E-5    5.6948093193980254E-5
5.0E-6                   3.5000000000000004E-5    5000                     6.366036277206278E-5     6.366036277206278E-5
5.0E-6                   3.5000000000000004E-5    6000                     6.970996170308471E-5     6.970996170308471E-5
5.0E-6                   3.5000000000000004E-5    7000                     7.525685432312509E-5     7.525685432312509E-5
5.0E-6                   3.5000000000000004E-5    8000                     8.041179194551906E-5     8.041179194551906E-5
5.0E-6                   3.5000000000000004E-5    9000                     8.523480880309406E-5     8.523480880309406E-5
5.0E-6                   3.5000000000000004E-5    10000                    8.977779107121719E-5     8.977779107121719E-5
5.0E-6                   3.5000000000000004E-5    20000                    1.2490353981746706E-4    1.2490353981746706E-4
5.0E-6                   3.5000000000000004E-5    30000                    1.4690755484432304E-4    1.4690755484432304E-4
5.0E-6                   3.5000000000000004E-5    40000                    1.6010985078863553E-4    1.6010985078863553E-4
5.0E-6                   3.5000000000000004E-5    50000                    1.6759113722376949E-4    1.6759113722376949E-4
5.0E-6                   3.5000000000000004E-5    60000                    1.7165337540314422E-4    1.7165337540314422E-4
5.0E-6                   3.5000000000000004E-5    70000                    1.7377572215768918E-4    1.7377572215768918E-4
5.0E-6                   3.5000000000000004E-5    80000                    1.7482766157528423E-4    1.7482766157528423E-4
5.0E-6                   3.5000000000000004E-5    90000                    1.7545663199294829E-4    1.7545663199294829E-4
5.0E-6                   3.5000000000000004E-5    100000                   1.7588917604082806E-4    1.7588917604082806E-4
5.0E-6                   3.5000000000000004E-5    110000                   1.7620212311520705E-4    1.7620212311520705E-4
5.0E-6                   3.5000000000000004E-5    120000                   1.763458104170786E-4     1.763458104170786E-4
5.0E-6                   3.5000000000000004E-5    130000                   1.764479986410836E-4     1.764479986410836E-4
5.0E-6                   3.5000000000000004E-5    140000                   1.7650986423797932E-4    1.7650986423797932E-4
5.0E-6                   3.5000000000000004E-5    150000                   1.7655514678313716E-4    1.7655514678313716E-4
5.0E-6                   3.5000000000000004E-5    160000                   1.7658263687838564E-4    1.7658263687838564E-4
5.0E-6                   3.5000000000000004E-5    170000                   1.7660280827433853E-4    1.7660280827433853E-4
5.0E-6                   3.5000000000000004E-5    180000                   1.7661505744869365E-4    1.7661505744869365E-4
5.0E-6                   3.5000000000000004E-5    190000                   1.7662404764999886E-4    1.7662404764999886E-4
5.0E-6                   3.5000000000000004E-5    200000                   1.7662950774230212E-4    1.7662950774230212E-4
1.0E-5                   5.0E-6                   0                        0                        0
1.0E-5                   5.0E-6                   0.1                      0                        0
1.0E-5                   5.0E-6                   0.2                      0                        0
1.0E-5                   5.0E-6                   0.30000000000000004      0                        0
1.0E-5                   5.0E-6                   0.4                      0                        0
1.0E-5                   5.0E-6                   0.5                      0                        0
1.0E-5                   5.0E-6                   0.6000000000000001       0                        0
1.0E-5                   5.0E-6                   0.7000000000000001       0                        0
1.0E-5                   5.0E-6                   0.8                      0                        0
1.0E-5                   5.0E-6                   0.9                      0                        0
1.0E-5                   5.0E-6                   1                        9.583656242062068E-7     9.583656242062068E-7
1.0E-5                   5.0E-6                   1.1                      1.7936079604405195E-6    1.7936079604405195E-6
1.0E-5                   5.0E-6                   1.2000000000000002       1.8087923543675214E-6    1.8087923543675214E-6
1.0E-5                   5.0E-6                   1.3                      1.823805952256392E-6     1.823805952256392E-6
1.0E-5                   5.0E-6                   1.4000000000000001       1.838737440709232E-6     1.838737440709232E-6
1.0E-5                   5.0E-6                   1.5                      1.853602113238523E-6     1.853602113238523E-6
1.0E-5                   5.0E-6                   1.6                      1.868416025201323E-6     1.868416025201323E-6
1.0E-5                   5.0E-6                   1.7000000000000002       1.8831063370703489E-6    1.8831063370703489E-6
1.0E-5                   5.0E-6                   1.8                      1.8977270147805345E-6    1.8977270147805345E-6
1.0E-5                   5.0E-6                   1.9000000000000001       1.912303015375406E-6     1.912303015375406E-6
1.0E-5                   5.0E-6                   2                        1.9268344330920308E-6    1.9268344330920308E-6
1.0E-5                   5.0E-6                   5                        2.3359419635247617E-6    2.3359419635247617E-6
1.0E-5                   5.0E-6                   10                       2.934502157683069E-6     2.934502157683069E-6
1.0E-5                   5.0E-6                   100                      8.677931775644895E-6     8.677931775644895E-6
1.0E-5                   5.0E-6                   100                      8.677931775644895E-6     8.677931775644895E-6
1.0E-5                   5.0E-6                   200                      1.2317039800889016E-5    1.2317039800889016E-5
1.0E-5                   5.0E-6                   300                      1.510065613280245E-5     1.510065613280245E-5
1.0E-5                   5.0E-6                   400                      1.743287128955957E-5     1.743287128955957E-5
1.0E-5                   5.0E-6                   500                      1.9481108365407273E-5    1.9481108365407273E-5
1.0E-5                   5.0E-6                   600                      2.1334150088962593E-5    2.1334150088962593E-5
1.0E-5                   5.0E-6                   700                      2.3045283439579486E-5    2.3045283439579486E-5
1.0E-5                   5.0E-6                   800                      2.4639184747117404E-5    2.4639184747117404E-5
1.0E-5                   5.0E-6                   900                      2.6131290333137676E-5    2.6131290333137676E-5
1.0E-5                   5.0E-6                   1000                     2.7538716825340242E-5    2.7538716825340242E-5
1.0E-5                   5.0E-6                   2000                     3.89265390910894E-5      3.89265390910894E-5
1.0E-5                   5.0E-6                   3000                     4.7650649441000136E-5    4.7650649441000136E-5
1.0E-5                   5.0E-6                   4000                     5.501637681932902E-5     5.501637681932902E-5
1.0E-5                   5.0E-6                   5000                     6.15030984808277E-5      6.15030984808277E-5
1.0E-5                   5.0E-6                   6000                     6.73706968547977E-5      6.73706968547977E-5
1.0E-5                   5.0E-6                   7000                     7.276006009125504E-5     7.276006009125504E-5
1.0E-5                   5.0E-6                   8000                     7.777064502066846E-5     7.777064502066846E-5
1.0E-5                   5.0E-6                   9000                     8.246775155658158E-5     8.246775155658158E-5
1.0E-5                   5.0E-6                   10000                    8.690423559246392E-5     8.690423559246392E-5
1.0E-5                   5.0E-6                   20000                    1.2174129627137973E-4    1.2174129627137973E-4
1.0E-5                   5.0E-6                   30000                    1.4419026889000847E-4    1.4419026889000847E-4
1.0E-5                   5.0E-6                   40000                    1.5823471896112007E-4    1.5823471896112007E-4
1.0E-5                   5.0E-6                   50000                    1.6666129189432446E-4    1.6666129189432446E-4
1.0E-5                   5.0E-6                   60000                    1.7147800896101474E-4    1.7147800896101474E-4
1.0E-5                   5.0E-6                   70000                    1.74098597385623E-4      1.74098597385623E-4
1.0E-5                   5.0E-6                   80000                    1.7531818901285253E-4    1.7531818901285253E-4
1.0E-5                   5.0E-6                   90000                    1.7582269121878033E-4    1.7582269121878033E-4
1.0E-5                   5.0E-6                   100000                   1.762357417768674E-4     1.762357417768674E-4
1.0E-5                   5.0E-6                   110000                   1.7640261882725258E-4    1.7640261882725258E-4
1.0E-5                   5.0E-6                   120000                   1.7653240398931303E-4    1.7653240398931303E-4
1.0E-5                   5.0E-6                   130000                   1.766125058115097E-4     1.766125058115097E-4
1.0E-5                   5.0E-6                   140000                   1.7665629267358418E-4    1.7665629267358418E-4
1.0E-5                   5.0E-6                   150000                   1.7668655141519503E-4    1.7668655141519503E-4
1.0E-5                   5.0E-6                   160000                   1.7670479066259716E-4    1.7670479066259716E-4
1.0E-5                   5.0E-6                   170000                   1.767185513582352E-4     1.767185513582352E-4
1.0E-5                   5.0E-6                   180000                   1.7672685415477706E-4    1.7672685415477706E-4
1.0E-5                   5.0E-6                   190000                   1.767331232269397E-4     1.767331232269397E-4
1.0E-5                   5.0E-6                   200000                   1.7673690630982594E-4    1.7673690630982594E-4
1.0E-5                   1.25E-5                  0                        0                        0
1.0E-5                   1.25E-5                  0.1                      0                        0
1.0E-5                   1.25E-5                  0.2                      0                        0
1.0E-5                   1.25E-5                  0.30000000000000004      0                        0
1.0E-5                   1.25E-5                  0.4                      0                        0
1.0E-5                   1.25E-5                  0.5                      0                        0
1.0E-5                   1.25E-5                  0.6000000000000001       0                        0
1.0E-5                   1.25E-5                  0.7000000000000001       0                        0
1.0E-5                   1.25E-5                  0.8                      0                        0
1.0E-5                   1.25E-5                  0.9                      0                        0
1.0E-5                   1.25E-5                  1                        9.5662115116723E-7       9.5662115116723E-7
1.0E-5                   1.25E-5                  1.1                      1.790159148334476E-6     1.790159148334476E-6
1.0E-5                   1.25E-5                  1.2000000000000002       1.8058588880704878E-6    1.8058588880704878E-6
1.0E-5                   1.25E-5                  1.3                      1.8213791867072235E-6    1.8213791867072235E-6
1.0E-5                   1.25E-5                  1.4000000000000001       1.8368092343635111E-6    1.8368092343635111E-6
1.0E-5                   1.25E-5                  1.5                      1.8521670377814635E-6    1.8521670377814635E-6
1.0E-5                   1.25E-5                  1.6                      1.8674697058536652E-6    1.8674697058536652E-6
1.0E-5                   1.25E-5                  1.7000000000000002       1.88263481166798E-6      1.88263481166798E-6
1.0E-5                   1.25E-5                  1.8                      1.8977261431014541E-6    1.8977261431014541E-6
1.0E-5                   1.25E-5                  1.9000000000000001       1.912769184174843E-6     1.912769184174843E-6
1.0E-5                   1.25E-5                  2                        1.927764049418693E-6     1.927764049418693E-6
1.0E-5                   1.25E-5                  5                        2.348515378358264E-6     2.348515378358264E-6
1.0E-5                   1.25E-5                  10                       2.960707949260713E-6     2.960707949260713E-6
1.0E-5                   1.25E-5                  100                      8.788807898847215E-6     8.788807898847215E-6
1.0E-5                   1.25E-5                  100                      8.788807898847215E-6     8.788807898847215E-6
1.0E-5                   1.25E-5                  200                      1.2477245096710415E-5    1.2477245096710415E-5
1.0E-5                   1.25E-5                  300                      1.529683786962608E-5     1.529683786962608E-5
1.0E-5                   1.25E-5                  400                      1.7659465384082794E-5    1.7659465384082794E-5
1.0E-5                   1.25E-5                  500                      1.9733550648143926E-5    1.9733550648143926E-5
1.0E-5                   1.25E-5                  600                      2.1611573509110692E-5    2.1611573509110692E-5
1.0E-5                   1.25E-5                  700                      2.3343430235524036E-5    2.3343430235524036E-5
1.0E-5                   1.25E-5                  800                      2.4953390759868158E-5    2.4953390759868158E-5
1.0E-5                   1.25E-5                  900                      2.645968890513522E-5     2.645968890513522E-5
1.0E-5                   1.25E-5                  1000                     2.78822250082987E-5      2.78822250082987E-5
1.0E-5                   1.25E-5                  2000                     3.937369414371884E-5     3.937369414371884E-5
1.0E-5                   1.25E-5                  3000                     4.81667619977648E-5      4.81667619977648E-5
1.0E-5                   1.25E-5                  4000                     5.557387825619276E-5     5.557387825619276E-5
1.0E-5                   1.25E-5                  5000                     6.208058386991097E-5     6.208058386991097E-5
1.0E-5                   1.25E-5                  6000                     6.796623077310533E-5     6.796623077310533E-5
1.0E-5                   1.25E-5                  7000                     7.338261981391461E-5     7.338261981391461E-5
1.0E-5                   1.25E-5                  8000                     7.842184939007283E-5     7.842184939007283E-5
1.0E-5                   1.25E-5                  9000                     8.314754981446751E-5     8.314754981446751E-5
1.0E-5                   1.25E-5                  10000                    8.760809476434254E-5     8.760809476434254E-5
1.0E-5                   1.25E-5                  20000                    1.224762165146652E-4     1.224762165146652E-4
1.0E-5                   1.25E-5                  30000                    1.4479486917648603E-4    1.4479486917648603E-4
1.0E-5                   1.25E-5                  40000                    1.584863810903445E-4     1.584863810903445E-4
1.0E-5                   1.25E-5                  50000                    1.6643465634357633E-4    1.6643465634357633E-4
1.0E-5                   1.25E-5                  60000                    1.7086395266525275E-4    1.7086395266525275E-4
1.0E-5                   1.25E-5                  70000                    1.7326959832193075E-4    1.7326959832193075E-4
1.0E-5                   1.25E-5                  80000                    1.7459945800105795E-4    1.7459945800105795E-4
1.0E-5                   1.25E-5                  90000                    1.753603955190432E-4     1.753603955190432E-4
1.0E-5                   1.25E-5                  100000                   1.7579543035947914E-4    1.7579543035947914E-4
1.0E-5                   1.25E-5                  110000                   1.7611722733064841E-4    1.7611722733064841E-4
1.0E-5                   1.25E-5                  120000                   1.763151587751945E-4     1.763151587751945E-4
1.0E-5                   1.25E-5                  130000                   1.7642650631653612E-4    1.7642650631653612E-4
1.0E-5                   1.25E-5                  140000                   1.7650177387569768E-4    1.7650177387569768E-4
1.0E-5                   1.25E-5                  150000                   1.765348360607263E-4     1.765348360607263E-4
1.0E-5                   1.25E-5                  160000                   1.7655557460062623E-4    1.7655557460062623E-4
1.0E-5                   1.25E-5                  170000                   1.7655545537882542E-4    1.7655545537882542E-4
1.0E-5                   1.25E-5                  180000                   1.7655625852383132E-4    1.7655625852383132E-4
1.0E-5                   1.25E-5                  190000                   1.7655077042112266E-4    1.7655077042112266E-4
1.0E-5                   1.25E-5                  200000                   1.765468865932119E-4     1.765468865932119E-4
1.0E-5                   2.0E-5                   0                        0                        0
1.0E-5                   2.0E-5                   0.1                      0                        0
1.0E-5                   2.0E-5                   0.2                      0                        0
1.0E-5                   2.0E-5                   0.30000000000000004      0                        0
1.0E-5                   2.0E-5                   0.4                      0                        0
1.0E-5                   2.0E-5                   0.5                      0                        0
1.0E-5                   2.0E-5                   0.6000000000000001       0                        0
1.0E-5                   2.0E-5                   0.7000000000000001       0                        0
1.0E-5                   2.0E-5                   0.8                      0                        0
1.0E-5                   2.0E-5                   0.9                      0                        0
1.0E-5                   2.0E-5                   1                        9.614117198041261E-7     9.614117198041261E-7
1.0E-5                   2.0E-5                   1.1                      1.800035009920821E-6     1.800035009920821E-6
1.0E-5                   2.0E-5                   1.2000000000000002       1.8160888410078185E-6    1.8160888410078185E-6
1.0E-5                   2.0E-5                   1.3                      1.8319625241544448E-6    1.8319625241544448E-6
1.0E-5                   2.0E-5                   1.4000000000000001       1.8477441607770367E-6    1.8477441607770367E-6
1.0E-5                   2.0E-5                   1.5                      1.8634519344436498E-6    1.8634519344436498E-6
1.0E-5                   2.0E-5                   1.6                      1.8791030446974854E-6    1.8791030446974854E-6
1.0E-5                   2.0E-5                   1.7000000000000002       1.8946138414473085E-6    1.8946138414473085E-6
1.0E-5                   2.0E-5                   1.8                      1.9100494108386696E-6    1.9100494108386696E-6
1.0E-5                   2.0E-5                   1.9000000000000001       1.92543514987591E-6      1.92543514987591E-6
1.0E-5                   2.0E-5                   2                        1.9407711626715204E-6    1.9407711626715204E-6
1.0E-5                   2.0E-5                   5                        2.370898451225877E-6     2.370898451225877E-6
1.0E-5                   2.0E-5                   10                       2.995502022750694E-6     2.995502022750694E-6
1.0E-5                   2.0E-5                   100                      8.900413620113872E-6     8.900413620113872E-6
1.0E-5                   2.0E-5                   100                      8.900413620113872E-6     8.900413620113872E-6
1.0E-5                   2.0E-5                   200                      1.2639583359951532E-5    1.2639583359951532E-5
1.0E-5                   2.0E-5                   300                      1.5500938688049186E-5    1.5500938688049186E-5
1.0E-5                   2.0E-5                   400                      1.789956556074244E-5     1.789956556074244E-5
1.0E-5                   2.0E-5                   500                      2.0005774229984075E-5    2.0005774229984075E-5
1.0E-5                   2.0E-5                   600                      2.191279415523343E-5     2.191279415523343E-5
1.0E-5                   2.0E-5                   700                      2.3671956490907966E-5    2.3671956490907966E-5
1.0E-5                   2.0E-5                   800                      2.5307904767237812E-5    2.5307904767237812E-5
1.0E-5                   2.0E-5                   900                      2.6838497352432993E-5    2.6838497352432993E-5
1.0E-5                   2.0E-5                   1000                     2.82834145078439E-5      2.82834145078439E-5
1.0E-5                   2.0E-5                   2000                     3.995030035471914E-5     3.995030035471914E-5
1.0E-5                   2.0E-5                   3000                     4.886371304208019E-5     4.886371304208019E-5
1.0E-5                   2.0E-5                   4000                     5.6364456589827705E-5    5.6364456589827705E-5
1.0E-5                   2.0E-5                   5000                     6.294533537041299E-5     6.294533537041299E-5
1.0E-5                   2.0E-5                   6000                     6.889261851884917E-5     6.889261851884917E-5
1.0E-5                   2.0E-5                   7000                     7.436101288364444E-5     7.436101288364444E-5
1.0E-5                   2.0E-5                   8000                     7.944466261180879E-5     7.944466261180879E-5
1.0E-5                   2.0E-5                   9000                     8.420836832959327E-5     8.420836832959327E-5
1.0E-5                   2.0E-5                   10000                    8.870082249753559E-5     8.870082249753559E-5
1.0E-5                   2.0E-5                   20000                    1.2363940213755466E-4    1.2363940213755466E-4
1.0E-5                   2.0E-5                   30000                    1.4574858375412435E-4    1.4574858375412435E-4
1.0E-5                   2.0E-5                   40000                    1.5914573663380216E-4    1.5914573663380216E-4
1.0E-5                   2.0E-5                   50000                    1.668241214186074E-4     1.668241214186074E-4
1.0E-5                   2.0E-5                   60000                    1.710412960078568E-4     1.710412960078568E-4
1.0E-5                   2.0E-5                   70000                    1.732932384065912E-4     1.732932384065912E-4
1.0E-5                   2.0E-5                   80000                    1.7452846633332115E-4    1.7452846633332115E-4
1.0E-5                   2.0E-5                   90000                    1.752200908551502E-4     1.752200908551502E-4
1.0E-5                   2.0E-5                   100000                   1.756306051826332E-4     1.756306051826332E-4
1.0E-5                   2.0E-5                   110000                   1.7593164845433926E-4    1.7593164845433926E-4
1.0E-5                   2.0E-5                   120000                   1.7612202723275153E-4    1.7612202723275153E-4
1.0E-5                   2.0E-5                   130000                   1.7624404230869858E-4    1.7624404230869858E-4
1.0E-5                   2.0E-5                   140000                   1.763046672523939E-4     1.763046672523939E-4
1.0E-5                   2.0E-5                   150000                   1.7634133431148913E-4    1.7634133431148913E-4
1.0E-5                   2.0E-5                   160000                   1.763484551557853E-4     1.763484551557853E-4
1.0E-5                   2.0E-5                   170000                   1.763528004729945E-4     1.763528004729945E-4
1.0E-5                   2.0E-5                   180000                   1.7634744255204483E-4    1.7634744255204483E-4
1.0E-5                   2.0E-5                   190000                   1.7634392551651084E-4    1.7634392551651084E-4
1.0E-5                   2.0E-5                   200000                   1.7633886236508532E-4    1.7633886236508532E-4
1.0E-5                   2.75E-5                  0                        0                        0
1.0E-5                   2.75E-5                  0.1                      0                        0
1.0E-5                   2.75E-5                  0.2                      0                        0
1.0E-5                   2.75E-5                  0.30000000000000004      0                        0
1.0E-5                   2.75E-5                  0.4                      0                        0
1.0E-5                   2.75E-5                  0.5                      0                        0
1.0E-5                   2.75E-5                  0.6000000000000001       0                        0
1.0E-5                   2.75E-5                  0.7000000000000001       0                        0
1.0E-5                   2.75E-5                  0.8                      0                        0
1.0E-5                   2.75E-5                  0.9                      0                        0
1.0E-5                   2.75E-5                  1                        9.936560649060264E-7     9.936560649060264E-7
1.0E-5                   2.75E-5                  1.1                      1.8588949200686318E-6    1.8588949200686318E-6
1.0E-5                   2.75E-5                  1.2000000000000002       1.8748182125554391E-6    1.8748182125554391E-6
1.0E-5                   2.75E-5                  1.3                      1.8905593233308753E-6    1.8905593233308753E-6
1.0E-5                   2.75E-5                  1.4000000000000001       1.906210624542208E-6     1.906210624542208E-6
1.0E-5                   2.75E-5                  1.5                      1.9217908539917622E-6    1.9217908539917622E-6
1.0E-5                   2.75E-5                  1.6                      1.9373160963182654E-6    1.9373160963182654E-6
1.0E-5                   2.75E-5                  1.7000000000000002       1.9527033473332722E-6    1.9527033473332722E-6
1.0E-5                   2.75E-5                  1.8                      1.9680197521694444E-6    1.9680197521694444E-6
1.0E-5                   2.75E-5                  1.9000000000000001       1.983287794874803E-6     1.983287794874803E-6
1.0E-5                   2.75E-5                  2                        1.9985075780524984E-6    1.9985075780524984E-6
1.0E-5                   2.75E-5                  5                        2.4260383346788474E-6    2.4260383346788474E-6
1.0E-5                   2.75E-5                  10                       3.0489997821728356E-6    3.0489997821728356E-6
1.0E-5                   2.75E-5                  100                      9.010085102659202E-6     9.010085102659202E-6
1.0E-5                   2.75E-5                  100                      9.010085102659202E-6     9.010085102659202E-6
1.0E-5                   2.75E-5                  200                      1.2800278377204263E-5    1.2800278377204263E-5
1.0E-5                   2.75E-5                  300                      1.569475556608622E-5     1.569475556608622E-5
1.0E-5                   2.75E-5                  400                      1.8137122913358917E-5    1.8137122913358917E-5
1.0E-5                   2.75E-5                  500                      2.029273340026054E-5     2.029273340026054E-5
1.0E-5                   2.75E-5                  600                      2.2234519304172558E-5    2.2234519304172558E-5
1.0E-5                   2.75E-5                  700                      2.40160056465819E-5      2.40160056465819E-5
1.0E-5                   2.75E-5                  800                      2.5672367276866395E-5    2.5672367276866395E-5
1.0E-5                   2.75E-5                  900                      2.7224956728737943E-5    2.7224956728737943E-5
1.0E-5                   2.75E-5                  1000                     2.8692516403384964E-5    2.8692516403384964E-5
1.0E-5                   2.75E-5                  2000                     4.056106716908156E-5     4.056106716908156E-5
1.0E-5                   2.75E-5                  3000                     4.9648398029782504E-5    4.9648398029782504E-5
1.0E-5                   2.75E-5                  4000                     5.726588682029545E-5     5.726588682029545E-5
1.0E-5                   2.75E-5                  5000                     6.395048826455869E-5     6.395048826455869E-5
1.0E-5                   2.75E-5                  6000                     6.999733131683287E-5     6.999733131683287E-5
1.0E-5                   2.75E-5                  7000                     7.554387358400703E-5     7.554387358400703E-5
1.0E-5                   2.75E-5                  8000                     8.067984613449844E-5     8.067984613449844E-5
1.0E-5                   2.75E-5                  9000                     8.548544554036017E-5     8.548544554036017E-5
1.0E-5                   2.75E-5                  10000                    9.001255605579617E-5     9.001255605579617E-5
1.0E-5                   2.75E-5                  20000                    1.2501485740250471E-4    1.2501485740250471E-4
1.0E-5                   2.75E-5                  30000                    1.4684836124289767E-4    1.4684836124289767E-4
1.0E-5                   2.75E-5                  40000                    1.5988891946157641E-4    1.5988891946157641E-4
1.0E-5                   2.75E-5                  50000                    1.6725786696477387E-4    1.6725786696477387E-4
1.0E-5                   2.75E-5                  60000                    1.7124228090029093E-4    1.7124228090029093E-4
1.0E-5                   2.75E-5                  70000                    1.7332924686604367E-4    1.7332924686604367E-4
1.0E-5                   2.75E-5                  80000                    1.7446458852764905E-4    1.7446458852764905E-4
1.0E-5                   2.75E-5                  90000                    1.7509162666565017E-4    1.7509162666565017E-4
1.0E-5                   2.75E-5                  100000                   1.7547310991491738E-4    1.7547310991491738E-4
1.0E-5                   2.75E-5                  110000                   1.7575235875885774E-4    1.7575235875885774E-4
1.0E-5                   2.75E-5                  120000                   1.7592927468794892E-4    1.7592927468794892E-4
1.0E-5                   2.75E-5                  130000                   1.760427156923624E-4     1.760427156923624E-4
1.0E-5                   2.75E-5                  140000                   1.7609824501401046E-4    1.7609824501401046E-4
1.0E-5                   2.75E-5                  150000                   1.7613243092689463E-4    1.7613243092689463E-4
1.0E-5                   2.75E-5                  160000                   1.761385935191507E-4     1.761385935191507E-4
1.0E-5                   2.75E-5                  170000                   1.761426359680639E-4     1.761426359680639E-4
1.0E-5                   2.75E-5                  180000                   1.7613746955126713E-4    1.7613746955126713E-4
1.0E-5                   2.75E-5                  190000                   1.7613421114612168E-4    1.7613421114612168E-4
1.0E-5                   2.75E-5                  200000                   1.761295069758532E-4     1.761295069758532E-4
1.0E-5                   3.5000000000000004E-5    0                        0                        0
1.0E-5                   3.5000000000000004E-5    0.1                      0                        0
1.0E-5                   3.5000000000000004E-5    0.2                      0                        0
1.0E-5                   3.5000000000000004E-5    0.30000000000000004      0                        0
1.0E-5                   3.5000000000000004E-5    0.4                      0                        0
1.0E-5                   3.5000000000000004E-5    0.5                      0                        0
1.0E-5                   3.5000000000000004E-5    0.6000000000000001       0                        0
1.0E-5                   3.5000000000000004E-5    0.7000000000000001       0                        0
1.0E-5                   3.5000000000000004E-5    0.8                      0                        0
1.0E-5                   3.5000000000000004E-5    0.9                      0                        0
1.0E-5                   3.5000000000000004E-5    1                        9.99288755546072E-7      9.99288755546072E-7
1.0E-5                   3.5000000000000004E-5    1.1                      1.8600424743935424E-6    1.8600424743935424E-6
1.0E-5                   3.5000000000000004E-5    1.2000000000000002       1.8760293786293033E-6    1.8760293786293033E-6
1.0E-5                   3.5000000000000004E-5    1.3                      1.89193593208691E-6      1.89193593208691E-6
1.0E-5                   3.5000000000000004E-5    1.4000000000000001       1.9077524042892456E-6    1.9077524042892456E-6
1.0E-5                   3.5000000000000004E-5    1.5                      1.9234975103316527E-6    1.9234975103316527E-6
1.0E-5                   3.5000000000000004E-5    1.6                      1.9391875354842528E-6    1.9391875354842528E-6
1.0E-5                   3.5000000000000004E-5    1.7000000000000002       1.9547442830383557E-6    1.9547442830383557E-6
1.0E-5                   3.5000000000000004E-5    1.8                      1.970223995140568E-6     1.970223995140568E-6
1.0E-5                   3.5000000000000004E-5    1.9000000000000001       1.9856553535277956E-6    1.9856553535277956E-6
1.0E-5                   3.5000000000000004E-5    2                        2.0010384639870656E-6    2.0010384639870656E-6
1.0E-5                   3.5000000000000004E-5    5                        2.4334787155419745E-6    2.4334787155419745E-6
1.0E-5                   3.5000000000000004E-5    10                       3.0647243711909107E-6    3.0647243711909107E-6
1.0E-5                   3.5000000000000004E-5    100                      9.115179385374053E-6     9.115179385374053E-6
1.0E-5                   3.5000000000000004E-5    100                      9.115179385374053E-6     9.115179385374053E-6
1.0E-5                   3.5000000000000004E-5    200                      1.295784079912421E-5     1.295784079912421E-5
1.0E-5                   3.5000000000000004E-5    300                      1.5893688190606063E-5    1.5893688190606063E-5
1.0E-5                   3.5000000000000004E-5    400                      1.8372009413643167E-5    1.8372009413643167E-5
1.0E-5                   3.5000000000000004E-5    500                      2.0560444135840172E-5    2.0560444135840172E-5
1.0E-5                   3.5000000000000004E-5    600                      2.2533031282237613E-5    2.2533031282237613E-5
1.0E-5                   3.5000000000000004E-5    700                      2.4343446028910085E-5    2.4343446028910085E-5
1.0E-5                   3.5000000000000004E-5    800                      2.6027257810280116E-5    2.6027257810280116E-5
1.0E-5                   3.5000000000000004E-5    900                      2.7605705356207884E-5    2.7605705356207884E-5
1.0E-5                   3.5000000000000004E-5    1000                     2.909793543754795E-5     2.909793543754795E-5
1.0E-5                   3.5000000000000004E-5    2000                     4.1177130702651524E-5    4.1177130702651524E-5
1.0E-5                   3.5000000000000004E-5    3000                     5.042861406197675E-5     5.042861406197675E-5
1.0E-5                   3.5000000000000004E-5    4000                     5.817955174849194E-5     5.817955174849194E-5
1.0E-5                   3.5000000000000004E-5    5000                     6.49712220404022E-5      6.49712220404022E-5
1.0E-5                   3.5000000000000004E-5    6000                     7.110461968044737E-5     7.110461968044737E-5
1.0E-5                   3.5000000000000004E-5    7000                     7.672414951860283E-5     7.672414951860283E-5
1.0E-5                   3.5000000000000004E-5    8000                     8.19187060412512E-5      8.19187060412512E-5
1.0E-5                   3.5000000000000004E-5    9000                     8.677060568546092E-5     8.677060568546092E-5
1.0E-5                   3.5000000000000004E-5    10000                    9.133260925431392E-5     9.133260925431392E-5
1.0E-5                   3.5000000000000004E-5    20000                    1.2631761073230244E-4    1.2631761073230244E-4
1.0E-5                   3.5000000000000004E-5    30000                    1.478316145591549E-4     1.478316145591549E-4
1.0E-5                   3.5000000000000004E-5    40000                    1.6051965598394736E-4    1.6051965598394736E-4
1.0E-5                   3.5000000000000004E-5    50000                    1.6760295986118398E-4    1.6760295986118398E-4
1.0E-5                   3.5000000000000004E-5    60000                    1.7138250250273645E-4    1.7138250250273645E-4
1.0E-5                   3.5000000000000004E-5    70000                    1.733259039606096E-4     1.733259039606096E-4
1.0E-5                   3.5000000000000004E-5    80000                    1.7437389515229275E-4    1.7437389515229275E-4
1.0E-5                   3.5000000000000004E-5    90000                    1.7493326044371317E-4    1.7493326044371317E-4
1.0E-5                   3.5000000000000004E-5    100000                   1.7529717003405835E-4    1.7529717003405835E-4
1.0E-5                   3.5000000000000004E-5    110000                   1.7555774638401637E-4    1.7555774638401637E-4
1.0E-5                   3.5000000000000004E-5    120000                   1.7572481174045305E-4    1.7572481174045305E-4
1.0E-5                   3.5000000000000004E-5    130000                   1.7583401474533596E-4    1.7583401474533596E-4
1.0E-5                   3.5000000000000004E-5    140000                   1.7588646631461468E-4    1.7588646631461468E-4
1.0E-5                   3.5000000000000004E-5    150000                   1.7592094583905414E-4    1.7592094583905414E-4
1.0E-5                   3.5000000000000004E-5    160000                   1.7592704514919638E-4    1.7592704514919638E-4
1.0E-5                   3.5000000000000004E-5    170000                   1.759319790323742E-4     1.759319790323742E-4
1.0E-5                   3.5000000000000004E-5    180000                   1.7592729539994714E-4    1.7592729539994714E-4
1.0E-5                   3.5000000000000004E-5    190000                   1.759246492104141E-4     1.759246492104141E-4
1.0E-5                   3.5000000000000004E-5    200000                   1.7592027736077474E-4    1.7592027736077474E-4
2.0E-5                   5.0E-6                   0                        0                        0
2.0E-5                   5.0E-6                   0.1                      0                        0
2.0E-5                   5.0E-6                   0.2                      0                        0
2.0E-5                   5.0E-6                   0.30000000000000004      0                        0
2.0E-5                   5.0E-6                   0.4                      0                        0
2.0E-5                   5.0E-6                   0.5                      0                        0
2.0E-5                   5.0E-6                   0.6000000000000001       0                        0
2.0E-5                   5.0E-6                   0.7000000000000001       0                        0
2.0E-5                   5.0E-6                   0.8                      0                        0
2.0E-5                   5.0E-6                   0.9                      0                        0
2.0E-5                   5.0E-6                   1                        9.71269994711763E-7      9.71269994711763E-7
2.0E-5                   5.0E-6                   1.1                      1.817808712521991E-6     1.817808712521991E-6
2.0E-5                   5.0E-6                   1.2000000000000002       1.8332466371329702E-6    1.8332466371329702E-6
2.0E-5                   5.0E-6                   1.3                      1.848508847530036E-6     1.848508847530036E-6
2.0E-5                   5.0E-6                   1.4000000000000001       1.8636837532919764E-6    1.8636837532919764E-6
2.0E-5                   5.0E-6                   1.5                      1.8787879730706546E-6    1.8787879730706546E-6
2.0E-5                   5.0E-6                   1.6                      1.8938385937858046E-6    1.8938385937858046E-6
2.0E-5                   5.0E-6                   1.7000000000000002       1.9087571179012604E-6    1.9087571179012604E-6
2.0E-5                   5.0E-6                   1.8                      1.9236024340525125E-6    1.9236024340525125E-6
2.0E-5                   5.0E-6                   1.9000000000000001       1.9384007211934754E-6    1.9384007211934754E-6
2.0E-5                   5.0E-6                   2                        1.953152077819776E-6     1.953152077819776E-6
2.0E-5                   5.0E-6                   5                        2.3673912463395147E-6    2.3673912463395147E-6
2.0E-5                   5.0E-6                   10                       2.9707802058676684E-6    2.9707802058676684E-6
2.0E-5                   5.0E-6                   100                      8.73295033441265E-6      8.73295033441265E-6
2.0E-5                   5.0E-6                   100                      8.73295033441265E-6      8.73295033441265E-6
2.0E-5                   5.0E-6                   200                      1.2384920073255789E-5    1.2384920073255789E-5
2.0E-5                   5.0E-6                   300                      1.5176592594450978E-5    1.5176592594450978E-5
2.0E-5                   5.0E-6                   400                      1.7514765610479215E-5    1.7514765610479215E-5
2.0E-5                   5.0E-6                   500                      1.9567478529325703E-5    1.9567478529325703E-5
2.0E-5                   5.0E-6                   600                      2.1425084496952142E-5    2.1425084496952142E-5
2.0E-5                   5.0E-6                   700                      2.3139859328145093E-5    2.3139859328145093E-5
2.0E-5                   5.0E-6                   800                      2.47361695620084E-5      2.47361695620084E-5
2.0E-5                   5.0E-6                   900                      2.6230140693403357E-5    2.6230140693403357E-5
2.0E-5                   5.0E-6                   1000                     2.763980038638774E-5     2.763980038638774E-5
2.0E-5                   5.0E-6                   2000                     3.904312336086049E-5     3.904312336086049E-5
2.0E-5                   5.0E-6                   3000                     4.777830996869934E-5     4.777830996869934E-5
2.0E-5                   5.0E-6                   4000                     5.514968678686118E-5     5.514968678686118E-5
2.0E-5                   5.0E-6                   5000                     6.164310123690032E-5     6.164310123690032E-5
2.0E-5                   5.0E-6                   6000                     6.751427388662024E-5     6.751427388662024E-5
2.0E-5                   5.0E-6                   7000                     7.290839874017974E-5     7.290839874017974E-5
2.0E-5                   5.0E-6                   8000                     7.792088326763348E-5     7.792088326763348E-5
2.0E-5                   5.0E-6                   9000                     8.262026470442947E-5     8.262026470442947E-5
2.0E-5                   5.0E-6                   10000                    8.705912999300733E-5     8.705912999300733E-5
2.0E-5                   5.0E-6                   20000                    1.2187476624591785E-4    1.2187476624591785E-4
2.0E-5                   5.0E-6                   30000                    1.4423410071344648E-4    1.4423410071344648E-4
2.0E-5                   5.0E-6                   40000                    1.5816165596609465E-4    1.5816165596609465E-4
2.0E-5                   5.0E-6                   50000                    1.66477168978422E-4      1.66477168978422E-4
2.0E-5                   5.0E-6                   60000                    1.7120157139187525E-4    1.7120157139187525E-4
2.0E-5                   5.0E-6                   70000                    1.737699831827385E-4     1.737699831827385E-4
2.0E-5                   5.0E-6                   80000                    1.7493759498009878E-4    1.7493759498009878E-4
2.0E-5                   5.0E-6                   90000                    1.7544147402003763E-4    1.7544147402003763E-4
2.0E-5                   5.0E-6                   100000                   1.7583562741718076E-4    1.7583562741718076E-4
2.0E-5                   5.0E-6                   110000                   1.7599550948255198E-4    1.7599550948255198E-4
2.0E-5                   5.0E-6                   120000                   1.7612145350969283E-4    1.7612145350969283E-4
2.0E-5                   5.0E-6                   130000                   1.7620364581663733E-4    1.7620364581663733E-4
2.0E-5                   5.0E-6                   140000                   1.7624196751833113E-4    1.7624196751833113E-4
2.0E-5                   5.0E-6                   150000                   1.7627283667235726E-4    1.7627283667235726E-4
2.0E-5                   5.0E-6                   160000                   1.7628927473449808E-4    1.7628927473449808E-4
2.0E-5                   5.0E-6                   170000                   1.7630326122362197E-4    1.7630326122362197E-4
2.0E-5                   5.0E-6                   180000                   1.7631071892288932E-4    1.7631071892288932E-4
2.0E-5                   5.0E-6                   190000                   1.7631706762151136E-4    1.7631706762151136E-4
2.0E-5                   5.0E-6                   200000                   1.763204533780231E-4     1.763204533780231E-4
2.0E-5                   1.25E-5                  0                        0                        0
2.0E-5                   1.25E-5                  0.1                      0                        0
2.0E-5                   1.25E-5                  0.2                      0                        0
2.0E-5                   1.25E-5                  0.30000000000000004      0                        0
2.0E-5                   1.25E-5                  0.4                      0                        0
2.0E-5                   1.25E-5                  0.5                      0                        0
2.0E-5                   1.25E-5                  0.6000000000000001       0                        0
2.0E-5                   1.25E-5                  0.7000000000000001       0                        0
2.0E-5                   1.25E-5                  0.8                      0                        0
2.0E-5                   1.25E-5                  0.9                      0                        0
2.0E-5                   1.25E-5                  1                        9.970349030714869E-7     9.970349030714869E-7
2.0E-5                   1.25E-5                  1.1                      1.8651200809105826E-6    1.8651200809105826E-6
2.0E-5                   1.25E-5                  1.2000000000000002       1.8807771099978168E-6    1.8807771099978168E-6
2.0E-5                   1.25E-5                  1.3                      1.896256698102202E-6     1.896256698102202E-6
2.0E-5                   1.25E-5                  1.4000000000000001       1.91165212375458E-6      1.91165212375458E-6
2.0E-5                   1.25E-5                  1.5                      1.9269796990305356E-6    1.9269796990305356E-6
2.0E-5                   1.25E-5                  1.6                      1.942254979808039E-6     1.942254979808039E-6
2.0E-5                   1.25E-5                  1.7000000000000002       1.9574024936022605E-6    1.9574024936022605E-6
2.0E-5                   1.25E-5                  1.8                      1.972480640322269E-6     1.972480640322269E-6
2.0E-5                   1.25E-5                  1.9000000000000001       1.9875124799610216E-6    1.9875124799610216E-6
2.0E-5                   1.25E-5                  2                        2.002498106678928E-6     2.002498106678928E-6
2.0E-5                   1.25E-5                  5                        2.424091765863209E-6     2.424091765863209E-6
2.0E-5                   1.25E-5                  10                       3.0409530986647422E-6    3.0409530986647422E-6
2.0E-5                   1.25E-5                  100                      8.944858862874494E-6     8.944858862874494E-6
2.0E-5                   1.25E-5                  100                      8.944858862874494E-6     8.944858862874494E-6
2.0E-5                   1.25E-5                  200                      1.2686657883215592E-5    1.2686657883215592E-5
2.0E-5                   1.25E-5                  300                      1.5536209431908127E-5    1.5536209431908127E-5
2.0E-5                   1.25E-5                  400                      1.7936042652737603E-5    1.7936042652737603E-5
2.0E-5                   1.25E-5                  500                      2.0050772752758632E-5    2.0050772752758632E-5
2.0E-5                   1.25E-5                  600                      2.195305541657159E-5     2.195305541657159E-5
2.0E-5                   1.25E-5                  700                      2.3696465263287683E-5    2.3696465263287683E-5
2.0E-5                   1.25E-5                  800                      2.53159923429767E-5      2.53159923429767E-5
2.0E-5                   1.25E-5                  900                      2.683301704601156E-5     2.683301704601156E-5
2.0E-5                   1.25E-5                  1000                     2.8266202389996675E-5    2.8266202389996675E-5
2.0E-5                   1.25E-5                  2000                     3.984317172382014E-5     3.984317172382014E-5
2.0E-5                   1.25E-5                  3000                     4.8706262647084424E-5    4.8706262647084424E-5
2.0E-5                   1.25E-5                  4000                     5.614415769376312E-5     5.614415769376312E-5
2.0E-5                   1.25E-5                  5000                     6.268170062872693E-5     6.268170062872693E-5
2.0E-5                   1.25E-5                  6000                     6.860573259561485E-5     6.860573259561485E-5
2.0E-5                   1.25E-5                  7000                     7.404827213777993E-5     7.404827213777993E-5
2.0E-5                   1.25E-5                  8000                     7.909666777329592E-5     7.909666777329592E-5
2.0E-5                   1.25E-5                  9000                     8.382839683179492E-5     8.382839683179492E-5
2.0E-5                   1.25E-5                  10000                    8.829375287301055E-5     8.829375287301055E-5
2.0E-5                   1.25E-5                  20000                    1.2309920967575798E-4    1.2309920967575798E-4
2.0E-5                   1.25E-5                  30000                    1.4512324948156262E-4    1.4512324948156262E-4
2.0E-5                   1.25E-5                  40000                    1.5845146087045572E-4    1.5845146087045572E-4
2.0E-5                   1.25E-5                  50000                    1.6608059310056802E-4    1.6608059310056802E-4
2.0E-5                   1.25E-5                  60000                    1.7026491750427958E-4    1.7026491750427958E-4
2.0E-5                   1.25E-5                  70000                    1.7249461204612733E-4    1.7249461204612733E-4
2.0E-5                   1.25E-5                  80000                    1.7371631339918288E-4    1.7371631339918288E-4
2.0E-5                   1.25E-5                  90000                    1.7439798360872655E-4    1.7439798360872655E-4
2.0E-5                   1.25E-5                  100000                   1.748049372054529E-4     1.748049372054529E-4
2.0E-5                   1.25E-5                  110000                   1.7510244256115488E-4    1.7510244256115488E-4
2.0E-5                   1.25E-5                  120000                   1.7529067261690384E-4    1.7529067261690384E-4
2.0E-5                   1.25E-5                  130000                   1.7541140214691266E-4    1.7541140214691266E-4
2.0E-5                   1.25E-5                  140000                   1.7547127717766611E-4    1.7547127717766611E-4
2.0E-5                   1.25E-5                  150000                   1.755076402427301E-4     1.755076402427301E-4
2.0E-5                   1.25E-5                  160000                   1.7551465653823262E-4    1.7551465653823262E-4
2.0E-5                   1.25E-5                  170000                   1.755189870813457E-4     1.755189870813457E-4
2.0E-5                   1.25E-5                  180000                   1.755136592674385E-4     1.755136592674385E-4
2.0E-5                   1.25E-5                  190000                   1.755101876119968E-4     1.755101876119968E-4
2.0E-5                   1.25E-5                  200000                   1.755051735567234E-4     1.755051735567234E-4
2.0E-5                   2.0E-5                   0                        0                        0
2.0E-5                   2.0E-5                   0.1                      0                        0
2.0E-5                   2.0E-5                   0.2                      0                        0
2.0E-5                   2.0E-5                   0.30000000000000004      0                        0
2.0E-5                   2.0E-5                   0.4                      0                        0
2.0E-5                   2.0E-5                   0.5                      0                        0
2.0E-5                   2.0E-5                   0.6000000000000001       0                        0
2.0E-5                   2.0E-5                   0.7000000000000001       0                        0
2.0E-5                   2.0E-5                   0.8                      0                        0
2.0E-5                   2.0E-5                   0.9                      0                        0
2.0E-5                   2.0E-5                   1                        1.0187660569893178E-6    1.0187660569893178E-6
2.0E-5                   2.0E-5                   1.1                      1.905198867277304E-6     1.905198867277304E-6
2.0E-5                   2.0E-5                   1.2000000000000002       1.921207052043591E-6     1.921207052043591E-6
2.0E-5                   2.0E-5                   1.3                      1.937032430508786E-6     1.937032430508786E-6
2.0E-5                   2.0E-5                   1.4000000000000001       1.952771967507522E-6     1.952771967507522E-6
2.0E-5                   2.0E-5                   1.5                      1.968442905119089E-6     1.968442905119089E-6
2.0E-5                   2.0E-5                   1.6                      1.9840606909035454E-6    1.9840606909035454E-6
2.0E-5                   2.0E-5                   1.7000000000000002       1.9995476332996146E-6    1.9995476332996146E-6
2.0E-5                   2.0E-5                   1.8                      2.0149652639553287E-6    2.0149652639553287E-6
2.0E-5                   2.0E-5                   1.9000000000000001       2.030335818108551E-6     2.030335818108551E-6
2.0E-5                   2.0E-5                   2                        2.0456593842881265E-6    2.0456593842881265E-6
2.0E-5                   2.0E-5                   5                        2.4769374984722008E-6    2.4769374984722008E-6
2.0E-5                   2.0E-5                   10                       3.1084723299371753E-6    3.1084723299371753E-6
2.0E-5                   2.0E-5                   100                      9.158360170149328E-6     9.158360170149328E-6
2.0E-5                   2.0E-5                   100                      9.158360170149328E-6     9.158360170149328E-6
2.0E-5                   2.0E-5                   200                      1.2994149304889642E-5    1.2994149304889642E-5
2.0E-5                   2.0E-5                   300                      1.5917510121580855E-5    1.5917510121580855E-5
2.0E-5                   2.0E-5                   400                      1.8380825851861266E-5    1.8380825851861266E-5
2.0E-5                   2.0E-5                   500                      2.055213094234268E-5     2.055213094234268E-5
2.0E-5                   2.0E-5                   600                      2.2505580692595235E-5    2.2505580692595235E-5
2.0E-5                   2.0E-5                   700                      2.4295935702880494E-5    2.4295935702880494E-5
2.0E-5                   2.0E-5                   800                      2.5958919293741372E-5    2.5958919293741372E-5
2.0E-5                   2.0E-5                   900                      2.7516440270174798E-5    2.7516440270174798E-5
2.0E-5                   2.0E-5                   1000                     2.898758557286249E-5     2.898758557286249E-5
2.0E-5                   2.0E-5                   2000                     4.085371423450692E-5     4.085371423450692E-5
2.0E-5                   2.0E-5                   3000                     4.991479664183529E-5     4.991479664183529E-5
2.0E-5                   2.0E-5                   4000                     5.750219247399154E-5     5.750219247399154E-5
2.0E-5                   2.0E-5                   5000                     6.415914839007325E-5     6.415914839007325E-5
2.0E-5                   2.0E-5                   6000                     7.018213679350197E-5     7.018213679350197E-5
2.0E-5                   2.0E-5                   7000                     7.570654625169939E-5     7.570654625169939E-5
2.0E-5                   2.0E-5                   8000                     8.082204619142225E-5     8.082204619142225E-5
2.0E-5                   2.0E-5                   9000                     8.560810192485905E-5     8.560810192485905E-5
2.0E-5                   2.0E-5                   10000                    9.011651218269006E-5     9.011651218269006E-5
2.0E-5                   2.0E-5                   20000                    1.248810838316463E-4     1.248810838316463E-4
2.0E-5                   2.0E-5                   30000                    1.4639197434581424E-4    1.4639197434581424E-4
2.0E-5                   2.0E-5                   40000                    1.5912250928765018E-4    1.5912250928765018E-4
2.0E-5                   2.0E-5                   50000                    1.6624760541212943E-4    1.6624760541212943E-4
2.0E-5                   2.0E-5                   60000                    1.7005946953226064E-4    1.7005946953226064E-4
2.0E-5                   2.0E-5                   70000                    1.720318685311434E-4     1.720318685311434E-4
2.0E-5                   2.0E-5                   80000                    1.7310045510502187E-4    1.7310045510502187E-4
2.0E-5                   2.0E-5                   90000                    1.7369511552883107E-4    1.7369511552883107E-4
2.0E-5                   2.0E-5                   100000                   1.7405246005128638E-4    1.7405246005128638E-4
2.0E-5                   2.0E-5                   110000                   1.743178299200646E-4     1.743178299200646E-4
2.0E-5                   2.0E-5                   120000                   1.744855365134949E-4     1.744855365134949E-4
2.0E-5                   2.0E-5                   130000                   1.7459171328537023E-4    1.7459171328537023E-4
2.0E-5                   2.0E-5                   140000                   1.7464361087684213E-4    1.7464361087684213E-4
2.0E-5                   2.0E-5                   150000                   1.7467469527539248E-4    1.7467469527539248E-4
2.0E-5                   2.0E-5                   160000                   1.7468000317403035E-4    1.7468000317403035E-4
2.0E-5                   2.0E-5                   170000                   1.746831412252488E-4     1.746831412252488E-4
2.0E-5                   2.0E-5                   180000                   1.7467801031126003E-4    1.7467801031126003E-4
2.0E-5                   2.0E-5                   190000                   1.7467467787712478E-4    1.7467467787712478E-4
2.0E-5                   2.0E-5                   200000                   1.7467020841358937E-4    1.7467020841358937E-4
2.0E-5                   2.75E-5                  0                        0                        0
2.0E-5                   2.75E-5                  0.1                      0                        0
2.0E-5                   2.75E-5                  0.2                      0                        0
2.0E-5                   2.75E-5                  0.30000000000000004      0                        0
2.0E-5                   2.75E-5                  0.4                      0                        0
2.0E-5                   2.75E-5                  0.5                      0                        0
2.0E-5                   2.75E-5                  0.6000000000000001       0                        0
2.0E-5                   2.75E-5                  0.7000000000000001       0                        0
2.0E-5                   2.75E-5                  0.8                      0                        0
2.0E-5                   2.75E-5                  0.9                      0                        0
2.0E-5                   2.75E-5                  1                        1.039623915845943E-6     1.039623915845943E-6
2.0E-5                   2.75E-5                  1.1                      1.934549625970309E-6     1.934549625970309E-6
2.0E-5                   2.75E-5                  1.2000000000000002       1.9508175560741973E-6    1.9508175560741973E-6
2.0E-5                   2.75E-5                  1.3                      1.9670074742166064E-6    1.9670074742166064E-6
2.0E-5                   2.75E-5                  1.4000000000000001       1.983109312527757E-6     1.983109312527757E-6
2.0E-5                   2.75E-5                  1.5                      1.999142092899752E-6     1.999142092899752E-6
2.0E-5                   2.75E-5                  1.6                      2.0151207456413955E-6    2.0151207456413955E-6
2.0E-5                   2.75E-5                  1.7000000000000002       2.0309681308231186E-6    2.0309681308231186E-6
2.0E-5                   2.75E-5                  1.8                      2.046742816931944E-6     2.046742816931944E-6
2.0E-5                   2.75E-5                  1.9000000000000001       2.062469584827235E-6     2.062469584827235E-6
2.0E-5                   2.75E-5                  2                        2.078148524555269E-6     2.078148524555269E-6
2.0E-5                   2.75E-5                  5                        2.519826938953486E-6     2.519826938953486E-6
2.0E-5                   2.75E-5                  10                       3.166225852461045E-6     3.166225852461045E-6
2.0E-5                   2.75E-5                  100                      9.366836854202393E-6     9.366836854202393E-6
2.0E-5                   2.75E-5                  100                      9.366836854202393E-6     9.366836854202393E-6
2.0E-5                   2.75E-5                  200                      1.3297509115353054E-5    1.3297509115353054E-5
2.0E-5                   2.75E-5                  300                      1.629534529465424E-5     1.629534529465424E-5
2.0E-5                   2.75E-5                  400                      1.882253566662472E-5     1.882253566662472E-5
2.0E-5                   2.75E-5                  500                      2.1051646530593313E-5    2.1051646530593313E-5
2.0E-5                   2.75E-5                  600                      2.3060072652533237E-5    2.3060072652533237E-5
2.0E-5                   2.75E-5                  700                      2.4900108905004232E-5    2.4900108905004232E-5
2.0E-5                   2.75E-5                  800                      2.6609452089579137E-5    2.6609452089579137E-5
2.0E-5                   2.75E-5                  900                      2.821057956626969E-5     2.821057956626969E-5
2.0E-5                   2.75E-5                  1000                     2.97229069159426E-5      2.97229069159426E-5
2.0E-5                   2.75E-5                  2000                     4.192705391996551E-5     4.192705391996551E-5
2.0E-5                   2.75E-5                  3000                     5.123744108499806E-5     5.123744108499806E-5
2.0E-5                   2.75E-5                  4000                     5.902432672285873E-5     5.902432672285873E-5
2.0E-5                   2.75E-5                  5000                     6.583390660825001E-5     6.583390660825001E-5
2.0E-5                   2.75E-5                  6000                     7.197317072648778E-5     7.197317072648778E-5
2.0E-5                   2.75E-5                  7000                     7.759449980365398E-5     7.759449980365398E-5
2.0E-5                   2.75E-5                  8000                     8.278402668227225E-5     8.278402668227225E-5
2.0E-5                   2.75E-5                  9000                     8.762339026967407E-5     8.762339026967407E-5
2.0E-5                   2.75E-5                  10000                    9.21654317694834E-5      9.21654317694834E-5
2.0E-5                   2.75E-5                  20000                    1.267033947320264E-4     1.267033947320264E-4
2.0E-5                   2.75E-5                  30000                    1.4757652494937795E-4    1.4757652494937795E-4
2.0E-5                   2.75E-5                  40000                    1.59675419514161E-4      1.59675419514161E-4
2.0E-5                   2.75E-5                  50000                    1.6631157804403296E-4    1.6631157804403296E-4
2.0E-5                   2.75E-5                  60000                    1.6979254128665652E-4    1.6979254128665652E-4
2.0E-5                   2.75E-5                  70000                    1.7153177754972886E-4    1.7153177754972886E-4
2.0E-5                   2.75E-5                  80000                    1.7243332545334645E-4    1.7243332545334645E-4
2.0E-5                   2.75E-5                  90000                    1.729137112035522E-4     1.729137112035522E-4
2.0E-5                   2.75E-5                  100000                   1.7329580763963197E-4    1.7329580763963197E-4
2.0E-5                   2.75E-5                  110000                   1.735162709885711E-4     1.735162709885711E-4
2.0E-5                   2.75E-5                  120000                   1.736114674180118E-4     1.736114674180118E-4
2.0E-5                   2.75E-5                  130000                   1.7369312327861268E-4    1.7369312327861268E-4
2.0E-5                   2.75E-5                  140000                   1.7373417485153138E-4    1.7373417485153138E-4
2.0E-5                   2.75E-5                  150000                   1.7376942159043874E-4    1.7376942159043874E-4
2.0E-5                   2.75E-5                  160000                   1.7378722957842613E-4    1.7378722957842613E-4
2.0E-5                   2.75E-5                  170000                   1.7380252224771727E-4    1.7380252224771727E-4
2.0E-5                   2.75E-5                  180000                   1.7381025249034365E-4    1.7381025249034365E-4
2.0E-5                   2.75E-5                  190000                   1.7381689141177928E-4    1.7381689141177928E-4
2.0E-5                   2.75E-5                  200000                   1.7382024809837877E-4    1.7382024809837877E-4
2.0E-5                   3.5000000000000004E-5    0                        0                        0
2.0E-5                   3.5000000000000004E-5    0.1                      0                        0
2.0E-5                   3.5000000000000004E-5    0.2                      0                        0
2.0E-5                   3.5000000000000004E-5    0.30000000000000004      0                        0
2.0E-5                   3.5000000000000004E-5    0.4                      0                        0
2.0E-5                   3.5000000000000004E-5    0.5                      0                        0
2.0E-5                   3.5000000000000004E-5    0.6000000000000001       0                        0
2.0E-5                   3.5000000000000004E-5    0.7000000000000001       0                        0
2.0E-5                   3.5000000000000004E-5    0.8                      0                        0
2.0E-5                   3.5000000000000004E-5    0.9                      0                        0
2.0E-5                   3.5000000000000004E-5    1                        1.0583382855126247E-6    1.0583382855126247E-6
2.0E-5                   3.5000000000000004E-5    1.1                      1.969045937116772E-6     1.969045937116772E-6
2.0E-5                   3.5000000000000004E-5    1.2000000000000002       1.9856696273641424E-6    1.9856696273641424E-6
2.0E-5                   3.5000000000000004E-5    1.3                      2.002213812448312E-6     2.002213812448312E-6
2.0E-5                   3.5000000000000004E-5    1.4000000000000001       2.0186668102451596E-6    2.0186668102451596E-6
2.0E-5                   3.5000000000000004E-5    1.5                      2.035050195900568E-6     2.035050195900568E-6
2.0E-5                   3.5000000000000004E-5    1.6                      2.051378077521387E-6     2.051378077521387E-6
2.0E-5                   3.5000000000000004E-5    1.7000000000000002       2.067567633988992E-6     2.067567633988992E-6
2.0E-5                   3.5000000000000004E-5    1.8                      2.083687317835991E-6     2.083687317835991E-6
2.0E-5                   3.5000000000000004E-5    1.9000000000000001       2.099757965286725E-6     2.099757965286725E-6
2.0E-5                   3.5000000000000004E-5    2                        2.1157796691758237E-6    2.1157796691758237E-6
2.0E-5                   3.5000000000000004E-5    5                        2.5671267018950565E-6    2.5671267018950565E-6
2.0E-5                   3.5000000000000004E-5    10                       3.2279975505321074E-6    3.2279975505321074E-6
2.0E-5                   3.5000000000000004E-5    100                      9.578183819268875E-6     9.578183819268875E-6
2.0E-5                   3.5000000000000004E-5    100                      9.578183819268875E-6     9.578183819268875E-6
2.0E-5                   3.5000000000000004E-5    200                      1.360327274666646E-5     1.360327274666646E-5
2.0E-5                   3.5000000000000004E-5    300                      1.667405506005341E-5     1.667405506005341E-5
2.0E-5                   3.5000000000000004E-5    400                      1.926664847621914E-5     1.926664847621914E-5
2.0E-5                   3.5000000000000004E-5    500                      2.1541338573301332E-5    2.1541338573301332E-5
2.0E-5                   3.5000000000000004E-5    600                      2.3602895572619226E-5    2.3602895572619226E-5
2.0E-5                   3.5000000000000004E-5    700                      2.5494419210768916E-5    2.5494419210768916E-5
2.0E-5                   3.5000000000000004E-5    800                      2.725246078799039E-5     2.725246078799039E-5
2.0E-5                   3.5000000000000004E-5    900                      2.890065169520061E-5     2.890065169520061E-5
2.0E-5                   3.5000000000000004E-5    1000                     3.04575110466276E-5      3.04575110466276E-5
2.0E-5                   3.5000000000000004E-5    2000                     4.2999506659090584E-5    4.2999506659090584E-5
2.0E-5                   3.5000000000000004E-5    3000                     5.2521741468490096E-5    5.2521741468490096E-5
2.0E-5                   3.5000000000000004E-5    4000                     6.047578145238561E-5     6.047578145238561E-5
2.0E-5                   3.5000000000000004E-5    5000                     6.740401528829906E-5     6.740401528829906E-5
2.0E-5                   3.5000000000000004E-5    6000                     7.361214132722833E-5     7.361214132722833E-5
2.0E-5                   3.5000000000000004E-5    7000                     7.926999872232007E-5     7.926999872232007E-5
2.0E-5                   3.5000000000000004E-5    8000                     8.448964435392847E-5     8.448964435392847E-5
2.0E-5                   3.5000000000000004E-5    9000                     8.93482037809252E-5      8.93482037809252E-5
2.0E-5                   3.5000000000000004E-5    10000                    9.389274417913305E-5     9.389274417913305E-5
2.0E-5                   3.5000000000000004E-5    20000                    1.2800337357731306E-4    1.2800337357731306E-4
2.0E-5                   3.5000000000000004E-5    30000                    1.4834502709953323E-4    1.4834502709953323E-4
2.0E-5                   3.5000000000000004E-5    40000                    1.5995663976773727E-4    1.5995663976773727E-4
2.0E-5                   3.5000000000000004E-5    50000                    1.6617988372393352E-4    1.6617988372393352E-4
2.0E-5                   3.5000000000000004E-5    60000                    1.693550898939059E-4     1.693550898939059E-4
2.0E-5                   3.5000000000000004E-5    70000                    1.709389614508811E-4     1.709389614508811E-4
2.0E-5                   3.5000000000000004E-5    80000                    1.7178542297519082E-4    1.7178542297519082E-4
2.0E-5                   3.5000000000000004E-5    90000                    1.7227810124992562E-4    1.7227810124992562E-4
2.0E-5                   3.5000000000000004E-5    100000                   1.7258240473137627E-4    1.7258240473137627E-4
2.0E-5                   3.5000000000000004E-5    110000                   1.727790478534053E-4     1.727790478534053E-4
2.0E-5                   3.5000000000000004E-5    120000                   1.729087288617549E-4     1.729087288617549E-4
2.0E-5                   3.5000000000000004E-5    130000                   1.729683633752623E-4     1.729683633752623E-4
2.0E-5                   3.5000000000000004E-5    140000                   1.7300903496824733E-4    1.7300903496824733E-4
2.0E-5                   3.5000000000000004E-5    150000                   1.7301385488533813E-4    1.7301385488533813E-4
2.0E-5                   3.5000000000000004E-5    160000                   1.7301907657783346E-4    1.7301907657783346E-4
2.0E-5                   3.5000000000000004E-5    170000                   1.7301261074531213E-4    1.7301261074531213E-4
2.0E-5                   3.5000000000000004E-5    180000                   1.730073812494036E-4     1.730073812494036E-4
2.0E-5                   3.5000000000000004E-5    190000                   1.7300217363563778E-4    1.7300217363563778E-4
2.0E-5                   3.5000000000000004E-5    200000                   1.729999023001268E-4     1.729999023001268E-4
5.0E-5                   5.0E-6                   0                        0                        0
5.0E-5                   5.0E-6                   0.1                      0                        0
5.0E-5                   5.0E-6                   0.2                      0                        0
5.0E-5                   5.0E-6                   0.30000000000000004      0                        0
5.0E-5                   5.0E-6                   0.4                      0                        0
5.0E-5                   5.0E-6                   0.5                      0                        0
5.0E-5                   5.0E-6                   0.6000000000000001       0                        0
5.0E-5                   5.0E-6                   0.7000000000000001       0                        0
5.0E-5                   5.0E-6                   0.8                      0                        0
5.0E-5                   5.0E-6                   0.9                      0                        0
5.0E-5                   5.0E-6                   1                        9.85535474321884E-7      9.85535474321884E-7
5.0E-5                   5.0E-6                   1.1                      1.8437210596414708E-6    1.8437210596414708E-6
5.0E-5                   5.0E-6                   1.2000000000000002       1.8595761194107587E-6    1.8595761194107587E-6
5.0E-5                   5.0E-6                   1.3                      1.8752494799672471E-6    1.8752494799672471E-6
5.0E-5                   5.0E-6                   1.4000000000000001       1.8908348961447706E-6    1.8908348961447706E-6
5.0E-5                   5.0E-6                   1.5                      1.9063498436115512E-6    1.9063498436115512E-6
5.0E-5                   5.0E-6                   1.6                      1.9218101598329786E-6    1.9218101598329786E-6
5.0E-5                   5.0E-6                   1.7000000000000002       1.93713681663527E-6      1.93713681663527E-6
5.0E-5                   5.0E-6                   1.8                      1.9523920975104595E-6    1.9523920975104595E-6
5.0E-5                   5.0E-6                   1.9000000000000001       1.9675991887430516E-6    1.9675991887430516E-6
5.0E-5                   5.0E-6                   2                        1.982758193621421E-6     1.982758193621421E-6
5.0E-5                   5.0E-6                   5                        2.408721939357012E-6     2.408721939357012E-6
5.0E-5                   5.0E-6                   10                       3.0291773937542606E-6    3.0291773937542606E-6
5.0E-5                   5.0E-6                   100                      8.89769658389944E-6      8.89769658389944E-6
5.0E-5                   5.0E-6                   100                      8.89769658389944E-6      8.89769658389944E-6
5.0E-5                   5.0E-6                   200                      1.2586026336474467E-5    1.2586026336474467E-5
5.0E-5                   5.0E-6                   300                      1.539177687484352E-5     1.539177687484352E-5
5.0E-5                   5.0E-6                   400                      1.7754360293976138E-5    1.7754360293976138E-5
5.0E-5                   5.0E-6                   500                      1.9837111006014636E-5    1.9837111006014636E-5
5.0E-5                   5.0E-6                   600                      2.1712169615735314E-5    2.1712169615735314E-5
5.0E-5                   5.0E-6                   700                      2.343132558958695E-5     2.343132558958695E-5
5.0E-5                   5.0E-6                   800                      2.5028901410090655E-5    2.5028901410090655E-5
5.0E-5                   5.0E-6                   900                      2.6525628177828874E-5    2.6525628177828874E-5
5.0E-5                   5.0E-6                   1000                     2.7940003523082135E-5    2.7940003523082135E-5
5.0E-5                   5.0E-6                   2000                     3.93839314622151E-5      3.93839314622151E-5
5.0E-5                   5.0E-6                   3000                     4.8162053123643814E-5    4.8162053123643814E-5
5.0E-5                   5.0E-6                   4000                     5.554031182935561E-5     5.554031182935561E-5
5.0E-5                   5.0E-6                   5000                     6.202947112636206E-5     6.202947112636206E-5
5.0E-5                   5.0E-6                   6000                     6.791231902057704E-5     6.791231902057704E-5
5.0E-5                   5.0E-6                   7000                     7.332395843620016E-5     7.332395843620016E-5
5.0E-5                   5.0E-6                   8000                     7.83460483649154E-5      7.83460483649154E-5
5.0E-5                   5.0E-6                   9000                     8.30548939796416E-5      8.30548939796416E-5
5.0E-5                   5.0E-6                   10000                    8.749844846028136E-5     8.749844846028136E-5
5.0E-5                   5.0E-6                   20000                    1.2211728248372127E-4    1.2211728248372127E-4
5.0E-5                   5.0E-6                   30000                    1.4390428377523268E-4    1.4390428377523268E-4
5.0E-5                   5.0E-6                   40000                    1.5698683840094317E-4    1.5698683840094317E-4
5.0E-5                   5.0E-6                   50000                    1.6441235958878806E-4    1.6441235958878806E-4
5.0E-5                   5.0E-6                   60000                    1.6844743199593526E-4    1.6844743199593526E-4
5.0E-5                   5.0E-6                   70000                    1.705689947854109E-4     1.705689947854109E-4
5.0E-5                   5.0E-6                   80000                    1.717227127656002E-4     1.717227127656002E-4
5.0E-5                   5.0E-6                   90000                    1.723390842647099E-4     1.723390842647099E-4
5.0E-5                   5.0E-6                   100000                   1.7273828860028082E-4    1.7273828860028082E-4
5.0E-5                   5.0E-6                   110000                   1.7301969358284063E-4    1.7301969358284063E-4
5.0E-5                   5.0E-6                   120000                   1.7320096935377478E-4    1.7320096935377478E-4
5.0E-5                   5.0E-6                   130000                   1.733210140632666E-4     1.733210140632666E-4
5.0E-5                   5.0E-6                   140000                   1.733793793016135E-4     1.733793793016135E-4
5.0E-5                   5.0E-6                   150000                   1.7341842381893145E-4    1.7341842381893145E-4
5.0E-5                   5.0E-6                   160000                   1.734260797009309E-4     1.734260797009309E-4
5.0E-5                   5.0E-6                   170000                   1.7343235654875997E-4    1.7343235654875997E-4
5.0E-5                   5.0E-6                   180000                   1.734277416139838E-4     1.734277416139838E-4
5.0E-5                   5.0E-6                   190000                   1.7342521444684795E-4    1.7342521444684795E-4
5.0E-5                   5.0E-6                   200000                   1.7342053312800222E-4    1.7342053312800222E-4
5.0E-5                   1.25E-5                  0                        0                        0
5.0E-5                   1.25E-5                  0.1                      0                        0
5.0E-5                   1.25E-5                  0.2                      0                        0
5.0E-5                   1.25E-5                  0.30000000000000004      0                        0
5.0E-5                   1.25E-5                  0.4                      0                        0
5.0E-5                   1.25E-5                  0.5                      0                        0
5.0E-5                   1.25E-5                  0.6000000000000001       0                        0
5.0E-5                   1.25E-5                  0.7000000000000001       0                        0
5.0E-5                   1.25E-5                  0.8                      0                        0
5.0E-5                   1.25E-5                  0.9                      0                        0
5.0E-5                   1.25E-5                  1                        1.040169066351579E-6     1.040169066351579E-6
5.0E-5                   1.25E-5                  1.1                      1.9343892424584915E-6    1.9343892424584915E-6
5.0E-5                   1.25E-5                  1.2000000000000002       1.9511741041593046E-6    1.9511741041593046E-6
5.0E-5                   1.25E-5                  1.3                      1.9678715670559763E-6    1.9678715670559763E-6
5.0E-5                   1.25E-5                  1.4000000000000001       1.9844738379322047E-6    1.9844738379322047E-6
5.0E-5                   1.25E-5                  1.5                      2.000999251315103E-6     2.000999251315103E-6
5.0E-5                   1.25E-5                  1.6                      2.0174652532824734E-6    2.0174652532824734E-6
5.0E-5                   1.25E-5                  1.7000000000000002       2.033785272983628E-6     2.033785272983628E-6
5.0E-5                   1.25E-5                  1.8                      2.0500290328041423E-6    2.0500290328041423E-6
5.0E-5                   1.25E-5                  1.9000000000000001       2.066220449906655E-6     2.066220449906655E-6
5.0E-5                   1.25E-5                  2                        2.0823596342046894E-6    2.0823596342046894E-6
5.0E-5                   1.25E-5                  5                        2.5353186746175974E-6    2.5353186746175974E-6
5.0E-5                   1.25E-5                  10                       3.193649863323771E-6     3.193649863323771E-6
5.0E-5                   1.25E-5                  100                      9.408419085587209E-6     9.408419085587209E-6
5.0E-5                   1.25E-5                  100                      9.408419085587209E-6     9.408419085587209E-6
5.0E-5                   1.25E-5                  200                      1.3312452920350437E-5    1.3312452920350437E-5
5.0E-5                   1.25E-5                  300                      1.6274649532544314E-5    1.6274649532544314E-5
5.0E-5                   1.25E-5                  400                      1.8762451982795484E-5    1.8762451982795484E-5
5.0E-5                   1.25E-5                  500                      2.094927942454909E-5     2.094927942454909E-5
5.0E-5                   1.25E-5                  600                      2.291193576449742E-5     2.291193576449742E-5
5.0E-5                   1.25E-5                  700                      2.470757642706316E-5     2.470757642706316E-5
5.0E-5                   1.25E-5                  800                      2.637290623886583E-5     2.637290623886583E-5
5.0E-5                   1.25E-5                  900                      2.7930912205012544E-5    2.7930912205012544E-5
5.0E-5                   1.25E-5                  1000                     2.9401258946186805E-5    2.9401258946186805E-5
5.0E-5                   1.25E-5                  2000                     4.1233814599662054E-5    4.1233814599662054E-5
5.0E-5                   1.25E-5                  3000                     5.025279488624212E-5     5.025279488624212E-5
5.0E-5                   1.25E-5                  4000                     5.7802238742046796E-5    5.7802238742046796E-5
5.0E-5                   1.25E-5                  5000                     6.44286029825761E-5      6.44286029825761E-5
5.0E-5                   1.25E-5                  6000                     7.042643973674508E-5     7.042643973674508E-5
5.0E-5                   1.25E-5                  7000                     7.592746088241652E-5     7.592746088241652E-5
5.0E-5                   1.25E-5                  8000                     8.102125279050715E-5     8.102125279050715E-5
5.0E-5                   1.25E-5                  9000                     8.578347213508319E-5     8.578347213508319E-5
5.0E-5                   1.25E-5                  10000                    9.026402412412464E-5     9.026402412412464E-5
5.0E-5                   1.25E-5                  20000                    1.2427229944127655E-4    1.2427229944127655E-4
5.0E-5                   1.25E-5                  30000                    1.443934149189379E-4     1.443934149189379E-4
5.0E-5                   1.25E-5                  40000                    1.5571819189898263E-4    1.5571819189898263E-4
5.0E-5                   1.25E-5                  50000                    1.617370954633606E-4     1.617370954633606E-4
5.0E-5                   1.25E-5                  60000                    1.6477304432870423E-4    1.6477304432870423E-4
5.0E-5                   1.25E-5                  70000                    1.6623825730657433E-4    1.6623825730657433E-4
5.0E-5                   1.25E-5                  80000                    1.6702203588179516E-4    1.6702203588179516E-4
5.0E-5                   1.25E-5                  90000                    1.6747639006205178E-4    1.6747639006205178E-4
5.0E-5                   1.25E-5                  100000                   1.6780203535058473E-4    1.6780203535058473E-4
5.0E-5                   1.25E-5                  110000                   1.679378129640416E-4     1.679378129640416E-4
5.0E-5                   1.25E-5                  120000                   1.6803428471533007E-4    1.6803428471533007E-4
5.0E-5                   1.25E-5                  130000                   1.6808981664450921E-4    1.6808981664450921E-4
5.0E-5                   1.25E-5                  140000                   1.6813051205834194E-4    1.6813051205834194E-4
5.0E-5                   1.25E-5                  150000                   1.6815402311768266E-4    1.6815402311768266E-4
5.0E-5                   1.25E-5                  160000                   1.68171305589006E-4      1.68171305589006E-4
5.0E-5                   1.25E-5                  170000                   1.6818129447243794E-4    1.6818129447243794E-4
5.0E-5                   1.25E-5                  180000                   1.6818863957065362E-4    1.6818863957065362E-4
5.0E-5                   1.25E-5                  190000                   1.6819288576101876E-4    1.6819288576101876E-4
5.0E-5                   1.25E-5                  200000                   1.6819600862557382E-4    1.6819600862557382E-4
5.0E-5                   2.0E-5                   0                        0                        0
5.0E-5                   2.0E-5                   0.1                      0                        0
5.0E-5                   2.0E-5                   0.2                      0                        0
5.0E-5                   2.0E-5                   0.30000000000000004      0                        0
5.0E-5                   2.0E-5                   0.4                      0                        0
5.0E-5                   2.0E-5                   0.5                      0                        0
5.0E-5                   2.0E-5                   0.6000000000000001       0                        0
5.0E-5                   2.0E-5                   0.7000000000000001       0                        0
5.0E-5                   2.0E-5                   0.8                      0                        0
5.0E-5                   2.0E-5                   0.9                      0                        0
5.0E-5                   2.0E-5                   1                        1.0937603158431446E-6    1.0937603158431446E-6
5.0E-5                   2.0E-5                   1.1                      2.033989175103526E-6     2.033989175103526E-6
5.0E-5                   2.0E-5                   1.2000000000000002       2.051680653471326E-6     2.051680653471326E-6
5.0E-5                   2.0E-5                   1.3                      2.0692810676724466E-6    2.0692810676724466E-6
5.0E-5                   2.0E-5                   1.4000000000000001       2.0867793529630012E-6    2.0867793529630012E-6
5.0E-5                   2.0E-5                   1.5                      2.1041990874166147E-6    2.1041990874166147E-6
5.0E-5                   2.0E-5                   1.6                      2.121556319000849E-6     2.121556319000849E-6
5.0E-5                   2.0E-5                   1.7000000000000002       2.1387521149215684E-6    2.1387521149215684E-6
5.0E-5                   2.0E-5                   1.8                      2.1558767400366565E-6    2.1558767400366565E-6
5.0E-5                   2.0E-5                   1.9000000000000001       2.172946278205826E-6     2.172946278205826E-6
5.0E-5                   2.0E-5                   2                        2.1899608409621198E-6    2.1899608409621198E-6
5.0E-5                   2.0E-5                   5                        2.667574163820469E-6     2.667574163820469E-6
5.0E-5                   2.0E-5                   10                       3.3620236603138994E-6    3.3620236603138994E-6
5.0E-5                   2.0E-5                   100                      9.92914474589625E-6      9.92914474589625E-6
5.0E-5                   2.0E-5                   100                      9.92914474589625E-6      9.92914474589625E-6
5.0E-5                   2.0E-5                   200                      1.405322250617063E-5     1.405322250617063E-5
5.0E-5                   2.0E-5                   300                      1.718766992640807E-5     1.718766992640807E-5
5.0E-5                   2.0E-5                   400                      1.981972203154039E-5     1.981972203154039E-5
5.0E-5                   2.0E-5                   500                      2.2124974595271853E-5    2.2124974595271853E-5
5.0E-5                   2.0E-5                   600                      2.420531278065875E-5     2.420531278065875E-5
5.0E-5                   2.0E-5                   700                      2.610836759013429E-5     2.610836759013429E-5
5.0E-5                   2.0E-5                   800                      2.787300684614789E-5     2.787300684614789E-5
5.0E-5                   2.0E-5                   900                      2.952377303299508E-5     2.952377303299508E-5
5.0E-5                   2.0E-5                   1000                     3.1080017693024794E-5    3.1080017693024794E-5
5.0E-5                   2.0E-5                   2000                     4.353235745640464E-5     4.353235745640464E-5
5.0E-5                   2.0E-5                   3000                     5.294798344480247E-5     5.294798344480247E-5
5.0E-5                   2.0E-5                   4000                     6.08214183608114E-5      6.08214183608114E-5
5.0E-5                   2.0E-5                   5000                     6.770066293833465E-5     6.770066293833465E-5
5.0E-5                   2.0E-5                   6000                     7.38768825533846E-5      7.38768825533846E-5
5.0E-5                   2.0E-5                   7000                     7.950801388579065E-5     7.950801388579065E-5
5.0E-5                   2.0E-5                   8000                     8.469575647095848E-5     8.469575647095848E-5
5.0E-5                   2.0E-5                   9000                     8.950746349150128E-5     8.950746349150128E-5
5.0E-5                   2.0E-5                   10000                    9.399028580562605E-5     9.399028580562605E-5
5.0E-5                   2.0E-5                   20000                    1.2653695783293066E-4    1.2653695783293066E-4
5.0E-5                   2.0E-5                   30000                    1.4452670892832437E-4    1.4452670892832437E-4
5.0E-5                   2.0E-5                   40000                    1.5397872867987732E-4    1.5397872867987732E-4
5.0E-5                   2.0E-5                   50000                    1.5863793716827622E-4    1.5863793716827622E-4
5.0E-5                   2.0E-5                   60000                    1.6080277666026804E-4    1.6080277666026804E-4
5.0E-5                   2.0E-5                   70000                    1.6188268330746158E-4    1.6188268330746158E-4
5.0E-5                   2.0E-5                   80000                    1.626025833613079E-4     1.626025833613079E-4
5.0E-5                   2.0E-5                   90000                    1.6302670478388117E-4    1.6302670478388117E-4
5.0E-5                   2.0E-5                   100000                   1.6311398659019113E-4    1.6311398659019113E-4
5.0E-5                   2.0E-5                   110000                   1.6315849168479718E-4    1.6315849168479718E-4
5.0E-5                   2.0E-5                   120000                   1.6312276033838443E-4    1.6312276033838443E-4
5.0E-5                   2.0E-5                   130000                   1.630763524755287E-4     1.630763524755287E-4
5.0E-5                   2.0E-5                   140000                   1.6304451711796547E-4    1.6304451711796547E-4
5.0E-5                   2.0E-5                   150000                   1.630255542538788E-4     1.630255542538788E-4
5.0E-5                   2.0E-5                   160000                   1.6301266974568462E-4    1.6301266974568462E-4
5.0E-5                   2.0E-5                   170000                   1.6300515272196209E-4    1.6300515272196209E-4
5.0E-5                   2.0E-5                   180000                   1.6300004805203493E-4    1.6300004805203493E-4
5.0E-5                   2.0E-5                   190000                   1.629970733151228E-4     1.629970733151228E-4
5.0E-5                   2.0E-5                   200000                   1.6299505454999967E-4    1.6299505454999967E-4
5.0E-5                   2.75E-5                  0                        0                        0
5.0E-5                   2.75E-5                  0.1                      0                        0
5.0E-5                   2.75E-5                  0.2                      0                        0
5.0E-5                   2.75E-5                  0.30000000000000004      0                        0
5.0E-5                   2.75E-5                  0.4                      0                        0
5.0E-5                   2.75E-5                  0.5                      0                        0
5.0E-5                   2.75E-5                  0.6000000000000001       0                        0
5.0E-5                   2.75E-5                  0.7000000000000001       0                        0
5.0E-5                   2.75E-5                  0.8                      0                        0
5.0E-5                   2.75E-5                  0.9                      0                        0
5.0E-5                   2.75E-5                  1                        1.1628915344006653E-6    1.1628915344006653E-6
5.0E-5                   2.75E-5                  1.1                      2.162816196047503E-6     2.162816196047503E-6
5.0E-5                   2.75E-5                  1.2000000000000002       2.1811814322172936E-6    2.1811814322172936E-6
5.0E-5                   2.75E-5                  1.3                      2.199456555582924E-6     2.199456555582924E-6
5.0E-5                   2.75E-5                  1.4000000000000001       2.2176261158388097E-6    2.2176261158388097E-6
5.0E-5                   2.75E-5                  1.5                      2.2357200162945297E-6    2.2357200162945297E-6
5.0E-5                   2.75E-5                  1.6                      2.2537504628612042E-6    2.2537504628612042E-6
5.0E-5                   2.75E-5                  1.7000000000000002       2.271607440522659E-6     2.271607440522659E-6
5.0E-5                   2.75E-5                  1.8                      2.2894064239559162E-6    2.2894064239559162E-6
5.0E-5                   2.75E-5                  1.9000000000000001       2.3071492241194123E-6    2.3071492241194123E-6
5.0E-5                   2.75E-5                  2                        2.324835949767133E-6     2.324835949767133E-6
5.0E-5                   2.75E-5                  5                        2.8220000923997434E-6    2.8220000923997434E-6
5.0E-5                   2.75E-5                  10                       3.5471403652926983E-6    3.5471403652926983E-6
5.0E-5                   2.75E-5                  100                      1.0444520791715303E-5    1.0444520791715303E-5
5.0E-5                   2.75E-5                  100                      1.0444520791715303E-5    1.0444520791715303E-5
5.0E-5                   2.75E-5                  200                      1.4790359966965694E-5    1.4790359966965694E-5
5.0E-5                   2.75E-5                  300                      1.811276321615653E-5     1.811276321615653E-5
5.0E-5                   2.75E-5                  400                      2.0883706551769226E-5    2.0883706551769226E-5
5.0E-5                   2.75E-5                  500                      2.3315364178547087E-5    2.3315364178547087E-5
5.0E-5                   2.75E-5                  600                      2.5511585443865546E-5    2.5511585443865546E-5
5.0E-5                   2.75E-5                  700                      2.752588642290588E-5     2.752588642290588E-5
5.0E-5                   2.75E-5                  800                      2.9394494022832137E-5    2.9394494022832137E-5
5.0E-5                   2.75E-5                  900                      3.1143618929864876E-5    3.1143618929864876E-5
5.0E-5                   2.75E-5                  1000                     3.2793404485594544E-5    3.2793404485594544E-5
5.0E-5                   2.75E-5                  2000                     4.597803182633903E-5     4.597803182633903E-5
5.0E-5                   2.75E-5                  3000                     5.591695320288711E-5     5.591695320288711E-5
5.0E-5                   2.75E-5                  4000                     6.413165379947959E-5     6.413165379947959E-5
5.0E-5                   2.75E-5                  5000                     7.122828695733846E-5     7.122828695733846E-5
5.0E-5                   2.75E-5                  6000                     7.749562729851552E-5     7.749562729851552E-5
5.0E-5                   2.75E-5                  7000                     8.311690833146772E-5     8.311690833146772E-5
5.0E-5                   2.75E-5                  8000                     8.821761439955131E-5     8.821761439955131E-5
5.0E-5                   2.75E-5                  9000                     9.288380184793444E-5     9.288380184793444E-5
5.0E-5                   2.75E-5                  10000                    9.718505250581146E-5     9.718505250581146E-5
5.0E-5                   2.75E-5                  20000                    1.2720106515468898E-4    1.2720106515468898E-4
5.0E-5                   2.75E-5                  30000                    1.4289236558768427E-4    1.4289236558768427E-4
5.0E-5                   2.75E-5                  40000                    1.507500600898003E-4     1.507500600898003E-4
5.0E-5                   2.75E-5                  50000                    1.5445252335420718E-4    1.5445252335420718E-4
5.0E-5                   2.75E-5                  60000                    1.5610204086892088E-4    1.5610204086892088E-4
5.0E-5                   2.75E-5                  70000                    1.5688212762029476E-4    1.5688212762029476E-4
5.0E-5                   2.75E-5                  80000                    1.5729452580462292E-4    1.5729452580462292E-4
5.0E-5                   2.75E-5                  90000                    1.575455882034922E-4     1.575455882034922E-4
5.0E-5                   2.75E-5                  100000                   1.57693278941607E-4      1.57693278941607E-4
5.0E-5                   2.75E-5                  110000                   1.577708096257038E-4     1.577708096257038E-4
5.0E-5                   2.75E-5                  120000                   1.5780589892609284E-4    1.5780589892609284E-4
5.0E-5                   2.75E-5                  130000                   1.5781532134678106E-4    1.5781532134678106E-4
5.0E-5                   2.75E-5                  140000                   1.5781107837815894E-4    1.5781107837815894E-4
5.0E-5                   2.75E-5                  150000                   1.578049194720383E-4     1.578049194720383E-4
5.0E-5                   2.75E-5                  160000                   1.5779679411534085E-4    1.5779679411534085E-4
5.0E-5                   2.75E-5                  170000                   1.5779120387909317E-4    1.5779120387909317E-4
5.0E-5                   2.75E-5                  180000                   1.5778782517795185E-4    1.5778782517795185E-4
5.0E-5                   2.75E-5                  190000                   1.577856516238552E-4     1.577856516238552E-4
5.0E-5                   2.75E-5                  200000                   1.5778434143676269E-4    1.5778434143676269E-4
5.0E-5                   3.5000000000000004E-5    0                        0                        0
5.0E-5                   3.5000000000000004E-5    0.1                      0                        0
5.0E-5                   3.5000000000000004E-5    0.2                      0                        0
5.0E-5                   3.5000000000000004E-5    0.30000000000000004      0                        0
5.0E-5                   3.5000000000000004E-5    0.4                      0                        0
5.0E-5                   3.5000000000000004E-5    0.5                      0                        0
5.0E-5                   3.5000000000000004E-5    0.6000000000000001       0                        0
5.0E-5                   3.5000000000000004E-5    0.7000000000000001       0                        0
5.0E-5                   3.5000000000000004E-5    0.8                      0                        0
5.0E-5                   3.5000000000000004E-5    0.9                      0                        0
5.0E-5                   3.5000000000000004E-5    1                        1.2334775396946548E-6    1.2334775396946548E-6
5.0E-5                   3.5000000000000004E-5    1.1                      2.294685767212967E-6     2.294685767212967E-6
5.0E-5                   3.5000000000000004E-5    1.2000000000000002       2.313659967042253E-6     2.313659967042253E-6
5.0E-5                   3.5000000000000004E-5    1.3                      2.3325464132886754E-6    2.3325464132886754E-6
5.0E-5                   3.5000000000000004E-5    1.4000000000000001       2.351324933707179E-6     2.351324933707179E-6
5.0E-5                   3.5000000000000004E-5    1.5                      2.3700320216921756E-6    2.3700320216921756E-6
5.0E-5                   3.5000000000000004E-5    1.6                      2.388661200200009E-6     2.388661200200009E-6
5.0E-5                   3.5000000000000004E-5    1.7000000000000002       2.407134260627E-6        2.407134260627E-6
5.0E-5                   3.5000000000000004E-5    1.8                      2.4255504643448436E-6    2.4255504643448436E-6
5.0E-5                   3.5000000000000004E-5    1.9000000000000001       2.4439099216475363E-6    2.4439099216475363E-6
5.0E-5                   3.5000000000000004E-5    2                        2.4622127420377664E-6    2.4622127420377664E-6
5.0E-5                   3.5000000000000004E-5    5                        2.9775050226463464E-6    2.9775050226463464E-6
5.0E-5                   3.5000000000000004E-5    10                       3.7318180053477447E-6    3.7318180053477447E-6
5.0E-5                   3.5000000000000004E-5    100                      1.0961764487838774E-5    1.0961764487838774E-5
5.0E-5                   3.5000000000000004E-5    100                      1.0961764487838774E-5    1.0961764487838774E-5
5.0E-5                   3.5000000000000004E-5    200                      1.553036930417733E-5     1.553036930417733E-5
5.0E-5                   3.5000000000000004E-5    300                      1.902529130499087E-5     1.902529130499087E-5
5.0E-5                   3.5000000000000004E-5    400                      2.1942442077861017E-5    2.1942442077861017E-5
5.0E-5                   3.5000000000000004E-5    500                      2.4504287910249645E-5    2.4504287910249645E-5
5.0E-5                   3.5000000000000004E-5    600                      2.6818917809883266E-5    2.6818917809883266E-5
5.0E-5                   3.5000000000000004E-5    700                      2.8942884148472895E-5    2.8942884148472895E-5
5.0E-5                   3.5000000000000004E-5    800                      3.091387128986942E-5     3.091387128986942E-5
5.0E-5                   3.5000000000000004E-5    900                      3.275928883635503E-5     3.275928883635503E-5
5.0E-5                   3.5000000000000004E-5    1000                     3.450012800768473E-5     3.450012800768473E-5
5.0E-5                   3.5000000000000004E-5    2000                     4.8342291115687714E-5    4.8342291115687714E-5
5.0E-5                   3.5000000000000004E-5    3000                     5.850034415278439E-5     5.850034415278439E-5
5.0E-5                   3.5000000000000004E-5    4000                     6.66171010928506E-5      6.66171010928506E-5
5.0E-5                   3.5000000000000004E-5    5000                     7.344137843978747E-5     7.344137843978747E-5
5.0E-5                   3.5000000000000004E-5    6000                     7.936841345290733E-5     7.936841345290733E-5
5.0E-5                   3.5000000000000004E-5    7000                     8.463904737479894E-5     8.463904737479894E-5
5.0E-5                   3.5000000000000004E-5    8000                     8.940345000839482E-5     8.940345000839482E-5
5.0E-5                   3.5000000000000004E-5    9000                     9.375208030516285E-5     9.375208030516285E-5
5.0E-5                   3.5000000000000004E-5    10000                    9.775887134403449E-5     9.775887134403449E-5
5.0E-5                   3.5000000000000004E-5    20000                    1.2572386297230148E-4    1.2572386297230148E-4
5.0E-5                   3.5000000000000004E-5    30000                    1.4007201742321043E-4    1.4007201742321043E-4
5.0E-5                   3.5000000000000004E-5    40000                    1.4699525401866022E-4    1.4699525401866022E-4
5.0E-5                   3.5000000000000004E-5    50000                    1.5004788177598434E-4    1.5004788177598434E-4
5.0E-5                   3.5000000000000004E-5    60000                    1.5138865131875595E-4    1.5138865131875595E-4
5.0E-5                   3.5000000000000004E-5    70000                    1.5215290464040568E-4    1.5215290464040568E-4
5.0E-5                   3.5000000000000004E-5    80000                    1.5265897249700864E-4    1.5265897249700864E-4
5.0E-5                   3.5000000000000004E-5    90000                    1.5275903564915017E-4    1.5275903564915017E-4
5.0E-5                   3.5000000000000004E-5    100000                   1.5277004142122885E-4    1.5277004142122885E-4
5.0E-5                   3.5000000000000004E-5    110000                   1.5274699152157106E-4    1.5274699152157106E-4
5.0E-5                   3.5000000000000004E-5    120000                   1.5269406552485668E-4    1.5269406552485668E-4
5.0E-5                   3.5000000000000004E-5    130000                   1.5264072200023233E-4    1.5264072200023233E-4
5.0E-5                   3.5000000000000004E-5    140000                   1.526184721643204E-4     1.526184721643204E-4
5.0E-5                   3.5000000000000004E-5    150000                   1.525983192263381E-4     1.525983192263381E-4
5.0E-5                   3.5000000000000004E-5    160000                   1.5258988177501389E-4    1.5258988177501389E-4
5.0E-5                   3.5000000000000004E-5    170000                   1.525822349091205E-4     1.525822349091205E-4
5.0E-5                   3.5000000000000004E-5    180000                   1.525790430504323E-4     1.525790430504323E-4
5.0E-5                   3.5000000000000004E-5    190000                   1.5257615190008466E-4    1.5257615190008466E-4
5.0E-5                   3.5000000000000004E-5    200000                   1.525749445736141E-4     1.525749445736141E-4
8.0E-5                   5.0E-6                   0                        0                        0
8.0E-5                   5.0E-6                   0.1                      0                        0
8.0E-5                   5.0E-6                   0.2                      0                        0
8.0E-5                   5.0E-6                   0.30000000000000004      0                        0
8.0E-5                   5.0E-6                   0.4                      0                        0
8.0E-5                   5.0E-6                   0.5                      0                        0
8.0E-5                   5.0E-6                   0.6000000000000001       0                        0
8.0E-5                   5.0E-6                   0.7000000000000001       0                        0
8.0E-5                   5.0E-6                   0.8                      0                        0
8.0E-5                   5.0E-6                   0.9                      0                        0
8.0E-5                   5.0E-6                   1                        9.98466910325069E-7      9.98466910325069E-7
8.0E-5                   5.0E-6                   1.1                      1.8585446392606366E-6    1.8585446392606366E-6
8.0E-5                   5.0E-6                   1.2000000000000002       1.8747669332078221E-6    1.8747669332078221E-6
8.0E-5                   5.0E-6                   1.3                      1.8909088231595604E-6    1.8909088231595604E-6
8.0E-5                   5.0E-6                   1.4000000000000001       1.9069593287091033E-6    1.9069593287091033E-6
8.0E-5                   5.0E-6                   1.5                      1.9229390119964923E-6    1.9229390119964923E-6
8.0E-5                   5.0E-6                   1.6                      1.9388626344695946E-6    1.9388626344695946E-6
8.0E-5                   5.0E-6                   1.7000000000000002       1.95464910842024E-6      1.95464910842024E-6
8.0E-5                   5.0E-6                   1.8                      1.970362740641077E-6     1.970362740641077E-6
8.0E-5                   5.0E-6                   1.9000000000000001       1.986026845795034E-6     1.986026845795034E-6
8.0E-5                   5.0E-6                   2                        2.0016415230719385E-6    2.0016415230719385E-6
8.0E-5                   5.0E-6                   5                        2.4405268547772594E-6    2.4405268547772594E-6
8.0E-5                   5.0E-6                   10                       3.0798277877254844E-6    3.0798277877254844E-6
8.0E-5                   5.0E-6                   100                      9.06274629376522E-6      9.06274629376522E-6
8.0E-5                   5.0E-6                   100                      9.06274629376522E-6      9.06274629376522E-6
8.0E-5                   5.0E-6                   200                      1.2788733015493834E-5    1.2788733015493834E-5
8.0E-5                   5.0E-6                   300                      1.5617902124320724E-5    1.5617902124320724E-5
8.0E-5                   5.0E-6                   400                      1.7997888192019174E-5    1.7997888192019174E-5
8.0E-5                   5.0E-6                   500                      2.0094737043272044E-5    2.0094737043272044E-5
8.0E-5                   5.0E-6                   600                      2.1981944994144322E-5    2.1981944994144322E-5
8.0E-5                   5.0E-6                   700                      2.371084211810309E-5     2.371084211810309E-5
8.0E-5                   5.0E-6                   800                      2.5316805512088346E-5    2.5316805512088346E-5
8.0E-5                   5.0E-6                   900                      2.6820930585574163E-5    2.6820930585574163E-5
8.0E-5                   5.0E-6                   1000                     2.8241905700137988E-5    2.8241905700137988E-5
8.0E-5                   5.0E-6                   2000                     3.973039384959872E-5     3.973039384959872E-5
8.0E-5                   5.0E-6                   3000                     4.8534350419858935E-5    4.8534350419858935E-5
8.0E-5                   5.0E-6                   4000                     5.593138599540261E-5     5.593138599540261E-5
8.0E-5                   5.0E-6                   5000                     6.243413213545806E-5     6.243413213545806E-5
8.0E-5                   5.0E-6                   6000                     6.832716935182198E-5     6.832716935182198E-5
8.0E-5                   5.0E-6                   7000                     7.3747937396193E-5       7.3747937396193E-5
8.0E-5                   5.0E-6                   8000                     7.877691015816584E-5     7.877691015816584E-5
8.0E-5                   5.0E-6                   9000                     8.348939537007736E-5     8.348939537007736E-5
8.0E-5                   5.0E-6                   10000                    8.793113808118613E-5     8.793113808118613E-5
8.0E-5                   5.0E-6                   20000                    1.221091863036884E-4     1.221091863036884E-4
8.0E-5                   5.0E-6                   30000                    1.4284014029087688E-4    1.4284014029087688E-4
8.0E-5                   5.0E-6                   40000                    1.5476771622960914E-4    1.5476771622960914E-4
8.0E-5                   5.0E-6                   50000                    1.6118984985197363E-4    1.6118984985197363E-4
8.0E-5                   5.0E-6                   60000                    1.6444421109033353E-4    1.6444421109033353E-4
8.0E-5                   5.0E-6                   70000                    1.660408099999075E-4     1.660408099999075E-4
8.0E-5                   5.0E-6                   80000                    1.670171079826696E-4     1.670171079826696E-4
8.0E-5                   5.0E-6                   90000                    1.6778616439652087E-4    1.6778616439652087E-4
8.0E-5                   5.0E-6                   100000                   1.6831412046578546E-4    1.6831412046578546E-4
8.0E-5                   5.0E-6                   110000                   1.6845375665642092E-4    1.6845375665642092E-4
8.0E-5                   5.0E-6                   120000                   1.683385441277329E-4     1.683385441277329E-4
8.0E-5                   5.0E-6                   130000                   1.682235351313341E-4     1.682235351313341E-4
8.0E-5                   5.0E-6                   140000                   1.6815254138908536E-4    1.6815254138908536E-4
8.0E-5                   5.0E-6                   150000                   1.6809155444874545E-4    1.6809155444874545E-4
8.0E-5                   5.0E-6                   160000                   1.680612177542791E-4     1.680612177542791E-4
8.0E-5                   5.0E-6                   170000                   1.680351597901113E-4     1.680351597901113E-4
8.0E-5                   5.0E-6                   180000                   1.6802218911901842E-4    1.6802218911901842E-4
8.0E-5                   5.0E-6                   190000                   1.6801104992521967E-4    1.6801104992521967E-4
8.0E-5                   5.0E-6                   200000                   1.6800550931745633E-4    1.6800550931745633E-4
8.0E-5                   1.25E-5                  0                        0                        0
8.0E-5                   1.25E-5                  0.1                      0                        0
8.0E-5                   1.25E-5                  0.2                      0                        0
8.0E-5                   1.25E-5                  0.30000000000000004      0                        0
8.0E-5                   1.25E-5                  0.4                      0                        0
8.0E-5                   1.25E-5                  0.5                      0                        0
8.0E-5                   1.25E-5                  0.6000000000000001       0                        0
8.0E-5                   1.25E-5                  0.7000000000000001       0                        0
8.0E-5                   1.25E-5                  0.8                      0                        0
8.0E-5                   1.25E-5                  0.9                      0                        0
8.0E-5                   1.25E-5                  1                        1.098902470642676E-6     1.098902470642676E-6
8.0E-5                   1.25E-5                  1.1                      2.0453431008230752E-6    2.0453431008230752E-6
8.0E-5                   1.25E-5                  1.2000000000000002       2.0631915895620935E-6    2.0631915895620935E-6
8.0E-5                   1.25E-5                  1.3                      2.0809475268986923E-6    2.0809475268986923E-6
8.0E-5                   1.25E-5                  1.4000000000000001       2.0985946512576038E-6    2.0985946512576038E-6
8.0E-5                   1.25E-5                  1.5                      2.1161643497210524E-6    2.1161643497210524E-6
8.0E-5                   1.25E-5                  1.6                      2.1336688921183168E-6    2.1336688921183168E-6
8.0E-5                   1.25E-5                  1.7000000000000002       2.150993843806561E-6     2.150993843806561E-6
8.0E-5                   1.25E-5                  1.8                      2.1682605807343384E-6    2.1682605807343384E-6
8.0E-5                   1.25E-5                  1.9000000000000001       2.1854698163669316E-6    2.1854698163669316E-6
8.0E-5                   1.25E-5                  2                        2.2026216738269185E-6    2.2026216738269185E-6
8.0E-5                   1.25E-5                  5                        2.6829545711025228E-6    2.6829545711025228E-6
8.0E-5                   1.25E-5                  10                       3.3785715261189823E-6    3.3785715261189823E-6
8.0E-5                   1.25E-5                  100                      9.87936946104937E-6      9.87936946104937E-6
8.0E-5                   1.25E-5                  100                      9.87936946104937E-6      9.87936946104937E-6
8.0E-5                   1.25E-5                  200                      1.3942192061690883E-5    1.3942192061690883E-5
8.0E-5                   1.25E-5                  300                      1.7019183152329407E-5    1.7019183152329407E-5
8.0E-5                   1.25E-5                  400                      1.9591359264197374E-5    1.9591359264197374E-5
8.0E-5                   1.25E-5                  500                      2.184111220026544E-5     2.184111220026544E-5
8.0E-5                   1.25E-5                  600                      2.3865628032576617E-5    2.3865628032576617E-5
8.0E-5                   1.25E-5                  700                      2.5715952851521603E-5    2.5715952851521603E-5
8.0E-5                   1.25E-5                  800                      2.7430108049941617E-5    2.7430108049941617E-5
8.0E-5                   1.25E-5                  900                      2.903205848855091E-5     2.903205848855091E-5
8.0E-5                   1.25E-5                  1000                     3.054197888337866E-5     3.054197888337866E-5
8.0E-5                   1.25E-5                  2000                     4.26246029619732E-5      4.26246029619732E-5
8.0E-5                   1.25E-5                  3000                     5.177841365965853E-5     5.177841365965853E-5
8.0E-5                   1.25E-5                  4000                     5.944607781171537E-5     5.944607781171537E-5
8.0E-5                   1.25E-5                  5000                     6.616255267590418E-5     6.616255267590418E-5
8.0E-5                   1.25E-5                  6000                     7.221205715588516E-5     7.221205715588516E-5
8.0E-5                   1.25E-5                  7000                     7.77478128602214E-5      7.77478128602214E-5
8.0E-5                   1.25E-5                  8000                     8.286881299887674E-5     8.286881299887674E-5
8.0E-5                   1.25E-5                  9000                     8.763169766862398E-5     8.763169766862398E-5
8.0E-5                   1.25E-5                  10000                    9.20817348692854E-5      9.20817348692854E-5
8.0E-5                   1.25E-5                  20000                    1.2406235281952463E-4    1.2406235281952463E-4
8.0E-5                   1.25E-5                  30000                    1.4060494973428767E-4    1.4060494973428767E-4
8.0E-5                   1.25E-5                  40000                    1.4849651395330008E-4    1.4849651395330008E-4
8.0E-5                   1.25E-5                  50000                    1.5190191410416714E-4    1.5190191410416714E-4
8.0E-5                   1.25E-5                  60000                    1.5326176128502915E-4    1.5326176128502915E-4
8.0E-5                   1.25E-5                  70000                    1.5396508944107233E-4    1.5396508944107233E-4
8.0E-5                   1.25E-5                  80000                    1.545100749278695E-4     1.545100749278695E-4
8.0E-5                   1.25E-5                  90000                    1.5476322474221318E-4    1.5476322474221318E-4
8.0E-5                   1.25E-5                  100000                   1.5479103324316561E-4    1.5479103324316561E-4
8.0E-5                   1.25E-5                  110000                   1.5479923521800524E-4    1.5479923521800524E-4
8.0E-5                   1.25E-5                  120000                   1.5476207802343143E-4    1.5476207802343143E-4
8.0E-5                   1.25E-5                  130000                   1.5472018410277356E-4    1.5472018410277356E-4
8.0E-5                   1.25E-5                  140000                   1.5469618670708126E-4    1.5469618670708126E-4
8.0E-5                   1.25E-5                  150000                   1.5468053469356113E-4    1.5468053469356113E-4
8.0E-5                   1.25E-5                  160000                   1.5467148774323723E-4    1.5467148774323723E-4
8.0E-5                   1.25E-5                  170000                   1.5466552032564575E-4    1.5466552032564575E-4
8.0E-5                   1.25E-5                  180000                   1.5466207775390183E-4    1.5466207775390183E-4
8.0E-5                   1.25E-5                  190000                   1.5465981229121825E-4    1.5465981229121825E-4
8.0E-5                   1.25E-5                  200000                   1.546585051785553E-4     1.546585051785553E-4
8.0E-5                   2.0E-5                   0                        0                        0
8.0E-5                   2.0E-5                   0.1                      0                        0
8.0E-5                   2.0E-5                   0.2                      0                        0
8.0E-5                   2.0E-5                   0.30000000000000004      0                        0
8.0E-5                   2.0E-5                   0.4                      0                        0
8.0E-5                   2.0E-5                   0.5                      0                        0
8.0E-5                   2.0E-5                   0.6000000000000001       0                        0
8.0E-5                   2.0E-5                   0.7000000000000001       0                        0
8.0E-5                   2.0E-5                   0.8                      0                        0
8.0E-5                   2.0E-5                   0.9                      0                        0
8.0E-5                   2.0E-5                   1                        1.2063374858189582E-6    1.2063374858189582E-6
8.0E-5                   2.0E-5                   1.1                      2.244859202138638E-6     2.244859202138638E-6
8.0E-5                   2.0E-5                   1.2000000000000002       2.263519292672372E-6     2.263519292672372E-6
8.0E-5                   2.0E-5                   1.3                      2.282093666015546E-6     2.282093666015546E-6
8.0E-5                   2.0E-5                   1.4000000000000001       2.3005583963476743E-6    2.3005583963476743E-6
8.0E-5                   2.0E-5                   1.5                      2.3189554912267323E-6    2.3189554912267323E-6
8.0E-5                   2.0E-5                   1.6                      2.337261465949868E-6     2.337261465949868E-6
8.0E-5                   2.0E-5                   1.7000000000000002       2.35542917852565E-6      2.35542917852565E-6
8.0E-5                   2.0E-5                   1.8                      2.373540085673907E-6     2.373540085673907E-6
8.0E-5                   2.0E-5                   1.9000000000000001       2.3915942982367897E-6    2.3915942982367897E-6
8.0E-5                   2.0E-5                   2                        2.4095919262260124E-6    2.4095919262260124E-6
8.0E-5                   2.0E-5                   5                        2.9158327455514703E-6    2.9158327455514703E-6
8.0E-5                   2.0E-5                   10                       3.656205229418012E-6     3.656205229418012E-6
8.0E-5                   2.0E-5                   100                      1.0698812727964272E-5    1.0698812727964272E-5
8.0E-5                   2.0E-5                   100                      1.0698812727964272E-5    1.0698812727964272E-5
8.0E-5                   2.0E-5                   200                      1.5123940389617031E-5    1.5123940389617031E-5
8.0E-5                   2.0E-5                   300                      1.8467431144092973E-5    1.8467431144092973E-5
8.0E-5                   2.0E-5                   400                      2.1268176067410614E-5    2.1268176067410614E-5
8.0E-5                   2.0E-5                   500                      2.3715627794631943E-5    2.3715627794631943E-5
8.0E-5                   2.0E-5                   600                      2.5916232296112234E-5    2.5916232296112234E-5
8.0E-5                   2.0E-5                   700                      2.793104822538828E-5     2.793104822538828E-5
8.0E-5                   2.0E-5                   800                      2.9796832524537658E-5    2.9796832524537658E-5
8.0E-5                   2.0E-5                   900                      3.153971616492306E-5     3.153971616492306E-5
8.0E-5                   2.0E-5                   1000                     3.318086193407476E-5     3.318086193407476E-5
8.0E-5                   2.0E-5                   2000                     4.622353436654564E-5     4.622353436654564E-5
8.0E-5                   2.0E-5                   3000                     5.600600788488991E-5     5.600600788488991E-5
8.0E-5                   2.0E-5                   4000                     6.411378972252644E-5     6.411378972252644E-5
8.0E-5                   2.0E-5                   5000                     7.114777828178537E-5     7.114777828178537E-5
8.0E-5                   2.0E-5                   6000                     7.740560702336336E-5     7.740560702336336E-5
8.0E-5                   2.0E-5                   7000                     8.303633066249612E-5     8.303633066249612E-5
8.0E-5                   2.0E-5                   8000                     8.813713239464413E-5     8.813713239464413E-5
8.0E-5                   2.0E-5                   9000                     9.278185473799946E-5     9.278185473799946E-5
8.0E-5                   2.0E-5                   10000                    9.702465273015135E-5     9.702465273015135E-5
8.0E-5                   2.0E-5                   20000                    1.2393552578755167E-4    1.2393552578755167E-4
8.0E-5                   2.0E-5                   30000                    1.3464183089551823E-4    1.3464183089551823E-4
8.0E-5                   2.0E-5                   40000                    1.3876685088035027E-4    1.3876685088035027E-4
8.0E-5                   2.0E-5                   50000                    1.4035054340643305E-4    1.4035054340643305E-4
8.0E-5                   2.0E-5                   60000                    1.4099671016167442E-4    1.4099671016167442E-4
8.0E-5                   2.0E-5                   70000                    1.4120806552585496E-4    1.4120806552585496E-4
8.0E-5                   2.0E-5                   80000                    1.4128869414844296E-4    1.4128869414844296E-4
8.0E-5                   2.0E-5                   90000                    1.4129950376182615E-4    1.4129950376182615E-4
8.0E-5                   2.0E-5                   100000                   1.4130947304726135E-4    1.4130947304726135E-4
8.0E-5                   2.0E-5                   110000                   1.4131283000053859E-4    1.4131283000053859E-4
8.0E-5                   2.0E-5                   120000                   1.4131617719269964E-4    1.4131617719269964E-4
8.0E-5                   2.0E-5                   130000                   1.413172922416599E-4     1.413172922416599E-4
8.0E-5                   2.0E-5                   140000                   1.413184041158015E-4     1.413184041158015E-4
8.0E-5                   2.0E-5                   150000                   1.413187849304409E-4     1.413187849304409E-4
8.0E-5                   2.0E-5                   160000                   1.413191646625775E-4     1.413191646625775E-4
8.0E-5                   2.0E-5                   170000                   1.413192945521868E-4     1.413192945521868E-4
8.0E-5                   2.0E-5                   180000                   1.4131942407282579E-4    1.4131942407282579E-4
8.0E-5                   2.0E-5                   190000                   1.4131946836765796E-4    1.4131946836765796E-4
8.0E-5                   2.0E-5                   200000                   1.413195125366869E-4     1.413195125366869E-4
8.0E-5                   2.75E-5                  0                        0                        0
8.0E-5                   2.75E-5                  0.1                      0                        0
8.0E-5                   2.75E-5                  0.2                      0                        0
8.0E-5                   2.75E-5                  0.30000000000000004      0                        0
8.0E-5                   2.75E-5                  0.4                      0                        0
8.0E-5                   2.75E-5                  0.5                      0                        0
8.0E-5                   2.75E-5                  0.6000000000000001       0                        0
8.0E-5                   2.75E-5                  0.7000000000000001       0                        0
8.0E-5                   2.75E-5                  0.8                      0                        0
8.0E-5                   2.75E-5                  0.9                      0                        0
8.0E-5                   2.75E-5                  1                        1.2801439137967177E-6    1.2801439137967177E-6
8.0E-5                   2.75E-5                  1.1                      2.3841749614121477E-6    2.3841749614121477E-6
8.0E-5                   2.75E-5                  1.2000000000000002       2.4047128366219598E-6    2.4047128366219598E-6
8.0E-5                   2.75E-5                  1.3                      2.425109233130258E-6     2.425109233130258E-6
8.0E-5                   2.75E-5                  1.4000000000000001       2.4453934486039073E-6    2.4453934486039073E-6
8.0E-5                   2.75E-5                  1.5                      2.465604291020391E-6     2.465604291020391E-6
8.0E-5                   2.75E-5                  1.6                      2.4856520612600178E-6    2.4856520612600178E-6
8.0E-5                   2.75E-5                  1.7000000000000002       2.505620878082872E-6     2.505620878082872E-6
8.0E-5                   2.75E-5                  1.8                      2.525523615875136E-6     2.525523615875136E-6
8.0E-5                   2.75E-5                  1.9000000000000001       2.5453604038380314E-6    2.5453604038380314E-6
8.0E-5                   2.75E-5                  2                        2.5650751528201658E-6    2.5650751528201658E-6
8.0E-5                   2.75E-5                  5                        3.119889171743088E-6     3.119889171743088E-6
8.0E-5                   2.75E-5                  10                       3.926403495211569E-6     3.926403495211569E-6
8.0E-5                   2.75E-5                  100                      1.1527668837955077E-5    1.1527668837955077E-5
8.0E-5                   2.75E-5                  100                      1.1527668837955077E-5    1.1527668837955077E-5
8.0E-5                   2.75E-5                  200                      1.629567427074399E-5     1.629567427074399E-5
8.0E-5                   2.75E-5                  300                      1.9911502313143177E-5    1.9911502313143177E-5
8.0E-5                   2.75E-5                  400                      2.294321776444595E-5     2.294321776444595E-5
8.0E-5                   2.75E-5                  500                      2.560595417856347E-5     2.560595417856347E-5
8.0E-5                   2.75E-5                  600                      2.7992065823960695E-5    2.7992065823960695E-5
8.0E-5                   2.75E-5                  700                      3.0170968922733825E-5    3.0170968922733825E-5
8.0E-5                   2.75E-5                  800                      3.2187949376393955E-5    3.2187949376393955E-5
8.0E-5                   2.75E-5                  900                      3.407521401092081E-5     3.407521401092081E-5
8.0E-5                   2.75E-5                  1000                     3.585825592440573E-5     3.585825592440573E-5
8.0E-5                   2.75E-5                  2000                     5.0005677524257556E-5    5.0005677524257556E-5
8.0E-5                   2.75E-5                  3000                     6.053829801785213E-5     6.053829801785213E-5
8.0E-5                   2.75E-5                  4000                     6.908581187672638E-5     6.908581187672638E-5
8.0E-5                   2.75E-5                  5000                     7.623585050947177E-5     7.623585050947177E-5
8.0E-5                   2.75E-5                  6000                     8.231806832884194E-5     8.231806832884194E-5
8.0E-5                   2.75E-5                  7000                     8.755844067458485E-5     8.755844067458485E-5
8.0E-5                   2.75E-5                  8000                     9.209851263320277E-5     9.209851263320277E-5
8.0E-5                   2.75E-5                  9000                     9.605323378904683E-5     9.605323378904683E-5
8.0E-5                   2.75E-5                  10000                    9.951794642897965E-5     9.951794642897965E-5
8.0E-5                   2.75E-5                  20000                    1.1854253698945224E-4    1.1854253698945224E-4
8.0E-5                   2.75E-5                  30000                    1.24801712641316E-4      1.24801712641316E-4
8.0E-5                   2.75E-5                  40000                    1.269251036011165E-4     1.269251036011165E-4
8.0E-5                   2.75E-5                  50000                    1.2758902507777238E-4    1.2758902507777238E-4
8.0E-5                   2.75E-5                  60000                    1.278539240462814E-4     1.278539240462814E-4
8.0E-5                   2.75E-5                  70000                    1.2792017139333456E-4    1.2792017139333456E-4
8.0E-5                   2.75E-5                  80000                    1.2794628339535808E-4    1.2794628339535808E-4
8.0E-5                   2.75E-5                  90000                    1.279636133961208E-4     1.279636133961208E-4
8.0E-5                   2.75E-5                  100000                   1.2797163618804677E-4    1.2797163618804677E-4
8.0E-5                   2.75E-5                  110000                   1.2797688171348827E-4    1.2797688171348827E-4
8.0E-5                   2.75E-5                  120000                   1.2797918246181355E-4    1.2797918246181355E-4
8.0E-5                   2.75E-5                  130000                   1.2798075857006286E-4    1.2798075857006286E-4
8.0E-5                   2.75E-5                  140000                   1.2798156622142605E-4    1.2798156622142605E-4
8.0E-5                   2.75E-5                  150000                   1.2798211340587959E-4    1.2798211340587959E-4
8.0E-5                   2.75E-5                  160000                   1.2798238436276848E-4    1.2798238436276848E-4
8.0E-5                   2.75E-5                  170000                   1.2798256831332002E-4    1.2798256831332002E-4
8.0E-5                   2.75E-5                  180000                   1.2798265999153802E-4    1.2798265999153802E-4
8.0E-5                   2.75E-5                  190000                   1.279827222146641E-4     1.279827222146641E-4
8.0E-5                   2.75E-5                  200000                   1.2798275319980318E-4    1.2798275319980318E-4
8.0E-5                   3.5000000000000004E-5    0                        0                        0
8.0E-5                   3.5000000000000004E-5    0.1                      0                        0
8.0E-5                   3.5000000000000004E-5    0.2                      0                        0
8.0E-5                   3.5000000000000004E-5    0.30000000000000004      0                        0
8.0E-5                   3.5000000000000004E-5    0.4                      0                        0
8.0E-5                   3.5000000000000004E-5    0.5                      0                        0
8.0E-5                   3.5000000000000004E-5    0.6000000000000001       0                        0
8.0E-5                   3.5000000000000004E-5    0.7000000000000001       0                        0
8.0E-5                   3.5000000000000004E-5    0.8                      0                        0
8.0E-5                   3.5000000000000004E-5    0.9                      0                        0
8.0E-5                   3.5000000000000004E-5    1                        1.3757914690021319E-6    1.3757914690021319E-6
8.0E-5                   3.5000000000000004E-5    1.1                      2.561295423523702E-6     2.561295423523702E-6
8.0E-5                   3.5000000000000004E-5    1.2000000000000002       2.5827742141966805E-6    2.5827742141966805E-6
8.0E-5                   3.5000000000000004E-5    1.3                      2.6041554143825347E-6    2.6041554143825347E-6
8.0E-5                   3.5000000000000004E-5    1.4000000000000001       2.625415522788915E-6     2.625415522788915E-6
8.0E-5                   3.5000000000000004E-5    1.5                      2.6466031342367376E-6    2.6466031342367376E-6
8.0E-5                   3.5000000000000004E-5    1.6                      2.6676523774483754E-6    2.6676523774483754E-6
8.0E-5                   3.5000000000000004E-5    1.7000000000000002       2.688594584057538E-6     2.688594584057538E-6
8.0E-5                   3.5000000000000004E-5    1.8                      2.7094714939757187E-6    2.7094714939757187E-6
8.0E-5                   3.5000000000000004E-5    1.9000000000000001       2.730283231184904E-6     2.730283231184904E-6
8.0E-5                   3.5000000000000004E-5    2                        2.751029918751196E-6     2.751029918751196E-6
8.0E-5                   3.5000000000000004E-5    5                        3.334910488825954E-6     3.334910488825954E-6
8.0E-5                   3.5000000000000004E-5    10                       4.190282458189481E-6     4.190282458189481E-6
8.0E-5                   3.5000000000000004E-5    100                      1.234512372559875E-5     1.234512372559875E-5
8.0E-5                   3.5000000000000004E-5    100                      1.234512372559875E-5     1.234512372559875E-5
8.0E-5                   3.5000000000000004E-5    200                      1.746339669746763E-5     1.746339669746763E-5
8.0E-5                   3.5000000000000004E-5    300                      2.1353222753823044E-5    2.1353222753823044E-5
8.0E-5                   3.5000000000000004E-5    400                      2.4611638504958204E-5    2.4611638504958204E-5
8.0E-5                   3.5000000000000004E-5    500                      2.7462440771388086E-5    2.7462440771388086E-5
8.0E-5                   3.5000000000000004E-5    600                      3.0030986509698626E-5    3.0030986509698626E-5
8.0E-5                   3.5000000000000004E-5    700                      3.2385692609476854E-5    3.2385692609476854E-5
8.0E-5                   3.5000000000000004E-5    800                      3.4568748668053806E-5    3.4568748668053806E-5
8.0E-5                   3.5000000000000004E-5    900                      3.660934347381407E-5     3.660934347381407E-5
8.0E-5                   3.5000000000000004E-5    1000                     3.853029519342289E-5     3.853029519342289E-5
8.0E-5                   3.5000000000000004E-5    2000                     5.3580575782066074E-5    5.3580575782066074E-5
8.0E-5                   3.5000000000000004E-5    3000                     6.401100060397619E-5     6.401100060397619E-5
8.0E-5                   3.5000000000000004E-5    4000                     7.172180443882102E-5     7.172180443882102E-5
8.0E-5                   3.5000000000000004E-5    5000                     7.767580108667439E-5     7.767580108667439E-5
8.0E-5                   3.5000000000000004E-5    6000                     8.244650159517649E-5     8.244650159517649E-5
8.0E-5                   3.5000000000000004E-5    7000                     8.640011160369083E-5     8.640011160369083E-5
8.0E-5                   3.5000000000000004E-5    8000                     8.975675296364774E-5     8.975675296364774E-5
8.0E-5                   3.5000000000000004E-5    9000                     9.263468340825849E-5     9.263468340825849E-5
8.0E-5                   3.5000000000000004E-5    10000                    9.512447326973003E-5     9.512447326973003E-5
8.0E-5                   3.5000000000000004E-5    20000                    1.0864355619507674E-4    1.0864355619507674E-4
8.0E-5                   3.5000000000000004E-5    30000                    1.127856755484286E-4     1.127856755484286E-4
8.0E-5                   3.5000000000000004E-5    40000                    1.1403683011957185E-4    1.1403683011957185E-4
8.0E-5                   3.5000000000000004E-5    50000                    1.1444711862801186E-4    1.1444711862801186E-4
8.0E-5                   3.5000000000000004E-5    60000                    1.1460550820365345E-4    1.1460550820365345E-4
8.0E-5                   3.5000000000000004E-5    70000                    1.1463420429713018E-4    1.1463420429713018E-4
8.0E-5                   3.5000000000000004E-5    80000                    1.1463953694556096E-4    1.1463953694556096E-4
8.0E-5                   3.5000000000000004E-5    90000                    1.1464248637813265E-4    1.1464248637813265E-4
8.0E-5                   3.5000000000000004E-5    100000                   1.1464409578130678E-4    1.1464409578130678E-4
8.0E-5                   3.5000000000000004E-5    110000                   1.1464498372525112E-4    1.1464498372525112E-4
8.0E-5                   3.5000000000000004E-5    120000                   1.1464546596825096E-4    1.1464546596825096E-4
8.0E-5                   3.5000000000000004E-5    130000                   1.1464573082745053E-4    1.1464573082745053E-4
8.0E-5                   3.5000000000000004E-5    140000                   1.1464587344130654E-4    1.1464587344130654E-4
8.0E-5                   3.5000000000000004E-5    150000                   1.1464595160262558E-4    1.1464595160262558E-4
8.0E-5                   3.5000000000000004E-5    160000                   1.146459935189345E-4     1.146459935189345E-4
8.0E-5                   3.5000000000000004E-5    170000                   1.1464601646754605E-4    1.1464601646754605E-4
8.0E-5                   3.5000000000000004E-5    180000                   1.1464602874961432E-4    1.1464602874961432E-4
8.0E-5                   3.5000000000000004E-5    190000                   1.1464603547036203E-4    1.1464603547036203E-4
8.0E-5                   3.5000000000000004E-5    200000                   1.1464603906368206E-4    1.1464603906368206E-4
