% Model:              C52_3D_base_unit_cell_recesses(cylindrical pillar).mph
% Version:            COMSOL 5.2.0.220
% Date:               Aug 4 2026, 20:36
% Table:              Table 4 - Global Evaluation 2 (n_CO2_film)
% R_texture (m)          H_texture (m)            t (s)                    Total moles of CO2 captured per unit cell (mol)
5.0E-6                   5.0E-6                   0                        0
5.0E-6                   5.0E-6                   0.1                      0
5.0E-6                   5.0E-6                   0.2                      0
5.0E-6                   5.0E-6                   0.30000000000000004      0
5.0E-6                   5.0E-6                   0.4                      0
5.0E-6                   5.0E-6                   0.5                      0
5.0E-6                   5.0E-6                   0.6000000000000001       0
5.0E-6                   5.0E-6                   0.7000000000000001       0
5.0E-6                   5.0E-6                   0.8                      0
5.0E-6                   5.0E-6                   0.9                      0
5.0E-6                   5.0E-6                   1                        9.327315254045206E-7
5.0E-6                   5.0E-6                   1.1                      1.736488860790767E-6
5.0E-6                   5.0E-6                   1.2000000000000002       1.7521149261786338E-6
5.0E-6                   5.0E-6                   1.3                      1.7676519759103847E-6
5.0E-6                   5.0E-6                   1.4000000000000001       1.7830875589965856E-6
5.0E-6                   5.0E-6                   1.5                      1.798446233083692E-6
5.0E-6                   5.0E-6                   1.6                      1.813746533788132E-6
5.0E-6                   5.0E-6                   1.7000000000000002       1.82894673974944E-6
5.0E-6                   5.0E-6                   1.8                      1.8440800722342944E-6
5.0E-6                   5.0E-6                   1.9000000000000001       1.8591600874145852E-6
5.0E-6                   5.0E-6                   2                        1.8740748579760553E-6
5.0E-6                   5.0E-6                   5                        2.294364212480312E-6
5.0E-6                   5.0E-6                   10                       2.9012625868523113E-6
5.0E-6                   5.0E-6                   100                      8.641779113601138E-6
5.0E-6                   5.0E-6                   100                      8.641779113601138E-6
5.0E-6                   5.0E-6                   200                      1.2270841159585075E-5
5.0E-6                   5.0E-6                   300                      1.5035037309233576E-5
5.0E-6                   5.0E-6                   400                      1.736745871017718E-5
5.0E-6                   5.0E-6                   500                      1.941837986863674E-5
5.0E-6                   5.0E-6                   600                      2.1271212703195826E-5
5.0E-6                   5.0E-6                   700                      2.297665537959494E-5
5.0E-6                   5.0E-6                   800                      2.4564174848313332E-5
5.0E-6                   5.0E-6                   900                      2.605356187212246E-5
5.0E-6                   5.0E-6                   1000                     2.746148784004016E-5
5.0E-6                   5.0E-6                   2000                     3.883487571643026E-5
5.0E-6                   5.0E-6                   3000                     4.755850183245921E-5
5.0E-6                   5.0E-6                   4000                     5.491749128720502E-5
5.0E-6                   5.0E-6                   5000                     6.139538742819752E-5
5.0E-6                   5.0E-6                   6000                     6.724946181641727E-5
5.0E-6                   5.0E-6                   7000                     7.263778369292113E-5
5.0E-6                   5.0E-6                   8000                     7.76503363492517E-5
5.0E-6                   5.0E-6                   9000                     8.235229879106973E-5
5.0E-6                   5.0E-6                   10000                    8.679615483929076E-5
5.0E-6                   5.0E-6                   20000                    1.2164421264907543E-4
5.0E-6                   5.0E-6                   30000                    1.4414498117695188E-4
5.0E-6                   5.0E-6                   40000                    1.5807717377844412E-4
5.0E-6                   5.0E-6                   50000                    1.6624312173712223E-4
5.0E-6                   5.0E-6                   60000                    1.7090182029166274E-4
5.0E-6                   5.0E-6                   70000                    1.7347642784302093E-4
5.0E-6                   5.0E-6                   80000                    1.7489015216859988E-4
5.0E-6                   5.0E-6                   90000                    1.757084782080788E-4
5.0E-6                   5.0E-6                   100000                   1.7619990777053817E-4
5.0E-6                   5.0E-6                   110000                   1.7650905880302483E-4
5.0E-6                   5.0E-6                   120000                   1.7670164277271716E-4
5.0E-6                   5.0E-6                   130000                   1.768297259904789E-4
5.0E-6                   5.0E-6                   140000                   1.768924370002801E-4
5.0E-6                   5.0E-6                   150000                   1.7693258894991936E-4
5.0E-6                   5.0E-6                   160000                   1.7693918749099453E-4
5.0E-6                   5.0E-6                   170000                   1.7694466234676866E-4
5.0E-6                   5.0E-6                   180000                   1.7693892448530956E-4
5.0E-6                   5.0E-6                   190000                   1.7693552559375442E-4
5.0E-6                   5.0E-6                   200000                   1.7693011108645877E-4
5.0E-6                   1.25E-5                  0                        0
5.0E-6                   1.25E-5                  0.1                      0
5.0E-6                   1.25E-5                  0.2                      0
5.0E-6                   1.25E-5                  0.30000000000000004      0
5.0E-6                   1.25E-5                  0.4                      0
5.0E-6                   1.25E-5                  0.5                      0
5.0E-6                   1.25E-5                  0.6000000000000001       0
5.0E-6                   1.25E-5                  0.7000000000000001       0
5.0E-6                   1.25E-5                  0.8                      0
5.0E-6                   1.25E-5                  0.9                      0
5.0E-6                   1.25E-5                  1                        9.448917962936971E-7
5.0E-6                   1.25E-5                  1.1                      1.7578588592850805E-6
5.0E-6                   1.25E-5                  1.2000000000000002       1.7738013063105252E-6
5.0E-6                   1.25E-5                  1.3                      1.7896424202297936E-6
5.0E-6                   1.25E-5                  1.4000000000000001       1.8053730461399533E-6
5.0E-6                   1.25E-5                  1.5                      1.8210179745985755E-6
5.0E-6                   1.25E-5                  1.6                      1.83660006916018E-6
5.0E-6                   1.25E-5                  1.7000000000000002       1.8520712568797082E-6
5.0E-6                   1.25E-5                  1.8                      1.8674717566064516E-6
5.0E-6                   1.25E-5                  1.9000000000000001       1.8828154119056007E-6
5.0E-6                   1.25E-5                  2                        1.8980435717907943E-6
5.0E-6                   1.25E-5                  5                        2.324334185248376E-6
5.0E-6                   1.25E-5                  10                       2.9361939854763345E-6
5.0E-6                   1.25E-5                  100                      8.695158897415083E-6
5.0E-6                   1.25E-5                  100                      8.695158897415083E-6
5.0E-6                   1.25E-5                  200                      1.2324921669234306E-5
5.0E-6                   1.25E-5                  300                      1.5087705668388503E-5
5.0E-6                   1.25E-5                  400                      1.741245428121799E-5
5.0E-6                   1.25E-5                  500                      1.946812523340885E-5
5.0E-6                   1.25E-5                  600                      2.132083240883039E-5
5.0E-6                   1.25E-5                  700                      2.3023033899713958E-5
5.0E-6                   1.25E-5                  800                      2.4611645638850223E-5
5.0E-6                   1.25E-5                  900                      2.610371085012675E-5
5.0E-6                   1.25E-5                  1000                     2.751285349715714E-5
5.0E-6                   1.25E-5                  2000                     3.887468994912111E-5
5.0E-6                   1.25E-5                  3000                     4.7590431203775665E-5
5.0E-6                   1.25E-5                  4000                     5.493452174896347E-5
5.0E-6                   1.25E-5                  5000                     6.141985765866403E-5
5.0E-6                   1.25E-5                  6000                     6.72823262674402E-5
5.0E-6                   1.25E-5                  7000                     7.267103142318999E-5
5.0E-6                   1.25E-5                  8000                     7.768294448853964E-5
5.0E-6                   1.25E-5                  9000                     8.238881696594289E-5
5.0E-6                   1.25E-5                  10000                    8.682903692105368E-5
5.0E-6                   1.25E-5                  20000                    1.2166145503646215E-4
5.0E-6                   1.25E-5                  30000                    1.4418199748992354E-4
5.0E-6                   1.25E-5                  40000                    1.5826884620267093E-4
5.0E-6                   1.25E-5                  50000                    1.6664152504998312E-4
5.0E-6                   1.25E-5                  60000                    1.7138151890856853E-4
5.0E-6                   1.25E-5                  70000                    1.7386220642031313E-4
5.0E-6                   1.25E-5                  80000                    1.7511154139410314E-4
5.0E-6                   1.25E-5                  90000                    1.7571219653269725E-4
5.0E-6                   1.25E-5                  100000                   1.7615727720283027E-4
5.0E-6                   1.25E-5                  110000                   1.7662900627359225E-4
5.0E-6                   1.25E-5                  120000                   1.7697901192302047E-4
5.0E-6                   1.25E-5                  130000                   1.772143006866119E-4
5.0E-6                   1.25E-5                  140000                   1.772346446615166E-4
5.0E-6                   1.25E-5                  150000                   1.771816895182375E-4
5.0E-6                   1.25E-5                  160000                   1.7713793052256472E-4
5.0E-6                   1.25E-5                  170000                   1.7708665604032026E-4
5.0E-6                   1.25E-5                  180000                   1.7704938256470345E-4
5.0E-6                   1.25E-5                  190000                   1.77023582224695E-4
5.0E-6                   1.25E-5                  200000                   1.7700616393790948E-4
5.0E-6                   2.0E-5                   0                        0
5.0E-6                   2.0E-5                   0.1                      0
5.0E-6                   2.0E-5                   0.2                      0
5.0E-6                   2.0E-5                   0.30000000000000004      0
5.0E-6                   2.0E-5                   0.4                      0
5.0E-6                   2.0E-5                   0.5                      0
5.0E-6                   2.0E-5                   0.6000000000000001       0
5.0E-6                   2.0E-5                   0.7000000000000001       0
5.0E-6                   2.0E-5                   0.8                      0
5.0E-6                   2.0E-5                   0.9                      0
5.0E-6                   2.0E-5                   1                        9.685716416704245E-7
5.0E-6                   2.0E-5                   1.1                      1.8015090947588799E-6
5.0E-6                   2.0E-5                   1.2000000000000002       1.817568960682051E-6
5.0E-6                   2.0E-5                   1.3                      1.8335232357229056E-6
5.0E-6                   2.0E-5                   1.4000000000000001       1.8493613539537E-6
5.0E-6                   2.0E-5                   1.5                      1.8651109464725339E-6
5.0E-6                   2.0E-5                   1.6                      1.8807952954817805E-6
5.0E-6                   2.0E-5                   1.7000000000000002       1.8963628097425373E-6
5.0E-6                   2.0E-5                   1.8                      1.911858326994594E-6
5.0E-6                   2.0E-5                   1.9000000000000001       1.9272951637560634E-6
5.0E-6                   2.0E-5                   2                        1.942609935610107E-6
5.0E-6                   2.0E-5                   5                        2.3706277543506533E-6
5.0E-6                   2.0E-5                   10                       2.983726426203079E-6
5.0E-6                   2.0E-5                   100                      8.747409967845209E-6
5.0E-6                   2.0E-5                   100                      8.747409967845209E-6
5.0E-6                   2.0E-5                   200                      1.2381248829580193E-5
5.0E-6                   2.0E-5                   300                      1.5143242517658693E-5
5.0E-6                   2.0E-5                   400                      1.747151278843014E-5
5.0E-6                   2.0E-5                   500                      1.952513862600247E-5
5.0E-6                   2.0E-5                   600                      2.137910537244638E-5
5.0E-6                   2.0E-5                   700                      2.3081840946962824E-5
5.0E-6                   2.0E-5                   800                      2.466802945724578E-5
5.0E-6                   2.0E-5                   900                      2.615859961550811E-5
5.0E-6                   2.0E-5                   1000                     2.756840372891169E-5
5.0E-6                   2.0E-5                   2000                     3.894108297883203E-5
5.0E-6                   2.0E-5                   3000                     4.7660690288296536E-5
5.0E-6                   2.0E-5                   4000                     5.501850846401795E-5
5.0E-6                   2.0E-5                   5000                     6.150123731063742E-5
5.0E-6                   2.0E-5                   6000                     6.736157438172937E-5
5.0E-6                   2.0E-5                   7000                     7.274608562571126E-5
5.0E-6                   2.0E-5                   8000                     7.775695049309788E-5
5.0E-6                   2.0E-5                   9000                     8.24554620596517E-5
5.0E-6                   2.0E-5                   10000                    8.689516520535681E-5
5.0E-6                   2.0E-5                   20000                    1.2173534983928069E-4
5.0E-6                   2.0E-5                   30000                    1.4424975248794776E-4
5.0E-6                   2.0E-5                   40000                    1.582249737378591E-4
5.0E-6                   2.0E-5                   50000                    1.664198525656132E-4
5.0E-6                   2.0E-5                   60000                    1.7104482692148186E-4
5.0E-6                   2.0E-5                   70000                    1.7353260378175997E-4
5.0E-6                   2.0E-5                   80000                    1.7483250241487528E-4
5.0E-6                   2.0E-5                   90000                    1.7561286895485052E-4
5.0E-6                   2.0E-5                   100000                   1.7604946384552932E-4
5.0E-6                   2.0E-5                   110000                   1.7643001688004612E-4
5.0E-6                   2.0E-5                   120000                   1.7666239699097474E-4
5.0E-6                   2.0E-5                   130000                   1.7676650096501922E-4
5.0E-6                   2.0E-5                   140000                   1.7685852217017017E-4
5.0E-6                   2.0E-5                   150000                   1.7690591436392378E-4
5.0E-6                   2.0E-5                   160000                   1.7694783748949127E-4
5.0E-6                   2.0E-5                   170000                   1.7696951417182056E-4
5.0E-6                   2.0E-5                   180000                   1.769886922792866E-4
5.0E-6                   2.0E-5                   190000                   1.769986110930039E-4
5.0E-6                   2.0E-5                   200000                   1.7700738722129176E-4
5.0E-6                   2.75E-5                  0                        0
5.0E-6                   2.75E-5                  0.1                      0
5.0E-6                   2.75E-5                  0.2                      0
5.0E-6                   2.75E-5                  0.30000000000000004      0
5.0E-6                   2.75E-5                  0.4                      0
5.0E-6                   2.75E-5                  0.5                      0
5.0E-6                   2.75E-5                  0.6000000000000001       0
5.0E-6                   2.75E-5                  0.7000000000000001       0
5.0E-6                   2.75E-5                  0.8                      0
5.0E-6                   2.75E-5                  0.9                      0
5.0E-6                   2.75E-5                  1                        9.86056754923948E-7
5.0E-6                   2.75E-5                  1.1                      1.8341515084311303E-6
5.0E-6                   2.75E-5                  1.2000000000000002       1.8504836088503037E-6
5.0E-6                   2.75E-5                  1.3                      1.8667068479265073E-6
5.0E-6                   2.75E-5                  1.4000000000000001       1.8828055905446032E-6
5.0E-6                   2.75E-5                  1.5                      1.8988144125726704E-6
5.0E-6                   2.75E-5                  1.6                      1.914753703061474E-6
5.0E-6                   2.75E-5                  1.7000000000000002       1.930565202611773E-6
5.0E-6                   2.75E-5                  1.8                      1.946306400188107E-6
5.0E-6                   2.75E-5                  1.9000000000000001       1.961974149043333E-6
5.0E-6                   2.75E-5                  2                        1.9774323722890034E-6
5.0E-6                   2.75E-5                  5                        2.4104806736457624E-6
5.0E-6                   2.75E-5                  10                       3.0293894807468774E-6
5.0E-6                   2.75E-5                  100                      8.796744460834902E-6
5.0E-6                   2.75E-5                  100                      8.796744460834902E-6
5.0E-6                   2.75E-5                  200                      1.243288553011521E-5
5.0E-6                   2.75E-5                  300                      1.5198631149613822E-5
5.0E-6                   2.75E-5                  400                      1.7518925189693318E-5
5.0E-6                   2.75E-5                  500                      1.956996649742199E-5
5.0E-6                   2.75E-5                  600                      2.1428849404139956E-5
5.0E-6                   2.75E-5                  700                      2.313081584273939E-5
5.0E-6                   2.75E-5                  800                      2.471403288472403E-5
5.0E-6                   2.75E-5                  900                      2.6206098287551908E-5
5.0E-6                   2.75E-5                  1000                     2.761779133279569E-5
5.0E-6                   2.75E-5                  2000                     3.8974153208429616E-5
5.0E-6                   2.75E-5                  3000                     4.770327570596303E-5
5.0E-6                   2.75E-5                  4000                     5.504338429772678E-5
5.0E-6                   2.75E-5                  5000                     6.152116372355912E-5
5.0E-6                   2.75E-5                  6000                     6.738352598944569E-5
5.0E-6                   2.75E-5                  7000                     7.277397561268235E-5
5.0E-6                   2.75E-5                  8000                     7.778925479270885E-5
5.0E-6                   2.75E-5                  9000                     8.249252257738662E-5
5.0E-6                   2.75E-5                  10000                    8.693747350895982E-5
5.0E-6                   2.75E-5                  20000                    1.2178135628618287E-4
5.0E-6                   2.75E-5                  30000                    1.4428605169888094E-4
5.0E-6                   2.75E-5                  40000                    1.5839986570552453E-4
5.0E-6                   2.75E-5                  50000                    1.6683222736872666E-4
5.0E-6                   2.75E-5                  60000                    1.7163174276290264E-4
5.0E-6                   2.75E-5                  70000                    1.7426074862487122E-4
5.0E-6                   2.75E-5                  80000                    1.75752180495689E-4
5.0E-6                   2.75E-5                  90000                    1.764970460822555E-4
5.0E-6                   2.75E-5                  100000                   1.767888751931426E-4
5.0E-6                   2.75E-5                  110000                   1.768964647607181E-4
5.0E-6                   2.75E-5                  120000                   1.7694855737214715E-4
5.0E-6                   2.75E-5                  130000                   1.7698389331065198E-4
5.0E-6                   2.75E-5                  140000                   1.7701726428801881E-4
5.0E-6                   2.75E-5                  150000                   1.7703347438650696E-4
5.0E-6                   2.75E-5                  160000                   1.7704878086234144E-4
5.0E-6                   2.75E-5                  170000                   1.770561814721314E-4
5.0E-6                   2.75E-5                  180000                   1.7706316989204938E-4
5.0E-6                   2.75E-5                  190000                   1.77066549130807E-4
5.0E-6                   2.75E-5                  200000                   1.7706974020749984E-4
5.0E-6                   3.5000000000000004E-5    0                        0
5.0E-6                   3.5000000000000004E-5    0.1                      0
5.0E-6                   3.5000000000000004E-5    0.2                      0
5.0E-6                   3.5000000000000004E-5    0.30000000000000004      0
5.0E-6                   3.5000000000000004E-5    0.4                      0
5.0E-6                   3.5000000000000004E-5    0.5                      0
5.0E-6                   3.5000000000000004E-5    0.6000000000000001       0
5.0E-6                   3.5000000000000004E-5    0.7000000000000001       0
5.0E-6                   3.5000000000000004E-5    0.8                      0
5.0E-6                   3.5000000000000004E-5    0.9                      0
5.0E-6                   3.5000000000000004E-5    1                        9.537618282009186E-7
5.0E-6                   3.5000000000000004E-5    1.1                      1.7763798578505925E-6
5.0E-6                   3.5000000000000004E-5    1.2000000000000002       1.793609150382264E-6
5.0E-6                   3.5000000000000004E-5    1.3                      1.8107191083890382E-6
5.0E-6                   3.5000000000000004E-5    1.4000000000000001       1.827685786712321E-6
5.0E-6                   3.5000000000000004E-5    1.5                      1.8445576248528996E-6
5.0E-6                   3.5000000000000004E-5    1.6                      1.8613502221837714E-6
5.0E-6                   3.5000000000000004E-5    1.7000000000000002       1.87799480676595E-6
5.0E-6                   3.5000000000000004E-5    1.8                      1.8945691395652306E-6
5.0E-6                   3.5000000000000004E-5    1.9000000000000001       1.9110285432684505E-6
5.0E-6                   3.5000000000000004E-5    2                        1.9272904928937544E-6
5.0E-6                   3.5000000000000004E-5    5                        2.3807123359313855E-6
5.0E-6                   3.5000000000000004E-5    10                       3.022704219751837E-6
5.0E-6                   3.5000000000000004E-5    100                      8.85273842795852E-6
5.0E-6                   3.5000000000000004E-5    100                      8.85273842795852E-6
5.0E-6                   3.5000000000000004E-5    200                      1.2487274957331769E-5
5.0E-6                   3.5000000000000004E-5    300                      1.5250320039077416E-5
5.0E-6                   3.5000000000000004E-5    400                      1.7570432066952718E-5
5.0E-6                   3.5000000000000004E-5    500                      1.9622964262174353E-5
5.0E-6                   3.5000000000000004E-5    600                      2.148117076423798E-5
5.0E-6                   3.5000000000000004E-5    700                      2.3181915275326576E-5
5.0E-6                   3.5000000000000004E-5    800                      2.476672839303777E-5
5.0E-6                   3.5000000000000004E-5    900                      2.6258417890951747E-5
5.0E-6                   3.5000000000000004E-5    1000                     2.7670166384359823E-5
5.0E-6                   3.5000000000000004E-5    2000                     3.902661660623544E-5
5.0E-6                   3.5000000000000004E-5    3000                     4.775436229663198E-5
5.0E-6                   3.5000000000000004E-5    4000                     5.5094509670368556E-5
5.0E-6                   3.5000000000000004E-5    5000                     6.157473174954068E-5
5.0E-6                   3.5000000000000004E-5    6000                     6.743663277306516E-5
5.0E-6                   3.5000000000000004E-5    7000                     7.282724872712089E-5
5.0E-6                   3.5000000000000004E-5    8000                     7.784123597705876E-5
5.0E-6                   3.5000000000000004E-5    9000                     8.25439968494852E-5
5.0E-6                   3.5000000000000004E-5    10000                    8.699014767311007E-5
5.0E-6                   3.5000000000000004E-5    20000                    1.2183548731503053E-4
5.0E-6                   3.5000000000000004E-5    30000                    1.4434740663116563E-4
5.0E-6                   3.5000000000000004E-5    40000                    1.5846285515353945E-4
5.0E-6                   3.5000000000000004E-5    50000                    1.6688469258587584E-4
5.0E-6                   3.5000000000000004E-5    60000                    1.7167136121317073E-4
5.0E-6                   3.5000000000000004E-5    70000                    1.742009243777697E-4
5.0E-6                   3.5000000000000004E-5    80000                    1.7538914566019845E-4
5.0E-6                   3.5000000000000004E-5    90000                    1.759096432685676E-4
5.0E-6                   3.5000000000000004E-5    100000                   1.7621064679328332E-4
5.0E-6                   3.5000000000000004E-5    110000                   1.764943251016779E-4
5.0E-6                   3.5000000000000004E-5    120000                   1.7687734124674512E-4
5.0E-6                   3.5000000000000004E-5    130000                   1.7703093433449492E-4
5.0E-6                   3.5000000000000004E-5    140000                   1.771022838757781E-4
5.0E-6                   3.5000000000000004E-5    150000                   1.7713317603385923E-4
5.0E-6                   3.5000000000000004E-5    160000                   1.771504759388726E-4
5.0E-6                   3.5000000000000004E-5    170000                   1.771513711182621E-4
5.0E-6                   3.5000000000000004E-5    180000                   1.7714477370986864E-4
5.0E-6                   3.5000000000000004E-5    190000                   1.7713848895233942E-4
5.0E-6                   3.5000000000000004E-5    200000                   1.7713530061250356E-4
1.0E-5                   5.0E-6                   0                        0
1.0E-5                   5.0E-6                   0.1                      0
1.0E-5                   5.0E-6                   0.2                      0
1.0E-5                   5.0E-6                   0.30000000000000004      0
1.0E-5                   5.0E-6                   0.4                      0
1.0E-5                   5.0E-6                   0.5                      0
1.0E-5                   5.0E-6                   0.6000000000000001       0
1.0E-5                   5.0E-6                   0.7000000000000001       0
1.0E-5                   5.0E-6                   0.8                      0
1.0E-5                   5.0E-6                   0.9                      0
1.0E-5                   5.0E-6                   1                        9.59836102958787E-7
1.0E-5                   5.0E-6                   1.1                      1.795914020180792E-6
1.0E-5                   5.0E-6                   1.2000000000000002       1.8114751423101375E-6
1.0E-5                   5.0E-6                   1.3                      1.8268579091680805E-6
1.0E-5                   5.0E-6                   1.4000000000000001       1.8421527133819433E-6
1.0E-5                   5.0E-6                   1.5                      1.8573764176206245E-6
1.0E-5                   5.0E-6                   1.6                      1.8725456230099608E-6
1.0E-5                   5.0E-6                   1.7000000000000002       1.887581574947854E-6
1.0E-5                   5.0E-6                   1.8                      1.9025441710505986E-6
1.0E-5                   5.0E-6                   1.9000000000000001       1.917458941146508E-6
1.0E-5                   5.0E-6                   2                        1.9323260060267152E-6
1.0E-5                   5.0E-6                   5                        2.349630558472018E-6
1.0E-5                   5.0E-6                   10                       2.9567883528594677E-6
1.0E-5                   5.0E-6                   100                      8.714940908529899E-6
1.0E-5                   5.0E-6                   100                      8.714940908529899E-6
1.0E-5                   5.0E-6                   200                      1.234793180134014E-5
1.0E-5                   5.0E-6                   300                      1.5124837835629647E-5
1.0E-5                   5.0E-6                   400                      1.7451601440884742E-5
1.0E-5                   5.0E-6                   500                      1.9495183048094296E-5
1.0E-5                   5.0E-6                   600                      2.1344932493571787E-5
1.0E-5                   5.0E-6                   700                      2.3052966888970305E-5
1.0E-5                   5.0E-6                   800                      2.464351982831931E-5
1.0E-5                   5.0E-6                   900                      2.6132435295426684E-5
1.0E-5                   5.0E-6                   1000                     2.7537409348052048E-5
1.0E-5                   5.0E-6                   2000                     3.890891499549637E-5
1.0E-5                   5.0E-6                   3000                     4.7624896089486904E-5
1.0E-5                   5.0E-6                   4000                     5.498319822127873E-5
1.0E-5                   5.0E-6                   5000                     6.14660942660041E-5
1.0E-5                   5.0E-6                   6000                     6.73288386764205E-5
1.0E-5                   5.0E-6                   7000                     7.271625638955145E-5
1.0E-5                   5.0E-6                   8000                     7.772337354219903E-5
1.0E-5                   5.0E-6                   9000                     8.24182686724457E-5
1.0E-5                   5.0E-6                   10000                    8.685351119132355E-5
1.0E-5                   5.0E-6                   20000                    1.2170046197405544E-4
1.0E-5                   5.0E-6                   30000                    1.44199157360721E-4
1.0E-5                   5.0E-6                   40000                    1.5847659140379093E-4
1.0E-5                   5.0E-6                   50000                    1.6703813094303687E-4
1.0E-5                   5.0E-6                   60000                    1.7184687247304788E-4
1.0E-5                   5.0E-6                   70000                    1.7448577972578602E-4
1.0E-5                   5.0E-6                   80000                    1.7584425600631153E-4
1.0E-5                   5.0E-6                   90000                    1.764859014729262E-4
1.0E-5                   5.0E-6                   100000                   1.7673720305845113E-4
1.0E-5                   5.0E-6                   110000                   1.7683273613665484E-4
1.0E-5                   5.0E-6                   120000                   1.768294482646617E-4
1.0E-5                   5.0E-6                   130000                   1.7682229685765424E-4
1.0E-5                   5.0E-6                   140000                   1.768570025940334E-4
1.0E-5                   5.0E-6                   150000                   1.7690923628638192E-4
1.0E-5                   5.0E-6                   160000                   1.769416385437443E-4
1.0E-5                   5.0E-6                   170000                   1.769711725304498E-4
1.0E-5                   5.0E-6                   180000                   1.7698595933369546E-4
1.0E-5                   5.0E-6                   190000                   1.769994381617342E-4
1.0E-5                   5.0E-6                   200000                   1.7700618556226714E-4
1.0E-5                   1.25E-5                  0                        0
1.0E-5                   1.25E-5                  0.1                      0
1.0E-5                   1.25E-5                  0.2                      0
1.0E-5                   1.25E-5                  0.30000000000000004      0
1.0E-5                   1.25E-5                  0.4                      0
1.0E-5                   1.25E-5                  0.5                      0
1.0E-5                   1.25E-5                  0.6000000000000001       0
1.0E-5                   1.25E-5                  0.7000000000000001       0
1.0E-5                   1.25E-5                  0.8                      0
1.0E-5                   1.25E-5                  0.9                      0
1.0E-5                   1.25E-5                  1                        9.78210366577736E-7
1.0E-5                   1.25E-5                  1.1                      1.8209060342589563E-6
1.0E-5                   1.25E-5                  1.2000000000000002       1.8369012821206867E-6
1.0E-5                   1.25E-5                  1.3                      1.852812363547119E-6
1.0E-5                   1.25E-5                  1.4000000000000001       1.868628644060395E-6
1.0E-5                   1.25E-5                  1.5                      1.8843703832509872E-6
1.0E-5                   1.25E-5                  1.6                      1.9000538988482729E-6
1.0E-5                   1.25E-5                  1.7000000000000002       1.9155960869356774E-6
1.0E-5                   1.25E-5                  1.8                      1.93105928731533E-6
1.0E-5                   1.25E-5                  1.9000000000000001       1.9464715019578983E-6
1.0E-5                   1.25E-5                  2                        1.9618328599350014E-6
1.0E-5                   1.25E-5                  5                        2.392132395009925E-6
1.0E-5                   1.25E-5                  10                       3.0158616186178806E-6
1.0E-5                   1.25E-5                  100                      8.878006099871409E-6
1.0E-5                   1.25E-5                  100                      8.878006099871409E-6
1.0E-5                   1.25E-5                  200                      1.2540833814270488E-5
1.0E-5                   1.25E-5                  300                      1.5324885442123685E-5
1.0E-5                   1.25E-5                  400                      1.7653422295081423E-5
1.0E-5                   1.25E-5                  500                      1.96974295819955E-5
1.0E-5                   1.25E-5                  600                      2.1548533476376316E-5
1.0E-5                   1.25E-5                  700                      2.3257482059536326E-5
1.0E-5                   1.25E-5                  800                      2.4847805345834482E-5
1.0E-5                   1.25E-5                  900                      2.6336146550839308E-5
1.0E-5                   1.25E-5                  1000                     2.77413180023361E-5
1.0E-5                   1.25E-5                  2000                     3.911358467227304E-5
1.0E-5                   1.25E-5                  3000                     4.783172811797472E-5
1.0E-5                   1.25E-5                  4000                     5.518850549836095E-5
1.0E-5                   1.25E-5                  5000                     6.165505551961654E-5
1.0E-5                   1.25E-5                  6000                     6.750833360013427E-5
1.0E-5                   1.25E-5                  7000                     7.289765985083797E-5
1.0E-5                   1.25E-5                  8000                     7.791450671203752E-5
1.0E-5                   1.25E-5                  9000                     8.262199917915156E-5
1.0E-5                   1.25E-5                  10000                    8.706730184036E-5
1.0E-5                   1.25E-5                  20000                    1.2192251909206198E-4
1.0E-5                   1.25E-5                  30000                    1.4442856358175862E-4
1.0E-5                   1.25E-5                  40000                    1.5838024560361642E-4
1.0E-5                   1.25E-5                  50000                    1.6657499980219262E-4
1.0E-5                   1.25E-5                  60000                    1.711980569345032E-4
1.0E-5                   1.25E-5                  70000                    1.7374254097200702E-4
1.0E-5                   1.25E-5                  80000                    1.7515909592692388E-4
1.0E-5                   1.25E-5                  90000                    1.7594862518478406E-4
1.0E-5                   1.25E-5                  100000                   1.7642594290056524E-4
1.0E-5                   1.25E-5                  110000                   1.7676594113300023E-4
1.0E-5                   1.25E-5                  120000                   1.769792572443455E-4
1.0E-5                   1.25E-5                  130000                   1.7710206853546466E-4
1.0E-5                   1.25E-5                  140000                   1.7718432585282963E-4
1.0E-5                   1.25E-5                  150000                   1.7722249770936105E-4
1.0E-5                   1.25E-5                  160000                   1.7724697313450567E-4
1.0E-5                   1.25E-5                  170000                   1.7724905712732746E-4
1.0E-5                   1.25E-5                  180000                   1.7725088315295544E-4
1.0E-5                   1.25E-5                  190000                   1.7724612662181987E-4
1.0E-5                   1.25E-5                  200000                   1.7724208549443196E-4
1.0E-5                   2.0E-5                   0                        0
1.0E-5                   2.0E-5                   0.1                      0
1.0E-5                   2.0E-5                   0.2                      0
1.0E-5                   2.0E-5                   0.30000000000000004      0
1.0E-5                   2.0E-5                   0.4                      0
1.0E-5                   2.0E-5                   0.5                      0
1.0E-5                   2.0E-5                   0.6000000000000001       0
1.0E-5                   2.0E-5                   0.7000000000000001       0
1.0E-5                   2.0E-5                   0.8                      0
1.0E-5                   2.0E-5                   0.9                      0
1.0E-5                   2.0E-5                   1                        1.0150355654171675E-6
1.0E-5                   2.0E-5                   1.1                      1.8884171201086697E-6
1.0E-5                   2.0E-5                   1.2000000000000002       1.9043532944465373E-6
1.0E-5                   2.0E-5                   1.3                      1.920212111643634E-6
1.0E-5                   2.0E-5                   1.4000000000000001       1.9359842232170516E-6
1.0E-5                   2.0E-5                   1.5                      1.9516873953389936E-6
1.0E-5                   2.0E-5                   1.6                      1.9673364109120596E-6
1.0E-5                   2.0E-5                   1.7000000000000002       1.982857408168808E-6
1.0E-5                   2.0E-5                   1.8                      1.9983048422774744E-6
1.0E-5                   2.0E-5                   1.9000000000000001       2.0137043544404654E-6
1.0E-5                   2.0E-5                   2                        2.029056049795492E-6
1.0E-5                   2.0E-5                   5                        2.4609042942537873E-6
1.0E-5                   2.0E-5                   10                       3.092187276320468E-6
1.0E-5                   2.0E-5                   100                      9.050585304945427E-6
1.0E-5                   2.0E-5                   100                      9.050585304945427E-6
1.0E-5                   2.0E-5                   200                      1.2740430745689822E-5
1.0E-5                   2.0E-5                   300                      1.5521386612594663E-5
1.0E-5                   2.0E-5                   400                      1.7859288265936427E-5
1.0E-5                   2.0E-5                   500                      1.9920385464111313E-5
1.0E-5                   2.0E-5                   600                      2.177624676454621E-5
1.0E-5                   2.0E-5                   700                      2.347884777031524E-5
1.0E-5                   2.0E-5                   800                      2.506217441062265E-5
1.0E-5                   2.0E-5                   900                      2.6546566513233317E-5
1.0E-5                   2.0E-5                   1000                     2.7949975710879174E-5
1.0E-5                   2.0E-5                   2000                     3.9318908461421695E-5
1.0E-5                   2.0E-5                   3000                     4.805244259465158E-5
1.0E-5                   2.0E-5                   4000                     5.5397615604530424E-5
1.0E-5                   2.0E-5                   5000                     6.186228578942199E-5
1.0E-5                   2.0E-5                   6000                     6.772582266343288E-5
1.0E-5                   2.0E-5                   7000                     7.311903620098796E-5
1.0E-5                   2.0E-5                   8000                     7.812592070039382E-5
1.0E-5                   2.0E-5                   9000                     8.282292295239101E-5
1.0E-5                   2.0E-5                   10000                    8.725963954640916E-5
1.0E-5                   2.0E-5                   20000                    1.221086824369537E-4
1.0E-5                   2.0E-5                   30000                    1.4462241552396722E-4
1.0E-5                   2.0E-5                   40000                    1.5857881988767868E-4
1.0E-5                   2.0E-5                   50000                    1.6677814299683832E-4
1.0E-5                   2.0E-5                   60000                    1.714047282554688E-4
1.0E-5                   2.0E-5                   70000                    1.7395085652096784E-4
1.0E-5                   2.0E-5                   80000                    1.753682309969903E-4
1.0E-5                   2.0E-5                   90000                    1.761575563261884E-4
1.0E-5                   2.0E-5                   100000                   1.766353148040877E-4
1.0E-5                   2.0E-5                   110000                   1.7697496062147594E-4
1.0E-5                   2.0E-5                   120000                   1.7718803900970074E-4
1.0E-5                   2.0E-5                   130000                   1.773105907754653E-4
1.0E-5                   2.0E-5                   140000                   1.773928336408501E-4
1.0E-5                   2.0E-5                   150000                   1.774308937711969E-4
1.0E-5                   2.0E-5                   160000                   1.774553841087275E-4
1.0E-5                   2.0E-5                   170000                   1.77457396242674E-4
1.0E-5                   2.0E-5                   180000                   1.774592569673951E-4
1.0E-5                   2.0E-5                   190000                   1.7745447640879215E-4
1.0E-5                   2.0E-5                   200000                   1.7745044971690272E-4
1.0E-5                   2.75E-5                  0                        0
1.0E-5                   2.75E-5                  0.1                      0
1.0E-5                   2.75E-5                  0.2                      0
1.0E-5                   2.75E-5                  0.30000000000000004      0
1.0E-5                   2.75E-5                  0.4                      0
1.0E-5                   2.75E-5                  0.5                      0
1.0E-5                   2.75E-5                  0.6000000000000001       0
1.0E-5                   2.75E-5                  0.7000000000000001       0
1.0E-5                   2.75E-5                  0.8                      0
1.0E-5                   2.75E-5                  0.9                      0
1.0E-5                   2.75E-5                  1                        1.0350259196336411E-6
1.0E-5                   2.75E-5                  1.1                      1.9262571652148893E-6
1.0E-5                   2.75E-5                  1.2000000000000002       1.94284092028145E-6
1.0E-5                   2.75E-5                  1.3                      1.9593393604685287E-6
1.0E-5                   2.75E-5                  1.4000000000000001       1.975739987484687E-6
1.0E-5                   2.75E-5                  1.5                      1.9920659222040233E-6
1.0E-5                   2.75E-5                  1.6                      2.0083320580579256E-6
1.0E-5                   2.75E-5                  1.7000000000000002       2.0244496778948833E-6
1.0E-5                   2.75E-5                  1.8                      2.0404927042109108E-6
1.0E-5                   2.75E-5                  1.9000000000000001       2.0564832088430076E-6
1.0E-5                   2.75E-5                  2                        2.072421318113268E-6
1.0E-5                   2.75E-5                  5                        2.519283156679479E-6
1.0E-5                   2.75E-5                  10                       3.1676893052670405E-6
1.0E-5                   2.75E-5                  100                      9.221268315882449E-6
1.0E-5                   2.75E-5                  100                      9.221268315882449E-6
1.0E-5                   2.75E-5                  200                      1.294230404325812E-5
1.0E-5                   2.75E-5                  300                      1.5740102065953516E-5
1.0E-5                   2.75E-5                  400                      1.807086582638776E-5
1.0E-5                   2.75E-5                  500                      2.0114499633696525E-5
1.0E-5                   2.75E-5                  600                      2.196623483202553E-5
1.0E-5                   2.75E-5                  700                      2.3675918361771635E-5
1.0E-5                   2.75E-5                  800                      2.5266030217331003E-5
1.0E-5                   2.75E-5                  900                      2.6753699108870295E-5
1.0E-5                   2.75E-5                  1000                     2.815878437617818E-5
1.0E-5                   2.75E-5                  2000                     3.953092780660081E-5
1.0E-5                   2.75E-5                  3000                     4.825032595664853E-5
1.0E-5                   2.75E-5                  4000                     5.5605860262649406E-5
1.0E-5                   2.75E-5                  5000                     6.207262266312601E-5
1.0E-5                   2.75E-5                  6000                     6.792609381857754E-5
1.0E-5                   2.75E-5                  7000                     7.331572428747459E-5
1.0E-5                   2.75E-5                  8000                     7.833259511211917E-5
1.0E-5                   2.75E-5                  9000                     8.303971792456648E-5
1.0E-5                   2.75E-5                  10000                    8.74847858549286E-5
1.0E-5                   2.75E-5                  20000                    1.2234093175992955E-4
1.0E-5                   2.75E-5                  30000                    1.4484685858147687E-4
1.0E-5                   2.75E-5                  40000                    1.587977156865193E-4
1.0E-5                   2.75E-5                  50000                    1.669900494110007E-4
1.0E-5                   2.75E-5                  60000                    1.7161291311437426E-4
1.0E-5                   2.75E-5                  70000                    1.7415881344296635E-4
1.0E-5                   2.75E-5                  80000                    1.7557657988360434E-4
1.0E-5                   2.75E-5                  90000                    1.7638291862589485E-4
1.0E-5                   2.75E-5                  100000                   1.7685229655082675E-4
1.0E-5                   2.75E-5                  110000                   1.7719384573854625E-4
1.0E-5                   2.75E-5                  120000                   1.774050483501193E-4
1.0E-5                   2.75E-5                  130000                   1.7752456126249238E-4
1.0E-5                   2.75E-5                  140000                   1.776061045901007E-4
1.0E-5                   2.75E-5                  150000                   1.7764253523655843E-4
1.0E-5                   2.75E-5                  160000                   1.7766603872100846E-4
1.0E-5                   2.75E-5                  170000                   1.7766677297624415E-4
1.0E-5                   2.75E-5                  180000                   1.77668359337544E-4
1.0E-5                   2.75E-5                  190000                   1.7766291539127112E-4
1.0E-5                   2.75E-5                  200000                   1.7765885185363442E-4
1.0E-5                   3.5000000000000004E-5    0                        0
1.0E-5                   3.5000000000000004E-5    0.1                      0
1.0E-5                   3.5000000000000004E-5    0.2                      0
1.0E-5                   3.5000000000000004E-5    0.30000000000000004      0
1.0E-5                   3.5000000000000004E-5    0.4                      0
1.0E-5                   3.5000000000000004E-5    0.5                      0
1.0E-5                   3.5000000000000004E-5    0.6000000000000001       0
1.0E-5                   3.5000000000000004E-5    0.7000000000000001       0
1.0E-5                   3.5000000000000004E-5    0.8                      0
1.0E-5                   3.5000000000000004E-5    0.9                      0
1.0E-5                   3.5000000000000004E-5    1                        1.064664866782489E-6
1.0E-5                   3.5000000000000004E-5    1.1                      1.9794909431329386E-6
1.0E-5                   3.5000000000000004E-5    1.2000000000000002       1.9963324362992006E-6
1.0E-5                   3.5000000000000004E-5    1.3                      2.0130861701547646E-6
1.0E-5                   3.5000000000000004E-5    1.4000000000000001       2.029744590726977E-6
1.0E-5                   3.5000000000000004E-5    1.5                      2.0463256232175635E-6
1.0E-5                   3.5000000000000004E-5    1.6                      2.062846646905666E-6
1.0E-5                   3.5000000000000004E-5    1.7000000000000002       2.0792223032594454E-6
1.0E-5                   3.5000000000000004E-5    1.8                      2.095520813898168E-6
1.0E-5                   3.5000000000000004E-5    1.9000000000000001       2.1117664670533413E-6
1.0E-5                   3.5000000000000004E-5    2                        2.127959383699889E-6
1.0E-5                   3.5000000000000004E-5    5                        2.582356273777149E-6
1.0E-5                   3.5000000000000004E-5    10                       3.2423534425341224E-6
1.0E-5                   3.5000000000000004E-5    100                      9.39272856769193E-6
1.0E-5                   3.5000000000000004E-5    100                      9.39272856769193E-6
1.0E-5                   3.5000000000000004E-5    200                      1.3143358656227023E-5
1.0E-5                   3.5000000000000004E-5    300                      1.594851345840223E-5
1.0E-5                   3.5000000000000004E-5    400                      1.8280367823222314E-5
1.0E-5                   3.5000000000000004E-5    500                      2.0323736722730762E-5
1.0E-5                   3.5000000000000004E-5    600                      2.217524556818803E-5
1.0E-5                   3.5000000000000004E-5    700                      2.3885171715517232E-5
1.0E-5                   3.5000000000000004E-5    800                      2.5475578682480812E-5
1.0E-5                   3.5000000000000004E-5    900                      2.6963274301505567E-5
1.0E-5                   3.5000000000000004E-5    1000                     2.8368187040616787E-5
1.0E-5                   3.5000000000000004E-5    2000                     3.974036711391373E-5
1.0E-5                   3.5000000000000004E-5    3000                     4.845947527864099E-5
1.0E-5                   3.5000000000000004E-5    4000                     5.5815275061560375E-5
1.0E-5                   3.5000000000000004E-5    5000                     6.228197619615718E-5
1.0E-5                   3.5000000000000004E-5    6000                     6.813540755264956E-5
1.0E-5                   3.5000000000000004E-5    7000                     7.352497161294319E-5
1.0E-5                   3.5000000000000004E-5    8000                     7.854183498122388E-5
1.0E-5                   3.5000000000000004E-5    9000                     8.324903625646689E-5
1.0E-5                   3.5000000000000004E-5    10000                    8.769415061837161E-5
1.0E-5                   3.5000000000000004E-5    20000                    1.22550035498816E-4
1.0E-5                   3.5000000000000004E-5    30000                    1.4505580017272154E-4
1.0E-5                   3.5000000000000004E-5    40000                    1.590066172592526E-4
1.0E-5                   3.5000000000000004E-5    50000                    1.6719926605129776E-4
1.0E-5                   3.5000000000000004E-5    60000                    1.718219439062591E-4
1.0E-5                   3.5000000000000004E-5    70000                    1.743674111351565E-4
1.0E-5                   3.5000000000000004E-5    80000                    1.7578488324465348E-4
1.0E-5                   3.5000000000000004E-5    90000                    1.7658739322184427E-4
1.0E-5                   3.5000000000000004E-5    100000                   1.7705856279043295E-4
1.0E-5                   3.5000000000000004E-5    110000                   1.7739987161628266E-4
1.0E-5                   3.5000000000000004E-5    120000                   1.7761153496941316E-4
1.0E-5                   3.5000000000000004E-5    130000                   1.777314727954434E-4
1.0E-5                   3.5000000000000004E-5    140000                   1.7781342853655176E-4
1.0E-5                   3.5000000000000004E-5    150000                   1.778500488861401E-4
1.0E-5                   3.5000000000000004E-5    160000                   1.7787393954994405E-4
1.0E-5                   3.5000000000000004E-5    170000                   1.7787482867553673E-4
1.0E-5                   3.5000000000000004E-5    180000                   1.7787659184536367E-4
1.0E-5                   3.5000000000000004E-5    190000                   1.7787125477213648E-4
1.0E-5                   3.5000000000000004E-5    200000                   1.77867231935067E-4
2.0E-5                   5.0E-6                   0                        0
2.0E-5                   5.0E-6                   0.1                      0
2.0E-5                   5.0E-6                   0.2                      0
2.0E-5                   5.0E-6                   0.30000000000000004      0
2.0E-5                   5.0E-6                   0.4                      0
2.0E-5                   5.0E-6                   0.5                      0
2.0E-5                   5.0E-6                   0.6000000000000001       0
2.0E-5                   5.0E-6                   0.7000000000000001       0
2.0E-5                   5.0E-6                   0.8                      0
2.0E-5                   5.0E-6                   0.9                      0
2.0E-5                   5.0E-6                   1                        9.755466690467043E-7
2.0E-5                   5.0E-6                   1.1                      1.825079229651487E-6
2.0E-5                   5.0E-6                   1.2000000000000002       1.840920852692733E-6
2.0E-5                   5.0E-6                   1.3                      1.8565811034180922E-6
2.0E-5                   5.0E-6                   1.4000000000000001       1.872151981824924E-6
2.0E-5                   5.0E-6                   1.5                      1.8876503895142562E-6
2.0E-5                   5.0E-6                   1.6                      1.9030933559914404E-6
2.0E-5                   5.0E-6                   1.7000000000000002       1.918401389118596E-6
2.0E-5                   5.0E-6                   1.8                      1.9336343253320656E-6
2.0E-5                   5.0E-6                   1.9000000000000001       1.948818514993325E-6
2.0E-5                   5.0E-6                   2                        1.963954061284131E-6
2.0E-5                   5.0E-6                   5                        2.3887983846927696E-6
2.0E-5                   5.0E-6                   10                       3.006718202077032E-6
2.0E-5                   5.0E-6                   100                      8.84086622326183E-6
2.0E-5                   5.0E-6                   100                      8.84086622326183E-6
2.0E-5                   5.0E-6                   200                      1.250372000184936E-5
2.0E-5                   5.0E-6                   300                      1.5298242150871086E-5
2.0E-5                   5.0E-6                   400                      1.7636563550976462E-5
2.0E-5                   5.0E-6                   500                      1.968825705916101E-5
2.0E-5                   5.0E-6                   600                      2.1544100668615048E-5
2.0E-5                   5.0E-6                   700                      2.325698876229911E-5
2.0E-5                   5.0E-6                   800                      2.4851467346921745E-5
2.0E-5                   5.0E-6                   900                      2.634355650153348E-5
2.0E-5                   5.0E-6                   1000                     2.7751166995945435E-5
2.0E-5                   5.0E-6                   2000                     3.9137071090236286E-5
2.0E-5                   5.0E-6                   3000                     4.785940324889141E-5
2.0E-5                   5.0E-6                   4000                     5.522158081632138E-5
2.0E-5                   5.0E-6                   5000                     6.169040570757039E-5
2.0E-5                   5.0E-6                   6000                     6.754511756042838E-5
2.0E-5                   5.0E-6                   7000                     7.29354111955081E-5
2.0E-5                   5.0E-6                   8000                     7.795342323829916E-5
2.0E-5                   5.0E-6                   9000                     8.266248840296151E-5
2.0E-5                   5.0E-6                   10000                    8.710867767267705E-5
2.0E-5                   5.0E-6                   20000                    1.2197598699173848E-4
2.0E-5                   5.0E-6                   30000                    1.4450941963549516E-4
2.0E-5                   5.0E-6                   40000                    1.584942336496155E-4
2.0E-5                   5.0E-6                   50000                    1.667216546458882E-4
2.0E-5                   5.0E-6                   60000                    1.713688138156237E-4
2.0E-5                   5.0E-6                   70000                    1.7392755844217037E-4
2.0E-5                   5.0E-6                   80000                    1.7535141183905832E-4
2.0E-5                   5.0E-6                   90000                    1.7612445257761446E-4
2.0E-5                   5.0E-6                   100000                   1.766151977723168E-4
2.0E-5                   5.0E-6                   110000                   1.7695273947533282E-4
2.0E-5                   5.0E-6                   120000                   1.7717042547321491E-4
2.0E-5                   5.0E-6                   130000                   1.773029772841007E-4
2.0E-5                   5.0E-6                   140000                   1.7738366104558685E-4
2.0E-5                   5.0E-6                   150000                   1.7742762633934619E-4
2.0E-5                   5.0E-6                   160000                   1.774512864576585E-4
2.0E-5                   5.0E-6                   170000                   1.774575363042635E-4
2.0E-5                   5.0E-6                   180000                   1.7745807131971163E-4
2.0E-5                   5.0E-6                   190000                   1.774549587405406E-4
2.0E-5                   5.0E-6                   200000                   1.7745054415521506E-4
2.0E-5                   1.25E-5                  0                        0
2.0E-5                   1.25E-5                  0.1                      0
2.0E-5                   1.25E-5                  0.2                      0
2.0E-5                   1.25E-5                  0.30000000000000004      0
2.0E-5                   1.25E-5                  0.4                      0
2.0E-5                   1.25E-5                  0.5                      0
2.0E-5                   1.25E-5                  0.6000000000000001       0
2.0E-5                   1.25E-5                  0.7000000000000001       0
2.0E-5                   1.25E-5                  0.8                      0
2.0E-5                   1.25E-5                  0.9                      0
2.0E-5                   1.25E-5                  1                        1.0242048641413085E-6
2.0E-5                   1.25E-5                  1.1                      1.9057837457755267E-6
2.0E-5                   1.25E-5                  1.2000000000000002       1.9222086836455817E-6
2.0E-5                   1.25E-5                  1.3                      1.9385528839807323E-6
2.0E-5                   1.25E-5                  1.4000000000000001       1.95480599343713E-6
2.0E-5                   1.25E-5                  1.5                      1.970987490594361E-6
2.0E-5                   1.25E-5                  1.6                      1.987112549898533E-6
2.0E-5                   1.25E-5                  1.7000000000000002       2.0031019850912566E-6
2.0E-5                   1.25E-5                  1.8                      2.0190161814110894E-6
2.0E-5                   1.25E-5                  1.9000000000000001       2.0348804439051776E-6
2.0E-5                   1.25E-5                  2                        2.0506948808742534E-6
2.0E-5                   1.25E-5                  5                        2.4953301128898183E-6
2.0E-5                   1.25E-5                  10                       3.143295484287123E-6
2.0E-5                   1.25E-5                  100                      9.239568968565998E-6
2.0E-5                   1.25E-5                  100                      9.239568968565998E-6
2.0E-5                   1.25E-5                  200                      1.302993441392486E-5
2.0E-5                   1.25E-5                  300                      1.589215885341985E-5
2.0E-5                   1.25E-5                  400                      1.8288989857826357E-5
2.0E-5                   1.25E-5                  500                      2.039265295979979E-5
2.0E-5                   1.25E-5                  600                      2.228049764533184E-5
2.0E-5                   1.25E-5                  700                      2.400502660696786E-5
2.0E-5                   1.25E-5                  800                      2.560393270721813E-5
2.0E-5                   1.25E-5                  900                      2.7099534930194168E-5
2.0E-5                   1.25E-5                  1000                     2.851117494654753E-5
2.0E-5                   1.25E-5                  2000                     3.991888223045584E-5
2.0E-5                   1.25E-5                  3000                     4.866356828366991E-5
2.0E-5                   1.25E-5                  4000                     5.6018866175869546E-5
2.0E-5                   1.25E-5                  5000                     6.248746392328916E-5
2.0E-5                   1.25E-5                  6000                     6.835136295454702E-5
2.0E-5                   1.25E-5                  7000                     7.374976075656068E-5
2.0E-5                   1.25E-5                  8000                     7.876142802336653E-5
2.0E-5                   1.25E-5                  9000                     8.346150987057231E-5
2.0E-5                   1.25E-5                  10000                    8.789908556193242E-5
2.0E-5                   1.25E-5                  20000                    1.227609166903787E-4
2.0E-5                   1.25E-5                  30000                    1.4530905535887638E-4
2.0E-5                   1.25E-5                  40000                    1.5930763790887101E-4
2.0E-5                   1.25E-5                  50000                    1.6754416027842147E-4
2.0E-5                   1.25E-5                  60000                    1.7220112446561848E-4
2.0E-5                   1.25E-5                  70000                    1.747622811524509E-4
2.0E-5                   1.25E-5                  80000                    1.7617017913676625E-4
2.0E-5                   1.25E-5                  90000                    1.7694086585963057E-4
2.0E-5                   1.25E-5                  100000                   1.7743837637513923E-4
2.0E-5                   1.25E-5                  110000                   1.777695299786195E-4
2.0E-5                   1.25E-5                  120000                   1.7799044598486907E-4
2.0E-5                   1.25E-5                  130000                   1.7813990697097717E-4
2.0E-5                   1.25E-5                  140000                   1.7821827938064555E-4
2.0E-5                   1.25E-5                  150000                   1.782698363166345E-4
2.0E-5                   1.25E-5                  160000                   1.7828529189528193E-4
2.0E-5                   1.25E-5                  170000                   1.7829504681527008E-4
2.0E-5                   1.25E-5                  180000                   1.7829240977367534E-4
2.0E-5                   1.25E-5                  190000                   1.782901627519016E-4
2.0E-5                   1.25E-5                  200000                   1.7828533790932043E-4
2.0E-5                   2.0E-5                   0                        0
2.0E-5                   2.0E-5                   0.1                      0
2.0E-5                   2.0E-5                   0.2                      0
2.0E-5                   2.0E-5                   0.30000000000000004      0
2.0E-5                   2.0E-5                   0.4                      0
2.0E-5                   2.0E-5                   0.5                      0
2.0E-5                   2.0E-5                   0.6000000000000001       0
2.0E-5                   2.0E-5                   0.7000000000000001       0
2.0E-5                   2.0E-5                   0.8                      0
2.0E-5                   2.0E-5                   0.9                      0
2.0E-5                   2.0E-5                   1                        1.088930208930414E-6
2.0E-5                   2.0E-5                   1.1                      2.025330996187842E-6
2.0E-5                   2.0E-5                   1.2000000000000002       2.0424702053769883E-6
2.0E-5                   2.0E-5                   1.3                      2.0595242764220133E-6
2.0E-5                   2.0E-5                   1.4000000000000001       2.076480213428857E-6
2.0E-5                   2.0E-5                   1.5                      2.093361816836954E-6
2.0E-5                   2.0E-5                   1.6                      2.110183476246804E-6
2.0E-5                   2.0E-5                   1.7000000000000002       2.1268555297559137E-6
2.0E-5                   2.0E-5                   1.8                      2.143454596465361E-6
2.0E-5                   2.0E-5                   1.9000000000000001       2.1600007212132575E-6
2.0E-5                   2.0E-5                   2                        2.176494015804723E-6
2.0E-5                   2.0E-5                   5                        2.639800055337653E-6
2.0E-5                   2.0E-5                   10                       3.3139683965671335E-6
2.0E-5                   2.0E-5                   100                      9.644897410732983E-6
2.0E-5                   2.0E-5                   100                      9.644897410732983E-6
2.0E-5                   2.0E-5                   200                      1.3569059882495272E-5
2.0E-5                   2.0E-5                   300                      1.651770063457856E-5
2.0E-5                   2.0E-5                   400                      1.8975248920819938E-5
2.0E-5                   2.0E-5                   500                      2.112248914212433E-5
2.0E-5                   2.0E-5                   600                      2.304055015558477E-5
2.0E-5                   2.0E-5                   700                      2.4786433917215743E-5
2.0E-5                   2.0E-5                   800                      2.640003509242005E-5
2.0E-5                   2.0E-5                   900                      2.7905238656794462E-5
2.0E-5                   2.0E-5                   1000                     2.93232694808621E-5
2.0E-5                   2.0E-5                   2000                     4.074802212189878E-5
2.0E-5                   2.0E-5                   3000                     4.949391610796303E-5
2.0E-5                   2.0E-5                   4000                     5.684898233997736E-5
2.0E-5                   2.0E-5                   5000                     6.33182675042029E-5
2.0E-5                   2.0E-5                   6000                     6.91836181286807E-5
2.0E-5                   2.0E-5                   7000                     7.458181111535808E-5
2.0E-5                   2.0E-5                   8000                     7.959267653632321E-5
2.0E-5                   2.0E-5                   9000                     8.429250386005425E-5
2.0E-5                   2.0E-5                   10000                    8.873033841209674E-5
2.0E-5                   2.0E-5                   20000                    1.2359526649983422E-4
2.0E-5                   2.0E-5                   30000                    1.4614314990762594E-4
2.0E-5                   2.0E-5                   40000                    1.6013922038350702E-4
2.0E-5                   2.0E-5                   50000                    1.6837571731809518E-4
2.0E-5                   2.0E-5                   60000                    1.7303052021748025E-4
2.0E-5                   2.0E-5                   70000                    1.7559262802360433E-4
2.0E-5                   2.0E-5                   80000                    1.770174187249901E-4
2.0E-5                   2.0E-5                   90000                    1.7778566430964843E-4
2.0E-5                   2.0E-5                   100000                   1.7827925594913324E-4
2.0E-5                   2.0E-5                   110000                   1.7861491287206164E-4
2.0E-5                   2.0E-5                   120000                   1.788332568861182E-4
2.0E-5                   2.0E-5                   130000                   1.78967913635796E-4
2.0E-5                   2.0E-5                   140000                   1.7904831621819088E-4
2.0E-5                   2.0E-5                   150000                   1.7909365490100613E-4
2.0E-5                   2.0E-5                   160000                   1.7911717471217283E-4
2.0E-5                   2.0E-5                   170000                   1.791244556147551E-4
2.0E-5                   2.0E-5                   180000                   1.7912476173937306E-4
2.0E-5                   2.0E-5                   190000                   1.7912207062883924E-4
2.0E-5                   2.0E-5                   200000                   1.7911760374963908E-4
2.0E-5                   2.75E-5                  0                        0
2.0E-5                   2.75E-5                  0.1                      0
2.0E-5                   2.75E-5                  0.2                      0
2.0E-5                   2.75E-5                  0.30000000000000004      0
2.0E-5                   2.75E-5                  0.4                      0
2.0E-5                   2.75E-5                  0.5                      0
2.0E-5                   2.75E-5                  0.6000000000000001       0
2.0E-5                   2.75E-5                  0.7000000000000001       0
2.0E-5                   2.75E-5                  0.8                      0
2.0E-5                   2.75E-5                  0.9                      0
2.0E-5                   2.75E-5                  1                        1.126075585894638E-6
2.0E-5                   2.75E-5                  1.1                      2.093505417585056E-6
2.0E-5                   2.75E-5                  1.2000000000000002       2.1114876323692382E-6
2.0E-5                   2.75E-5                  1.3                      2.129377398607845E-6
2.0E-5                   2.75E-5                  1.4000000000000001       2.147167040283784E-6
2.0E-5                   2.75E-5                  1.5                      2.1648750701489383E-6
2.0E-5                   2.75E-5                  1.6                      2.1825201942387964E-6
2.0E-5                   2.75E-5                  1.7000000000000002       2.2000129743541665E-6
2.0E-5                   2.75E-5                  1.8                      2.2174236260665748E-6
2.0E-5                   2.75E-5                  1.9000000000000001       2.2347787226849404E-6
2.0E-5                   2.75E-5                  2                        2.2520783783489154E-6
2.0E-5                   2.75E-5                  5                        2.738001084927779E-6
2.0E-5                   2.75E-5                  10                       3.4449309095142774E-6
2.0E-5                   2.75E-5                  100                      1.0050619589612313E-5
2.0E-5                   2.75E-5                  100                      1.0050619589612313E-5
2.0E-5                   2.75E-5                  200                      1.4108401017523668E-5
2.0E-5                   2.75E-5                  300                      1.714252191348237E-5
2.0E-5                   2.75E-5                  400                      1.9661606308525586E-5
2.0E-5                   2.75E-5                  500                      2.1853017213692303E-5
2.0E-5                   2.75E-5                  600                      2.3801248796077495E-5
2.0E-5                   2.75E-5                  700                      2.556890244640508E-5
2.0E-5                   2.75E-5                  800                      2.7197685077714447E-5
2.0E-5                   2.75E-5                  900                      2.8713441259316197E-5
2.0E-5                   2.75E-5                  1000                     3.013874576760617E-5
2.0E-5                   2.75E-5                  2000                     4.157991363711746E-5
2.0E-5                   2.75E-5                  3000                     5.0326816150716494E-5
2.0E-5                   2.75E-5                  4000                     5.7679995163171E-5
2.0E-5                   2.75E-5                  5000                     6.41505961140232E-5
2.0E-5                   2.75E-5                  6000                     7.001896698669732E-5
2.0E-5                   2.75E-5                  7000                     7.541487639134981E-5
2.0E-5                   2.75E-5                  8000                     8.042395724244639E-5
2.0E-5                   2.75E-5                  9000                     8.512284947118507E-5
2.0E-5                   2.75E-5                  10000                    8.956169145365038E-5
2.0E-5                   2.75E-5                  20000                    1.2443151303490952E-4
2.0E-5                   2.75E-5                  30000                    1.4697861288240764E-4
2.0E-5                   2.75E-5                  40000                    1.6097255550829182E-4
2.0E-5                   2.75E-5                  50000                    1.6920416861673714E-4
2.0E-5                   2.75E-5                  60000                    1.7385631564731662E-4
2.0E-5                   2.75E-5                  70000                    1.7642168627520077E-4
2.0E-5                   2.75E-5                  80000                    1.778514137440775E-4
2.0E-5                   2.75E-5                  90000                    1.786562148520114E-4
2.0E-5                   2.75E-5                  100000                   1.7913411311884479E-4
2.0E-5                   2.75E-5                  110000                   1.7947738398972342E-4
2.0E-5                   2.75E-5                  120000                   1.7969103416999834E-4
2.0E-5                   2.75E-5                  130000                   1.7981237437509593E-4
2.0E-5                   2.75E-5                  140000                   1.7989543153649316E-4
2.0E-5                   2.75E-5                  150000                   1.7993266868459652E-4
2.0E-5                   2.75E-5                  160000                   1.799572350252503E-4
2.0E-5                   2.75E-5                  170000                   1.7995838865668352E-4
2.0E-5                   2.75E-5                  180000                   1.7996040695427676E-4
2.0E-5                   2.75E-5                  190000                   1.79955183504353E-4
2.0E-5                   2.75E-5                  200000                   1.7995118170987168E-4
2.0E-5                   3.5000000000000004E-5    0                        0
2.0E-5                   3.5000000000000004E-5    0.1                      0
2.0E-5                   3.5000000000000004E-5    0.2                      0
2.0E-5                   3.5000000000000004E-5    0.30000000000000004      0
2.0E-5                   3.5000000000000004E-5    0.4                      0
2.0E-5                   3.5000000000000004E-5    0.5                      0
2.0E-5                   3.5000000000000004E-5    0.6000000000000001       0
2.0E-5                   3.5000000000000004E-5    0.7000000000000001       0
2.0E-5                   3.5000000000000004E-5    0.8                      0
2.0E-5                   3.5000000000000004E-5    0.9                      0
2.0E-5                   3.5000000000000004E-5    1                        1.1815899380979447E-6
2.0E-5                   3.5000000000000004E-5    1.1                      2.195745722226545E-6
2.0E-5                   3.5000000000000004E-5    1.2000000000000002       2.2144624445722308E-6
2.0E-5                   3.5000000000000004E-5    1.3                      2.233084586738746E-6
2.0E-5                   3.5000000000000004E-5    1.4000000000000001       2.2516005249376934E-6
2.0E-5                   3.5000000000000004E-5    1.5                      2.270034724979041E-6
2.0E-5                   3.5000000000000004E-5    1.6                      2.288403163755644E-6
2.0E-5                   3.5000000000000004E-5    1.7000000000000002       2.306604153142377E-6
2.0E-5                   3.5000000000000004E-5    1.8                      2.324731752543796E-6
2.0E-5                   3.5000000000000004E-5    1.9000000000000001       2.342801155083602E-6
2.0E-5                   3.5000000000000004E-5    2                        2.3608124867806485E-6
2.0E-5                   3.5000000000000004E-5    5                        2.8667011654433285E-6
2.0E-5                   3.5000000000000004E-5    10                       3.602219957052366E-6
2.0E-5                   3.5000000000000004E-5    100                      1.0457335158107115E-5
2.0E-5                   3.5000000000000004E-5    100                      1.0457335158107115E-5
2.0E-5                   3.5000000000000004E-5    200                      1.4646983750775278E-5
2.0E-5                   3.5000000000000004E-5    300                      1.7767133947670505E-5
2.0E-5                   3.5000000000000004E-5    400                      2.034726510904067E-5
2.0E-5                   3.5000000000000004E-5    500                      2.2571248714585244E-5
2.0E-5                   3.5000000000000004E-5    600                      2.4553999697419888E-5
2.0E-5                   3.5000000000000004E-5    700                      2.634709343251463E-5
2.0E-5                   3.5000000000000004E-5    800                      2.799435742071368E-5
2.0E-5                   3.5000000000000004E-5    900                      2.9524054242430724E-5
2.0E-5                   3.5000000000000004E-5    1000                     3.095933817150027E-5
2.0E-5                   3.5000000000000004E-5    2000                     4.2414341054218095E-5
2.0E-5                   3.5000000000000004E-5    3000                     5.1142833567445726E-5
2.0E-5                   3.5000000000000004E-5    4000                     5.85121332549175E-5
2.0E-5                   3.5000000000000004E-5    5000                     6.499727400902681E-5
2.0E-5                   3.5000000000000004E-5    6000                     7.086236997062645E-5
2.0E-5                   3.5000000000000004E-5    7000                     7.625659225590213E-5
2.0E-5                   3.5000000000000004E-5    8000                     8.127590258656E-5
2.0E-5                   3.5000000000000004E-5    9000                     8.598587989911461E-5
2.0E-5                   3.5000000000000004E-5    10000                    9.043048362975281E-5
2.0E-5                   3.5000000000000004E-5    20000                    1.252776155215456E-4
2.0E-5                   3.5000000000000004E-5    30000                    1.4782903097386693E-4
2.0E-5                   3.5000000000000004E-5    40000                    1.6203549489338323E-4
2.0E-5                   3.5000000000000004E-5    50000                    1.7061160910230238E-4
2.0E-5                   3.5000000000000004E-5    60000                    1.7547208250665144E-4
2.0E-5                   3.5000000000000004E-5    70000                    1.7812057334115437E-4
2.0E-5                   3.5000000000000004E-5    80000                    1.7949501971932112E-4
2.0E-5                   3.5000000000000004E-5    90000                    1.8014531848506337E-4
2.0E-5                   3.5000000000000004E-5    100000                   1.8042201625949865E-4
2.0E-5                   3.5000000000000004E-5    110000                   1.8054104810450767E-4
2.0E-5                   3.5000000000000004E-5    120000                   1.8055477745985312E-4
2.0E-5                   3.5000000000000004E-5    130000                   1.8056757233042434E-4
2.0E-5                   3.5000000000000004E-5    140000                   1.8061498616156295E-4
2.0E-5                   3.5000000000000004E-5    150000                   1.8066825235943038E-4
2.0E-5                   3.5000000000000004E-5    160000                   1.8069943961063477E-4
2.0E-5                   3.5000000000000004E-5    170000                   1.8072590061943267E-4
2.0E-5                   3.5000000000000004E-5    180000                   1.8074057319694586E-4
2.0E-5                   3.5000000000000004E-5    190000                   1.8075290262032663E-4
2.0E-5                   3.5000000000000004E-5    200000                   1.8075938477239858E-4
5.0E-5                   5.0E-6                   0                        0
5.0E-5                   5.0E-6                   0.1                      0
5.0E-5                   5.0E-6                   0.2                      0
5.0E-5                   5.0E-6                   0.30000000000000004      0
5.0E-5                   5.0E-6                   0.4                      0
5.0E-5                   5.0E-6                   0.5                      0
5.0E-5                   5.0E-6                   0.6000000000000001       0
5.0E-5                   5.0E-6                   0.7000000000000001       0
5.0E-5                   5.0E-6                   0.8                      0
5.0E-5                   5.0E-6                   0.9                      0
5.0E-5                   5.0E-6                   1                        1.079140339601917E-6
5.0E-5                   5.0E-6                   1.1                      2.0066995385874034E-6
5.0E-5                   5.0E-6                   1.2000000000000002       2.022846878282208E-6
5.0E-5                   5.0E-6                   1.3                      2.0389128414562454E-6
5.0E-5                   5.0E-6                   1.4000000000000001       2.0548872377381763E-6
5.0E-5                   5.0E-6                   1.5                      2.070789352906173E-6
5.0E-5                   5.0E-6                   1.6                      2.0866342206239517E-6
5.0E-5                   5.0E-6                   1.7000000000000002       2.1023431856621803E-6
5.0E-5                   5.0E-6                   1.8                      2.1179762747557008E-6
5.0E-5                   5.0E-6                   1.9000000000000001       2.133559019443425E-6
5.0E-5                   5.0E-6                   2                        2.14909154718062E-6
5.0E-5                   5.0E-6                   5                        2.5852037812218577E-6
5.0E-5                   5.0E-6                   10                       3.21970321285052E-6
5.0E-5                   5.0E-6                   100                      9.221666646636996E-6
5.0E-5                   5.0E-6                   100                      9.221666646636996E-6
5.0E-5                   5.0E-6                   200                      1.2971564888654697E-5
5.0E-5                   5.0E-6                   300                      1.5819095551106983E-5
5.0E-5                   5.0E-6                   400                      1.819410286097747E-5
5.0E-5                   5.0E-6                   500                      2.027395271380243E-5
5.0E-5                   5.0E-6                   600                      2.2151722302508503E-5
5.0E-5                   5.0E-6                   700                      2.388367732706477E-5
5.0E-5                   5.0E-6                   800                      2.5495473936866242E-5
5.0E-5                   5.0E-6                   900                      2.7002778577445408E-5
5.0E-5                   5.0E-6                   1000                     2.8423113155566957E-5
5.0E-5                   5.0E-6                   2000                     3.988992529759649E-5
5.0E-5                   5.0E-6                   3000                     4.8653524122337724E-5
5.0E-5                   5.0E-6                   4000                     5.60457390282717E-5
5.0E-5                   5.0E-6                   5000                     6.255068567514638E-5
5.0E-5                   5.0E-6                   6000                     6.843327558267114E-5
5.0E-5                   5.0E-6                   7000                     7.383364356961017E-5
5.0E-5                   5.0E-6                   8000                     7.885440817702667E-5
5.0E-5                   5.0E-6                   9000                     8.356043602825225E-5
5.0E-5                   5.0E-6                   10000                    8.800527211635713E-5
5.0E-5                   5.0E-6                   20000                    1.230090352324564E-4
5.0E-5                   5.0E-6                   30000                    1.4584256602333964E-4
5.0E-5                   5.0E-6                   40000                    1.6050540127151354E-4
5.0E-5                   5.0E-6                   50000                    1.6944584587937384E-4
5.0E-5                   5.0E-6                   60000                    1.7456723130373282E-4
5.0E-5                   5.0E-6                   70000                    1.7743657284840304E-4
5.0E-5                   5.0E-6                   80000                    1.7895320462580714E-4
5.0E-5                   5.0E-6                   90000                    1.7971141689673845E-4
5.0E-5                   5.0E-6                   100000                   1.8002431573700784E-4
5.0E-5                   5.0E-6                   110000                   1.8014385126077412E-4
5.0E-5                   5.0E-6                   120000                   1.8016174552451191E-4
5.0E-5                   5.0E-6                   130000                   1.8015188907373578E-4
5.0E-5                   5.0E-6                   140000                   1.8018233700648457E-4
5.0E-5                   5.0E-6                   150000                   1.8023471085043733E-4
5.0E-5                   5.0E-6                   160000                   1.8026857882588336E-4
5.0E-5                   5.0E-6                   170000                   1.803005076762934E-4
5.0E-5                   5.0E-6                   180000                   1.8031631812173704E-4
5.0E-5                   5.0E-6                   190000                   1.803310786598053E-4
5.0E-5                   5.0E-6                   200000                   1.8033838644341467E-4
5.0E-5                   1.25E-5                  0                        0
5.0E-5                   1.25E-5                  0.1                      0
5.0E-5                   1.25E-5                  0.2                      0
5.0E-5                   1.25E-5                  0.30000000000000004      0
5.0E-5                   1.25E-5                  0.4                      0
5.0E-5                   1.25E-5                  0.5                      0
5.0E-5                   1.25E-5                  0.6000000000000001       0
5.0E-5                   1.25E-5                  0.7000000000000001       0
5.0E-5                   1.25E-5                  0.8                      0
5.0E-5                   1.25E-5                  0.9                      0
5.0E-5                   1.25E-5                  1                        1.1570382013092569E-6
5.0E-5                   1.25E-5                  1.1                      2.149943744132124E-6
5.0E-5                   1.25E-5                  1.2000000000000002       2.168475004579643E-6
5.0E-5                   1.25E-5                  1.3                      2.1869130603111285E-6
5.0E-5                   1.25E-5                  1.4000000000000001       2.2052480804980206E-6
5.0E-5                   1.25E-5                  1.5                      2.22350151608308E-6
5.0E-5                   1.25E-5                  1.6                      2.2416900891971397E-6
5.0E-5                   1.25E-5                  1.7000000000000002       2.2597189318888614E-6
5.0E-5                   1.25E-5                  1.8                      2.2776706428851357E-6
5.0E-5                   1.25E-5                  1.9000000000000001       2.295564855159179E-6
5.0E-5                   1.25E-5                  2                        2.31340169692451E-6
5.0E-5                   1.25E-5                  5                        2.81449539434883E-6
5.0E-5                   1.25E-5                  10                       3.5429738559523813E-6
5.0E-5                   1.25E-5                  100                      1.0314808794626987E-5
5.0E-5                   1.25E-5                  100                      1.0314808794626987E-5
5.0E-5                   1.25E-5                  200                      1.4471691227277787E-5
5.0E-5                   1.25E-5                  300                      1.7587581263801285E-5
5.0E-5                   1.25E-5                  400                      2.0182652017700042E-5
5.0E-5                   1.25E-5                  500                      2.244929979304685E-5
5.0E-5                   1.25E-5                  600                      2.4472759441867993E-5
5.0E-5                   1.25E-5                  700                      2.6315349364608123E-5
5.0E-5                   1.25E-5                  800                      2.801814854653088E-5
5.0E-5                   1.25E-5                  900                      2.9605634560422425E-5
5.0E-5                   1.25E-5                  1000                     3.109946853971343E-5
5.0E-5                   1.25E-5                  2000                     4.30216337235811E-5
5.0E-5                   1.25E-5                  3000                     5.203093090508046E-5
5.0E-5                   1.25E-5                  4000                     5.954273366770113E-5
5.0E-5                   1.25E-5                  5000                     6.611988093851198E-5
5.0E-5                   1.25E-5                  6000                     7.206869453962816E-5
5.0E-5                   1.25E-5                  7000                     7.752853999869204E-5
5.0E-5                   1.25E-5                  8000                     8.258755973298437E-5
5.0E-5                   1.25E-5                  9000                     8.732740854225717E-5
5.0E-5                   1.25E-5                  10000                    9.180153158215534E-5
5.0E-5                   1.25E-5                  20000                    1.2700525398331018E-4
5.0E-5                   1.25E-5                  30000                    1.5008555414545955E-4
5.0E-5                   1.25E-5                  40000                    1.6470641332904436E-4
5.0E-5                   1.25E-5                  50000                    1.7351013695300757E-4
5.0E-5                   1.25E-5                  60000                    1.7861207986509788E-4
5.0E-5                   1.25E-5                  70000                    1.815053908580566E-4
5.0E-5                   1.25E-5                  80000                    1.831452674526704E-4
5.0E-5                   1.25E-5                  90000                    1.8407223867380814E-4
5.0E-5                   1.25E-5                  100000                   1.8462958780381448E-4
5.0E-5                   1.25E-5                  110000                   1.8499136049646308E-4
5.0E-5                   1.25E-5                  120000                   1.8522605156550125E-4
5.0E-5                   1.25E-5                  130000                   1.8537708085427935E-4
5.0E-5                   1.25E-5                  140000                   1.8547998319367413E-4
5.0E-5                   1.25E-5                  150000                   1.855323282543979E-4
5.0E-5                   1.25E-5                  160000                   1.855678106225601E-4
5.0E-5                   1.25E-5                  170000                   1.8557676087634268E-4
5.0E-5                   1.25E-5                  180000                   1.8558346205273094E-4
5.0E-5                   1.25E-5                  190000                   1.8558085271873424E-4
5.0E-5                   1.25E-5                  200000                   1.8557925708063324E-4
5.0E-5                   2.0E-5                   0                        0
5.0E-5                   2.0E-5                   0.1                      0
5.0E-5                   2.0E-5                   0.2                      0
5.0E-5                   2.0E-5                   0.30000000000000004      0
5.0E-5                   2.0E-5                   0.4                      0
5.0E-5                   2.0E-5                   0.5                      0
5.0E-5                   2.0E-5                   0.6000000000000001       0
5.0E-5                   2.0E-5                   0.7000000000000001       0
5.0E-5                   2.0E-5                   0.8                      0
5.0E-5                   2.0E-5                   0.9                      0
5.0E-5                   2.0E-5                   1                        1.3231956067950233E-6
5.0E-5                   2.0E-5                   1.1                      2.45794552820169E-6
5.0E-5                   2.0E-5                   1.2000000000000002       2.4780264583814425E-6
5.0E-5                   2.0E-5                   1.3                      2.498008050180217E-6
5.0E-5                   2.0E-5                   1.4000000000000001       2.5178782075022608E-6
5.0E-5                   2.0E-5                   1.5                      2.5376624122124082E-6
5.0E-5                   2.0E-5                   1.6                      2.5573774052680634E-6
5.0E-5                   2.0E-5                   1.7000000000000002       2.5769170817650764E-6
5.0E-5                   2.0E-5                   1.8                      2.5963793917407436E-6
5.0E-5                   2.0E-5                   1.9000000000000001       2.615780394078167E-6
5.0E-5                   2.0E-5                   2                        2.635120214626631E-6
5.0E-5                   2.0E-5                   5                        3.1790824251473243E-6
5.0E-5                   2.0E-5                   10                       3.97213478623293E-6
5.0E-5                   2.0E-5                   100                      1.1420055047678124E-5
5.0E-5                   2.0E-5                   100                      1.1420055047678124E-5
5.0E-5                   2.0E-5                   200                      1.6003162344948908E-5
5.0E-5                   2.0E-5                   300                      1.9432023913145776E-5
5.0E-5                   2.0E-5                   400                      2.2279639245326386E-5
5.0E-5                   2.0E-5                   500                      2.4747321309047316E-5
5.0E-5                   2.0E-5                   600                      2.69579721044631E-5
5.0E-5                   2.0E-5                   700                      2.8965084882630592E-5
5.0E-5                   2.0E-5                   800                      3.081375862729198E-5
5.0E-5                   2.0E-5                   900                      3.2532447171750705E-5
5.0E-5                   2.0E-5                   1000                     3.414420532126926E-5
5.0E-5                   2.0E-5                   2000                     4.679420472463855E-5
5.0E-5                   2.0E-5                   3000                     5.613795509308133E-5
5.0E-5                   2.0E-5                   4000                     6.386207050475898E-5
5.0E-5                   2.0E-5                   5000                     7.057403228616073E-5
5.0E-5                   2.0E-5                   6000                     7.6597987954741E-5
5.0E-5                   2.0E-5                   7000                     8.21103132981524E-5
5.0E-5                   2.0E-5                   8000                     8.722182963884429E-5
5.0E-5                   2.0E-5                   9000                     9.200679812497167E-5
5.0E-5                   2.0E-5                   10000                    9.651243191088449E-5
5.0E-5                   2.0E-5                   20000                    1.318317331997933E-4
5.0E-5                   2.0E-5                   30000                    1.5500827439156542E-4
5.0E-5                   2.0E-5                   40000                    1.6989416124666215E-4
5.0E-5                   2.0E-5                   50000                    1.790852086190812E-4
5.0E-5                   2.0E-5                   60000                    1.8444986143690322E-4
5.0E-5                   2.0E-5                   70000                    1.8746931414674565E-4
5.0E-5                   2.0E-5                   80000                    1.8909762988557395E-4
5.0E-5                   2.0E-5                   90000                    1.8990942370457264E-4
5.0E-5                   2.0E-5                   100000                   1.9028335196192667E-4
5.0E-5                   2.0E-5                   110000                   1.9045828403416637E-4
5.0E-5                   2.0E-5                   120000                   1.9050064733977783E-4
5.0E-5                   2.0E-5                   130000                   1.9053218965237067E-4
5.0E-5                   2.0E-5                   140000                   1.905948109331435E-4
5.0E-5                   2.0E-5                   150000                   1.906557278888769E-4
5.0E-5                   2.0E-5                   160000                   1.906907833453275E-4
5.0E-5                   2.0E-5                   170000                   1.9072055323166018E-4
5.0E-5                   2.0E-5                   180000                   1.9073741893937474E-4
5.0E-5                   2.0E-5                   190000                   1.9075158842622462E-4
5.0E-5                   2.0E-5                   200000                   1.907591718933663E-4
5.0E-5                   2.75E-5                  0                        0
5.0E-5                   2.75E-5                  0.1                      0
5.0E-5                   2.75E-5                  0.2                      0
5.0E-5                   2.75E-5                  0.30000000000000004      0
5.0E-5                   2.75E-5                  0.4                      0
5.0E-5                   2.75E-5                  0.5                      0
5.0E-5                   2.75E-5                  0.6000000000000001       0
5.0E-5                   2.75E-5                  0.7000000000000001       0
5.0E-5                   2.75E-5                  0.8                      0
5.0E-5                   2.75E-5                  0.9                      0
5.0E-5                   2.75E-5                  1                        1.460436058549501E-6
5.0E-5                   2.75E-5                  1.1                      2.713260692112747E-6
5.0E-5                   2.75E-5                  1.2000000000000002       2.7350185030098704E-6
5.0E-5                   2.75E-5                  1.3                      2.756673714360484E-6
5.0E-5                   2.75E-5                  1.4000000000000001       2.778210248825319E-6
5.0E-5                   2.75E-5                  1.5                      2.7996595758034553E-6
5.0E-5                   2.75E-5                  1.6                      2.8210359898723586E-6
5.0E-5                   2.75E-5                  1.7000000000000002       2.8422204916992587E-6
5.0E-5                   2.75E-5                  1.8                      2.8633348912230617E-6
5.0E-5                   2.75E-5                  1.9000000000000001       2.8843843711649195E-6
5.0E-5                   2.75E-5                  2                        2.9053690578038144E-6
5.0E-5                   2.75E-5                  5                        3.496313386373664E-6
5.0E-5                   2.75E-5                  10                       4.3618974162126295E-6
5.0E-5                   2.75E-5                  100                      1.2517285294133526E-5
5.0E-5                   2.75E-5                  100                      1.2517285294133526E-5
5.0E-5                   2.75E-5                  200                      1.7526183553619147E-5
5.0E-5                   2.75E-5                  300                      2.1287770096031877E-5
5.0E-5                   2.75E-5                  400                      2.4379383050881312E-5
5.0E-5                   2.75E-5                  500                      2.7059837381731203E-5
5.0E-5                   2.75E-5                  600                      2.94557984159543E-5
5.0E-5                   2.75E-5                  700                      3.163274137292323E-5
5.0E-5                   2.75E-5                  800                      3.363487482254775E-5
5.0E-5                   2.75E-5                  900                      3.5494194978541724E-5
5.0E-5                   2.75E-5                  1000                     3.723523760412791E-5
5.0E-5                   2.75E-5                  2000                     5.078222167655608E-5
5.0E-5                   2.75E-5                  3000                     6.0557790740468956E-5
5.0E-5                   2.75E-5                  4000                     6.85031425083993E-5
5.0E-5                   2.75E-5                  5000                     7.535658121649347E-5
5.0E-5                   2.75E-5                  6000                     8.145434737176155E-5
5.0E-5                   2.75E-5                  7000                     8.700238829536384E-5
5.0E-5                   2.75E-5                  8000                     9.214271585011043E-5
5.0E-5                   2.75E-5                  9000                     9.695341242138706E-5
5.0E-5                   2.75E-5                  10000                    1.0148724047609199E-4
5.0E-5                   2.75E-5                  20000                    1.3688003015949378E-4
5.0E-5                   2.75E-5                  30000                    1.6012774641918187E-4
5.0E-5                   2.75E-5                  40000                    1.7498983775223232E-4
5.0E-5                   2.75E-5                  50000                    1.840690460730663E-4
5.0E-5                   2.75E-5                  60000                    1.8937318352570682E-4
5.0E-5                   2.75E-5                  70000                    1.9224679536994775E-4
5.0E-5                   2.75E-5                  80000                    1.9375113836945742E-4
5.0E-5                   2.75E-5                  90000                    1.944662303203051E-4
5.0E-5                   2.75E-5                  100000                   1.9497872098721768E-4
5.0E-5                   2.75E-5                  110000                   1.9538482417380472E-4
5.0E-5                   2.75E-5                  120000                   1.9584448203596226E-4
5.0E-5                   2.75E-5                  130000                   1.9620211820173868E-4
5.0E-5                   2.75E-5                  140000                   1.963227759297327E-4
5.0E-5                   2.75E-5                  150000                   1.9625462302565064E-4
5.0E-5                   2.75E-5                  160000                   1.9622053728051038E-4
5.0E-5                   2.75E-5                  170000                   1.9615029322754104E-4
5.0E-5                   2.75E-5                  180000                   1.96106305465701E-4
5.0E-5                   2.75E-5                  190000                   1.9606277995750236E-4
5.0E-5                   2.75E-5                  200000                   1.9604172034556113E-4
5.0E-5                   3.5000000000000004E-5    0                        0
5.0E-5                   3.5000000000000004E-5    0.1                      0
5.0E-5                   3.5000000000000004E-5    0.2                      0
5.0E-5                   3.5000000000000004E-5    0.30000000000000004      0
5.0E-5                   3.5000000000000004E-5    0.4                      0
5.0E-5                   3.5000000000000004E-5    0.5                      0
5.0E-5                   3.5000000000000004E-5    0.6000000000000001       0
5.0E-5                   3.5000000000000004E-5    0.7000000000000001       0
5.0E-5                   3.5000000000000004E-5    0.8                      0
5.0E-5                   3.5000000000000004E-5    0.9                      0
5.0E-5                   3.5000000000000004E-5    1                        1.5638509025336688E-6
5.0E-5                   3.5000000000000004E-5    1.1                      2.907941075002272E-6
5.0E-5                   3.5000000000000004E-5    1.2000000000000002       2.932241391893251E-6
5.0E-5                   3.5000000000000004E-5    1.3                      2.956422562572916E-6
5.0E-5                   3.5000000000000004E-5    1.4000000000000001       2.9804595068891156E-6
5.0E-5                   3.5000000000000004E-5    1.5                      3.004398476347578E-6
5.0E-5                   3.5000000000000004E-5    1.6                      3.028238002817695E-6
5.0E-5                   3.5000000000000004E-5    1.7000000000000002       3.051860917545118E-6
5.0E-5                   3.5000000000000004E-5    1.8                      3.0754072454520252E-6
5.0E-5                   3.5000000000000004E-5    1.9000000000000001       3.0988771508547604E-6
5.0E-5                   3.5000000000000004E-5    2                        3.1222707967534478E-6
5.0E-5                   3.5000000000000004E-5    5                        3.778806939168181E-6
5.0E-5                   3.5000000000000004E-5    10                       4.7334348152766825E-6
5.0E-5                   3.5000000000000004E-5    100                      1.3616117870895573E-5
5.0E-5                   3.5000000000000004E-5    100                      1.3616117870895573E-5
5.0E-5                   3.5000000000000004E-5    200                      1.9051255204050026E-5
5.0E-5                   3.5000000000000004E-5    300                      2.3126063723762177E-5
5.0E-5                   3.5000000000000004E-5    400                      2.6470993255414757E-5
5.0E-5                   3.5000000000000004E-5    500                      2.936789707876502E-5
5.0E-5                   3.5000000000000004E-5    600                      3.1953092976795395E-5
5.0E-5                   3.5000000000000004E-5    700                      3.4299245383829194E-5
5.0E-5                   3.5000000000000004E-5    800                      3.6454098690991753E-5
5.0E-5                   3.5000000000000004E-5    900                      3.845279486894502E-5
5.0E-5                   3.5000000000000004E-5    1000                     4.0322378728469184E-5
5.0E-5                   3.5000000000000004E-5    2000                     5.476892663837512E-5
5.0E-5                   3.5000000000000004E-5    3000                     6.50346439683432E-5
5.0E-5                   3.5000000000000004E-5    4000                     7.325380086900174E-5
5.0E-5                   3.5000000000000004E-5    5000                     8.025623924322934E-5
5.0E-5                   3.5000000000000004E-5    6000                     8.643485128348322E-5
5.0E-5                   3.5000000000000004E-5    7000                     9.202829175553753E-5
5.0E-5                   3.5000000000000004E-5    8000                     9.719797635102168E-5
5.0E-5                   3.5000000000000004E-5    9000                     1.0202910483727598E-4
5.0E-5                   3.5000000000000004E-5    10000                    1.0657757540380572E-4
5.0E-5                   3.5000000000000004E-5    20000                    1.4202020380076993E-4
5.0E-5                   3.5000000000000004E-5    30000                    1.6529018306196358E-4
5.0E-5                   3.5000000000000004E-5    40000                    1.8016468330748293E-4
5.0E-5                   3.5000000000000004E-5    50000                    1.892491192850314E-4
5.0E-5                   3.5000000000000004E-5    60000                    1.9455469457816877E-4
5.0E-5                   3.5000000000000004E-5    70000                    1.9743000627084716E-4
5.0E-5                   3.5000000000000004E-5    80000                    1.9894865311450265E-4
5.0E-5                   3.5000000000000004E-5    90000                    1.9966908694211342E-4
5.0E-5                   3.5000000000000004E-5    100000                   2.0019177721134312E-4
5.0E-5                   3.5000000000000004E-5    110000                   2.0063343568932395E-4
5.0E-5                   3.5000000000000004E-5    120000                   2.0108241798744698E-4
5.0E-5                   3.5000000000000004E-5    130000                   2.0143056019492585E-4
5.0E-5                   3.5000000000000004E-5    140000                   2.0153137325628915E-4
5.0E-5                   3.5000000000000004E-5    150000                   2.0145990942370016E-4
5.0E-5                   3.5000000000000004E-5    160000                   2.0142416866676384E-4
5.0E-5                   3.5000000000000004E-5    170000                   2.0135489227288776E-4
5.0E-5                   3.5000000000000004E-5    180000                   2.0131111935572504E-4
5.0E-5                   3.5000000000000004E-5    190000                   2.0127001060272885E-4
5.0E-5                   3.5000000000000004E-5    200000                   2.0124905832400136E-4
8.0E-5                   5.0E-6                   0                        0
8.0E-5                   5.0E-6                   0.1                      0
8.0E-5                   5.0E-6                   0.2                      0
8.0E-5                   5.0E-6                   0.30000000000000004      0
8.0E-5                   5.0E-6                   0.4                      0
8.0E-5                   5.0E-6                   0.5                      0
8.0E-5                   5.0E-6                   0.6000000000000001       0
8.0E-5                   5.0E-6                   0.7000000000000001       0
8.0E-5                   5.0E-6                   0.8                      0
8.0E-5                   5.0E-6                   0.9                      0
8.0E-5                   5.0E-6                   1                        1.192328687581394E-6
8.0E-5                   5.0E-6                   1.1                      2.2158854120376653E-6
8.0E-5                   5.0E-6                   1.2000000000000002       2.2327302274130813E-6
8.0E-5                   5.0E-6                   1.3                      2.249485088566288E-6
8.0E-5                   5.0E-6                   1.4000000000000001       2.2661357250357275E-6
8.0E-5                   5.0E-6                   1.5                      2.2827079732641457E-6
8.0E-5                   5.0E-6                   1.6                      2.2992152556302055E-6
8.0E-5                   5.0E-6                   1.7000000000000002       2.315562037783725E-6
8.0E-5                   5.0E-6                   1.8                      2.3318352414845605E-6
8.0E-5                   5.0E-6                   1.9000000000000001       2.34805180896825E-6
8.0E-5                   5.0E-6                   2                        2.3642119254598967E-6
8.0E-5                   5.0E-6                   5                        2.815790568565139E-6
8.0E-5                   5.0E-6                   10                       3.4676214921196435E-6
8.0E-5                   5.0E-6                   100                      9.609599307528482E-6
8.0E-5                   5.0E-6                   100                      9.609599307528482E-6
8.0E-5                   5.0E-6                   200                      1.3440674676711652E-5
8.0E-5                   5.0E-6                   300                      1.633747401832627E-5
8.0E-5                   5.0E-6                   400                      1.8747950159479167E-5
8.0E-5                   5.0E-6                   500                      2.0854813762545183E-5
8.0E-5                   5.0E-6                   600                      2.2757759107845667E-5
8.0E-5                   5.0E-6                   700                      2.450955566641415E-5
8.0E-5                   5.0E-6                   800                      2.6135201889064107E-5
8.0E-5                   5.0E-6                   900                      2.765381773176683E-5
8.0E-5                   5.0E-6                   1000                     2.908672048891859E-5
8.0E-5                   5.0E-6                   2000                     4.0631329057713645E-5
8.0E-5                   5.0E-6                   3000                     4.9444344789296265E-5
8.0E-5                   5.0E-6                   4000                     5.686108446518005E-5
8.0E-5                   5.0E-6                   5000                     6.337367007671855E-5
8.0E-5                   5.0E-6                   6000                     6.926345118564576E-5
8.0E-5                   5.0E-6                   7000                     7.468328971951413E-5
8.0E-5                   5.0E-6                   8000                     7.972578564888236E-5
8.0E-5                   5.0E-6                   9000                     8.445825123944129E-5
8.0E-5                   5.0E-6                   10000                    8.892963112946554E-5
8.0E-5                   5.0E-6                   20000                    1.2415640805428835E-4
8.0E-5                   5.0E-6                   30000                    1.4766417805112014E-4
8.0E-5                   5.0E-6                   40000                    1.6296444597379325E-4
8.0E-5                   5.0E-6                   50000                    1.7264491534271643E-4
8.0E-5                   5.0E-6                   60000                    1.7852509759385904E-4
8.0E-5                   5.0E-6                   70000                    1.8193335826361445E-4
8.0E-5                   5.0E-6                   80000                    1.838188615807021E-4
8.0E-5                   5.0E-6                   90000                    1.848147774059162E-4
8.0E-5                   5.0E-6                   100000                   1.8527624521922883E-4
8.0E-5                   5.0E-6                   110000                   1.8547801781183479E-4
8.0E-5                   5.0E-6                   120000                   1.8556824114042392E-4
8.0E-5                   5.0E-6                   130000                   1.8557910447788368E-4
8.0E-5                   5.0E-6                   140000                   1.8559538620414588E-4
8.0E-5                   5.0E-6                   150000                   1.85634704757441E-4
8.0E-5                   5.0E-6                   160000                   1.856773038250806E-4
8.0E-5                   5.0E-6                   170000                   1.857055844704188E-4
8.0E-5                   5.0E-6                   180000                   1.8572886094949756E-4
8.0E-5                   5.0E-6                   190000                   1.857422798869416E-4
8.0E-5                   5.0E-6                   200000                   1.8575332495546313E-4
8.0E-5                   1.25E-5                  0                        0
8.0E-5                   1.25E-5                  0.1                      0
8.0E-5                   1.25E-5                  0.2                      0
8.0E-5                   1.25E-5                  0.30000000000000004      0
8.0E-5                   1.25E-5                  0.4                      0
8.0E-5                   1.25E-5                  0.5                      0
8.0E-5                   1.25E-5                  0.6000000000000001       0
8.0E-5                   1.25E-5                  0.7000000000000001       0
8.0E-5                   1.25E-5                  0.8                      0
8.0E-5                   1.25E-5                  0.9                      0
8.0E-5                   1.25E-5                  1                        1.2762462176962984E-6
8.0E-5                   1.25E-5                  1.1                      2.3717822491286742E-6
8.0E-5                   1.25E-5                  1.2000000000000002       2.392547771227908E-6
8.0E-5                   1.25E-5                  1.3                      2.4132093841858316E-6
8.0E-5                   1.25E-5                  1.4000000000000001       2.4337541290649613E-6
8.0E-5                   1.25E-5                  1.5                      2.4542088660705705E-6
8.0E-5                   1.25E-5                  1.6                      2.474590551610431E-6
8.0E-5                   1.25E-5                  1.7000000000000002       2.4947880812755035E-6
8.0E-5                   1.25E-5                  1.8                      2.514905335430799E-6
8.0E-5                   1.25E-5                  1.9000000000000001       2.5349577087617793E-6
8.0E-5                   1.25E-5                  2                        2.554945342922943E-6
8.0E-5                   1.25E-5                  5                        3.1163067632593532E-6
8.0E-5                   1.25E-5                  10                       3.931386189711331E-6
8.0E-5                   1.25E-5                  100                      1.1401750172917351E-5
8.0E-5                   1.25E-5                  100                      1.1401750172917351E-5
8.0E-5                   1.25E-5                  200                      1.5919852606915765E-5
8.0E-5                   1.25E-5                  300                      1.928573085331599E-5
8.0E-5                   1.25E-5                  400                      2.2073680815745726E-5
8.0E-5                   1.25E-5                  500                      2.4478621023469495E-5
8.0E-5                   1.25E-5                  600                      2.6635525363142894E-5
8.0E-5                   1.25E-5                  700                      2.8598214631159426E-5
8.0E-5                   1.25E-5                  800                      3.041643052287876E-5
8.0E-5                   1.25E-5                  900                      3.210577971762805E-5
8.0E-5                   1.25E-5                  1000                     3.369062659511068E-5
8.0E-5                   1.25E-5                  2000                     4.611112270754451E-5
8.0E-5                   1.25E-5                  3000                     5.5436303779656814E-5
8.0E-5                   1.25E-5                  4000                     6.316520353016731E-5
8.0E-5                   1.25E-5                  5000                     6.994153226390118E-5
8.0E-5                   1.25E-5                  6000                     7.601638581173325E-5
8.0E-5                   1.25E-5                  7000                     8.157356094051317E-5
8.0E-5                   1.25E-5                  8000                     8.671991541851093E-5
8.0E-5                   1.25E-5                  9000                     9.153967452012336E-5
8.0E-5                   1.25E-5                  10000                    9.609826475367569E-5
8.0E-5                   1.25E-5                  20000                    1.3201079890023357E-4
8.0E-5                   1.25E-5                  30000                    1.5631710497424558E-4
8.0E-5                   1.25E-5                  40000                    1.7261899975311423E-4
8.0E-5                   1.25E-5                  50000                    1.832388409809049E-4
8.0E-5                   1.25E-5                  60000                    1.8984511410427178E-4
8.0E-5                   1.25E-5                  70000                    1.9384792335223235E-4
8.0E-5                   1.25E-5                  80000                    1.9621378960300393E-4
8.0E-5                   1.25E-5                  90000                    1.974339993588998E-4
8.0E-5                   1.25E-5                  100000                   1.980816713413515E-4
8.0E-5                   1.25E-5                  110000                   1.9843031682354001E-4
8.0E-5                   1.25E-5                  120000                   1.9857125695166473E-4
8.0E-5                   1.25E-5                  130000                   1.9869790849017492E-4
8.0E-5                   1.25E-5                  140000                   1.9882859718703017E-4
8.0E-5                   1.25E-5                  150000                   1.9891841970555568E-4
8.0E-5                   1.25E-5                  160000                   1.989749206415024E-4
8.0E-5                   1.25E-5                  170000                   1.9901831817119626E-4
8.0E-5                   1.25E-5                  180000                   1.9904695620891996E-4
8.0E-5                   1.25E-5                  190000                   1.9906845419252056E-4
8.0E-5                   1.25E-5                  200000                   1.9908190671929675E-4
8.0E-5                   2.0E-5                   0                        0
8.0E-5                   2.0E-5                   0.1                      0
8.0E-5                   2.0E-5                   0.2                      0
8.0E-5                   2.0E-5                   0.30000000000000004      0
8.0E-5                   2.0E-5                   0.4                      0
8.0E-5                   2.0E-5                   0.5                      0
8.0E-5                   2.0E-5                   0.6000000000000001       0
8.0E-5                   2.0E-5                   0.7000000000000001       0
8.0E-5                   2.0E-5                   0.8                      0
8.0E-5                   2.0E-5                   0.9                      0
8.0E-5                   2.0E-5                   1                        1.5241627881001338E-6
8.0E-5                   2.0E-5                   1.1                      2.8335750684114556E-6
8.0E-5                   2.0E-5                   1.2000000000000002       2.8572173290286763E-6
8.0E-5                   2.0E-5                   1.3                      2.880741270873976E-6
8.0E-5                   2.0E-5                   1.4000000000000001       2.9041269083996827E-6
8.0E-5                   2.0E-5                   1.5                      2.927412890512919E-6
8.0E-5                   2.0E-5                   1.6                      2.9506147215445415E-6
8.0E-5                   2.0E-5                   1.7000000000000002       2.9735903653399947E-6
8.0E-5                   2.0E-5                   1.8                      2.9964896490703013E-6
8.0E-5                   2.0E-5                   1.9000000000000001       3.019314363235339E-6
8.0E-5                   2.0E-5                   2                        3.042064665455999E-6
8.0E-5                   2.0E-5                   5                        3.6805081400557352E-6
8.0E-5                   2.0E-5                   10                       4.607853951116443E-6
8.0E-5                   2.0E-5                   100                      1.3193209204359259E-5
8.0E-5                   2.0E-5                   100                      1.3193209204359259E-5
8.0E-5                   2.0E-5                   200                      1.8429414167843805E-5
8.0E-5                   2.0E-5                   300                      2.2333002414152324E-5
8.0E-5                   2.0E-5                   400                      2.5559384779272667E-5
8.0E-5                   2.0E-5                   500                      2.834876037932789E-5
8.0E-5                   2.0E-5                   600                      3.083722053266672E-5
8.0E-5                   2.0E-5                   700                      3.308945692248646E-5
8.0E-5                   2.0E-5                   800                      3.515825159685215E-5
8.0E-5                   2.0E-5                   900                      3.7076382964157445E-5
8.0E-5                   2.0E-5                   1000                     3.887029294338506E-5
8.0E-5                   2.0E-5                   2000                     5.280349873370161E-5
8.0E-5                   2.0E-5                   3000                     6.295200862311397E-5
8.0E-5                   2.0E-5                   4000                     7.126043067336292E-5
8.0E-5                   2.0E-5                   5000                     7.842599214825969E-5
8.0E-5                   2.0E-5                   6000                     8.481555345788515E-5
8.0E-5                   2.0E-5                   7000                     9.062672482673041E-5
8.0E-5                   2.0E-5                   8000                     9.598751838598545E-5
8.0E-5                   2.0E-5                   9000                     1.0098173380765598E-4
8.0E-5                   2.0E-5                   10000                    1.0566820660447831E-4
8.0E-5                   2.0E-5                   20000                    1.4228657040163035E-4
8.0E-5                   2.0E-5                   30000                    1.6718615797248556E-4
8.0E-5                   2.0E-5                   40000                    1.839854321209816E-4
8.0E-5                   2.0E-5                   50000                    1.9506917477703947E-4
8.0E-5                   2.0E-5                   60000                    2.0212338656092776E-4
8.0E-5                   2.0E-5                   70000                    2.0648489735018642E-4
8.0E-5                   2.0E-5                   80000                    2.0906522311744155E-4
8.0E-5                   2.0E-5                   90000                    2.1046160682887806E-4
8.0E-5                   2.0E-5                   100000                   2.112288801394109E-4
8.0E-5                   2.0E-5                   110000                   2.1165267946872236E-4
8.0E-5                   2.0E-5                   120000                   2.1184040627786636E-4
8.0E-5                   2.0E-5                   130000                   2.1199404198685767E-4
8.0E-5                   2.0E-5                   140000                   2.1214340589680857E-4
8.0E-5                   2.0E-5                   150000                   2.1224087918139263E-4
8.0E-5                   2.0E-5                   160000                   2.1230032988988135E-4
8.0E-5                   2.0E-5                   170000                   2.123469559091887E-4
8.0E-5                   2.0E-5                   180000                   2.1237746781966094E-4
8.0E-5                   2.0E-5                   190000                   2.124008868652736E-4
8.0E-5                   2.0E-5                   200000                   2.1241538995271704E-4
8.0E-5                   2.75E-5                  0                        0
8.0E-5                   2.75E-5                  0.1                      0
8.0E-5                   2.75E-5                  0.2                      0
8.0E-5                   2.75E-5                  0.30000000000000004      0
8.0E-5                   2.75E-5                  0.4                      0
8.0E-5                   2.75E-5                  0.5                      0
8.0E-5                   2.75E-5                  0.6000000000000001       0
8.0E-5                   2.75E-5                  0.7000000000000001       0
8.0E-5                   2.75E-5                  0.8                      0
8.0E-5                   2.75E-5                  0.9                      0
8.0E-5                   2.75E-5                  1                        1.7382320633610638E-6
8.0E-5                   2.75E-5                  1.1                      3.2308606536766736E-6
8.0E-5                   2.75E-5                  1.2000000000000002       3.25719296434558E-6
8.0E-5                   2.75E-5                  1.3                      3.2834007000465603E-6
8.0E-5                   2.75E-5                  1.4000000000000001       3.3094613399419725E-6
8.0E-5                   2.75E-5                  1.5                      3.3354176419184287E-6
8.0E-5                   2.75E-5                  1.6                      3.3612818241218716E-6
8.0E-5                   2.75E-5                  1.7000000000000002       3.3869095052965494E-6
8.0E-5                   2.75E-5                  1.8                      3.412457596667196E-6
8.0E-5                   2.75E-5                  1.9000000000000001       3.437926252783994E-6
8.0E-5                   2.75E-5                  2                        3.4633156270343357E-6
8.0E-5                   2.75E-5                  5                        4.178039466082345E-6
8.0E-5                   2.75E-5                  10                       5.222309764724545E-6
8.0E-5                   2.75E-5                  100                      1.4985169074785247E-5
8.0E-5                   2.75E-5                  100                      1.4985169074785247E-5
8.0E-5                   2.75E-5                  200                      2.0940475158296992E-5
8.0E-5                   2.75E-5                  300                      2.537736766486172E-5
8.0E-5                   2.75E-5                  400                      2.9046251449199616E-5
8.0E-5                   2.75E-5                  500                      3.221591496602101E-5
8.0E-5                   2.75E-5                  600                      3.5044453529584675E-5
8.0E-5                   2.75E-5                  700                      3.7603419887363464E-5
8.0E-5                   2.75E-5                  800                      3.995230224689731E-5
8.0E-5                   2.75E-5                  900                      4.2128489758441885E-5
8.0E-5                   2.75E-5                  1000                     4.4161914012117904E-5
8.0E-5                   2.75E-5                  2000                     5.984293204182639E-5
8.0E-5                   2.75E-5                  3000                     7.107658377949932E-5
8.0E-5                   2.75E-5                  4000                     8.013147581733162E-5
8.0E-5                   2.75E-5                  5000                     8.78383715302394E-5
8.0E-5                   2.75E-5                  6000                     9.463703143500623E-5
8.0E-5                   2.75E-5                  7000                     1.0076600894813218E-4
8.0E-5                   2.75E-5                  8000                     1.0637825754476954E-4
8.0E-5                   2.75E-5                  9000                     1.1157575413916307E-4
8.0E-5                   2.75E-5                  10000                    1.1642644425995933E-4
8.0E-5                   2.75E-5                  20000                    1.5382265796851877E-4
8.0E-5                   2.75E-5                  30000                    1.791190244639883E-4
8.0E-5                   2.75E-5                  40000                    1.962515053959409E-4
8.0E-5                   2.75E-5                  50000                    2.0761826314931876E-4
8.0E-5                   2.75E-5                  60000                    2.1494457313819468E-4
8.0E-5                   2.75E-5                  70000                    2.1947884953917008E-4
8.0E-5                   2.75E-5                  80000                    2.2217901956586667E-4
8.0E-5                   2.75E-5                  90000                    2.2366318085462967E-4
8.0E-5                   2.75E-5                  100000                   2.2448533914823474E-4
8.0E-5                   2.75E-5                  110000                   2.2494544283043294E-4
8.0E-5                   2.75E-5                  120000                   2.251521641865869E-4
8.0E-5                   2.75E-5                  130000                   2.2530577102916328E-4
8.0E-5                   2.75E-5                  140000                   2.2545968587257305E-4
8.0E-5                   2.75E-5                  150000                   2.2556735104790475E-4
8.0E-5                   2.75E-5                  160000                   2.256272792434994E-4
8.0E-5                   2.75E-5                  170000                   2.2567795662966215E-4
8.0E-5                   2.75E-5                  180000                   2.257088781168693E-4
8.0E-5                   2.75E-5                  190000                   2.2573465308303443E-4
8.0E-5                   2.75E-5                  200000                   2.2574942917822125E-4
8.0E-5                   3.5000000000000004E-5    0                        0
8.0E-5                   3.5000000000000004E-5    0.1                      0
8.0E-5                   3.5000000000000004E-5    0.2                      0
8.0E-5                   3.5000000000000004E-5    0.30000000000000004      0
8.0E-5                   3.5000000000000004E-5    0.4                      0
8.0E-5                   3.5000000000000004E-5    0.5                      0
8.0E-5                   3.5000000000000004E-5    0.6000000000000001       0
8.0E-5                   3.5000000000000004E-5    0.7000000000000001       0
8.0E-5                   3.5000000000000004E-5    0.8                      0
8.0E-5                   3.5000000000000004E-5    0.9                      0
8.0E-5                   3.5000000000000004E-5    1                        1.901597840835942E-6
8.0E-5                   3.5000000000000004E-5    1.1                      3.5379271370551238E-6
8.0E-5                   3.5000000000000004E-5    1.2000000000000002       3.5682708115654524E-6
8.0E-5                   3.5000000000000004E-5    1.3                      3.5984654435332285E-6
8.0E-5                   3.5000000000000004E-5    1.4000000000000001       3.628477230710218E-6
8.0E-5                   3.5000000000000004E-5    1.5                      3.6583675591851645E-6
8.0E-5                   3.5000000000000004E-5    1.6                      3.68812493230229E-6
8.0E-5                   3.5000000000000004E-5    1.7000000000000002       3.717619266544255E-6
8.0E-5                   3.5000000000000004E-5    1.8                      3.747016880875917E-6
8.0E-5                   3.5000000000000004E-5    1.9000000000000001       3.776317979868987E-6
8.0E-5                   3.5000000000000004E-5    2                        3.8055227664879384E-6
8.0E-5                   3.5000000000000004E-5    5                        4.624516225144212E-6
8.0E-5                   3.5000000000000004E-5    10                       5.8135195880893245E-6
8.0E-5                   3.5000000000000004E-5    100                      1.6773597103472125E-5
8.0E-5                   3.5000000000000004E-5    100                      1.6773597103472125E-5
8.0E-5                   3.5000000000000004E-5    200                      2.344496067131163E-5
8.0E-5                   3.5000000000000004E-5    300                      2.8440571713464485E-5
8.0E-5                   3.5000000000000004E-5    400                      3.2539549408220065E-5
8.0E-5                   3.5000000000000004E-5    500                      3.608700178237779E-5
8.0E-5                   3.5000000000000004E-5    600                      3.925022167588112E-5
8.0E-5                   3.5000000000000004E-5    700                      4.2118370014646193E-5
8.0E-5                   3.5000000000000004E-5    800                      4.475029772215465E-5
8.0E-5                   3.5000000000000004E-5    900                      4.718980267694147E-5
8.0E-5                   3.5000000000000004E-5    1000                     4.947074333595406E-5
8.0E-5                   3.5000000000000004E-5    2000                     6.70358473456725E-5
8.0E-5                   3.5000000000000004E-5    3000                     7.945273122017834E-5
8.0E-5                   3.5000000000000004E-5    4000                     8.934947794815359E-5
8.0E-5                   3.5000000000000004E-5    5000                     9.770835404521127E-5
8.0E-5                   3.5000000000000004E-5    6000                     1.0498751291623133E-4
8.0E-5                   3.5000000000000004E-5    7000                     1.1147897580921142E-4
8.0E-5                   3.5000000000000004E-5    8000                     1.1738353098681529E-4
8.0E-5                   3.5000000000000004E-5    9000                     1.228198184393907E-4
8.0E-5                   3.5000000000000004E-5    10000                    1.278714788484519E-4
8.0E-5                   3.5000000000000004E-5    20000                    1.6608030745476115E-4
8.0E-5                   3.5000000000000004E-5    30000                    1.9166095873743215E-4
8.0E-5                   3.5000000000000004E-5    40000                    2.0894985061098106E-4
8.0E-5                   3.5000000000000004E-5    50000                    2.2032911023712264E-4
8.0E-5                   3.5000000000000004E-5    60000                    2.2755993372100162E-4
8.0E-5                   3.5000000000000004E-5    70000                    2.3205101472105247E-4
8.0E-5                   3.5000000000000004E-5    80000                    2.3472652421701004E-4
8.0E-5                   3.5000000000000004E-5    90000                    2.3633536871878137E-4
8.0E-5                   3.5000000000000004E-5    100000                   2.3720798977417144E-4
8.0E-5                   3.5000000000000004E-5    110000                   2.3783767858949443E-4
8.0E-5                   3.5000000000000004E-5    120000                   2.3818602452109586E-4
8.0E-5                   3.5000000000000004E-5    130000                   2.3851464003418795E-4
8.0E-5                   3.5000000000000004E-5    140000                   2.387398802677306E-4
8.0E-5                   3.5000000000000004E-5    150000                   2.3889840724168008E-4
8.0E-5                   3.5000000000000004E-5    160000                   2.3899603784135708E-4
8.0E-5                   3.5000000000000004E-5    170000                   2.3906236212717957E-4
8.0E-5                   3.5000000000000004E-5    180000                   2.3909734766695026E-4
8.0E-5                   3.5000000000000004E-5    190000                   2.3911815067605556E-4
8.0E-5                   3.5000000000000004E-5    200000                   2.391233826254184E-4
