% Model:              C52_3D_base_unit_cell_recesses(grooves)_v2.mph
% Version:            COMSOL 5.2.0.220
% Date:               Aug 3 2026, 14:56
% Table:              Table 1 - Global Evaluation 2 (n_CO2_film)
% R_texture (m)          H_texture (m)            t (s)                    Total moles of CO2 captured per unit cell (mol)
5.0E-6                   5.0E-6                   0                        0
5.0E-6                   5.0E-6                   0.1                      0
5.0E-6                   5.0E-6                   0.2                      0
5.0E-6                   5.0E-6                   0.30000000000000004      0
5.0E-6                   5.0E-6                   0.4                      0
5.0E-6                   5.0E-6                   0.5                      0
5.0E-6                   5.0E-6                   0.6000000000000001       0
5.0E-6                   5.0E-6                   0.7000000000000001       0
5.0E-6                   5.0E-6                   0.8                      0
5.0E-6                   5.0E-6                   0.9                      0
5.0E-6                   5.0E-6                   1                        9.426447524755597E-7
5.0E-6                   5.0E-6                   1.1                      1.7652323317256456E-6
5.0E-6                   5.0E-6                   1.2000000000000002       1.7811488231823022E-6
5.0E-6                   5.0E-6                   1.3                      1.7968872223837349E-6
5.0E-6                   5.0E-6                   1.4000000000000001       1.8125356890983502E-6
5.0E-6                   5.0E-6                   1.5                      1.8281110947875775E-6
5.0E-6                   5.0E-6                   1.6                      1.843630878497443E-6
5.0E-6                   5.0E-6                   1.7000000000000002       1.8590148761135256E-6
5.0E-6                   5.0E-6                   1.8                      1.8743227713110317E-6
5.0E-6                   5.0E-6                   1.9000000000000001       1.8895816934181794E-6
5.0E-6                   5.0E-6                   2                        1.9047917421034205E-6
5.0E-6                   5.0E-6                   5                        2.3316442397250554E-6
5.0E-6                   5.0E-6                   10                       2.9520471869111014E-6
5.0E-6                   5.0E-6                   100                      8.789001290644719E-6
5.0E-6                   5.0E-6                   100                      8.789001290644719E-6
5.0E-6                   5.0E-6                   200                      1.2458336828335123E-5
5.0E-6                   5.0E-6                   300                      1.5261627088009654E-5
5.0E-6                   5.0E-6                   400                      1.7608996261456146E-5
5.0E-6                   5.0E-6                   500                      1.9669010032109794E-5
5.0E-6                   5.0E-6                   600                      2.153288082270097E-5
5.0E-6                   5.0E-6                   700                      2.325261159900541E-5
5.0E-6                   5.0E-6                   800                      2.4852693893064767E-5
5.0E-6                   5.0E-6                   900                      2.6349795564807034E-5
5.0E-6                   5.0E-6                   1000                     2.7762437313496067E-5
5.0E-6                   5.0E-6                   2000                     3.918151143929452E-5
5.0E-6                   5.0E-6                   3000                     4.792325941883755E-5
5.0E-6                   5.0E-6                   4000                     5.529662958228147E-5
5.0E-6                   5.0E-6                   5000                     6.179171303311213E-5
5.0E-6                   5.0E-6                   6000                     6.766369568607927E-5
5.0E-6                   5.0E-6                   7000                     7.305770480705963E-5
5.0E-6                   5.0E-6                   8000                     7.80696088526245E-5
5.0E-6                   5.0E-6                   9000                     8.276876644050448E-5
5.0E-6                   5.0E-6                   10000                    8.72076898990709E-5
5.0E-6                   5.0E-6                   20000                    1.2202205380854644E-4
5.0E-6                   5.0E-6                   30000                    1.4437702460353105E-4
5.0E-6                   5.0E-6                   40000                    1.5848090724241074E-4
5.0E-6                   5.0E-6                   50000                    1.6686722780311268E-4
5.0E-6                   5.0E-6                   60000                    1.71534196946934E-4
5.0E-6                   5.0E-6                   70000                    1.7406895888723013E-4
5.0E-6                   5.0E-6                   80000                    1.7535735424569805E-4
5.0E-6                   5.0E-6                   90000                    1.7594710631227528E-4
5.0E-6                   5.0E-6                   100000                   1.7617273288305816E-4
5.0E-6                   5.0E-6                   110000                   1.762562138774851E-4
5.0E-6                   5.0E-6                   120000                   1.7624611148558402E-4
5.0E-6                   5.0E-6                   130000                   1.7624243255368114E-4
5.0E-6                   5.0E-6                   140000                   1.7627984372634164E-4
5.0E-6                   5.0E-6                   150000                   1.7633099177391686E-4
5.0E-6                   5.0E-6                   160000                   1.763638433558158E-4
5.0E-6                   5.0E-6                   170000                   1.763916673468628E-4
5.0E-6                   5.0E-6                   180000                   1.764065677553695E-4
5.0E-6                   5.0E-6                   190000                   1.7641918849439368E-4
5.0E-6                   5.0E-6                   200000                   1.7642594624560863E-4
5.0E-6                   1.25E-5                  0                        0
5.0E-6                   1.25E-5                  0.1                      0
5.0E-6                   1.25E-5                  0.2                      0
5.0E-6                   1.25E-5                  0.30000000000000004      0
5.0E-6                   1.25E-5                  0.4                      0
5.0E-6                   1.25E-5                  0.5                      0
5.0E-6                   1.25E-5                  0.6000000000000001       0
5.0E-6                   1.25E-5                  0.7000000000000001       0
5.0E-6                   1.25E-5                  0.8                      0
5.0E-6                   1.25E-5                  0.9                      0
5.0E-6                   1.25E-5                  1                        1.0233634091274286E-6
5.0E-6                   1.25E-5                  1.1                      1.90615133603373E-6
5.0E-6                   1.25E-5                  1.2000000000000002       1.9225411911599463E-6
5.0E-6                   1.25E-5                  1.3                      1.9388513959389273E-6
5.0E-6                   1.25E-5                  1.4000000000000001       1.9550732637270836E-6
5.0E-6                   1.25E-5                  1.5                      1.9712238384359972E-6
5.0E-6                   1.25E-5                  1.6                      1.98731957639155E-6
5.0E-6                   1.25E-5                  1.7000000000000002       2.0032864034704644E-6
5.0E-6                   1.25E-5                  1.8                      2.019174502056661E-6
5.0E-6                   1.25E-5                  1.9000000000000001       2.035014078007223E-6
5.0E-6                   1.25E-5                  2                        2.050805223732308E-6
5.0E-6                   1.25E-5                  5                        2.4954648972004327E-6
5.0E-6                   1.25E-5                  10                       3.145604934471631E-6
5.0E-6                   1.25E-5                  100                      9.312672993311814E-6
5.0E-6                   1.25E-5                  100                      9.312672993311814E-6
5.0E-6                   1.25E-5                  200                      1.3177743619604742E-5
5.0E-6                   1.25E-5                  300                      1.6112756403799965E-5
5.0E-6                   1.25E-5                  400                      1.8579449397469798E-5
5.0E-6                   1.25E-5                  500                      2.0749393500752874E-5
5.0E-6                   1.25E-5                  600                      2.2700470306785384E-5
5.0E-6                   1.25E-5                  700                      2.448430862113024E-5
5.0E-6                   1.25E-5                  800                      2.6138792561021894E-5
5.0E-6                   1.25E-5                  900                      2.7686507519556467E-5
5.0E-6                   1.25E-5                  1000                     2.914671791179779E-5
5.0E-6                   1.25E-5                  2000                     4.089656683603376E-5
5.0E-6                   1.25E-5                  3000                     4.9846523388023714E-5
5.0E-6                   1.25E-5                  4000                     5.73429697872522E-5
5.0E-6                   1.25E-5                  5000                     6.391580368232441E-5
5.0E-6                   1.25E-5                  6000                     6.986209363323822E-5
5.0E-6                   1.25E-5                  7000                     7.532891487010244E-5
5.0E-6                   1.25E-5                  8000                     8.039724624122535E-5
5.0E-6                   1.25E-5                  9000                     8.514387859223441E-5
5.0E-6                   1.25E-5                  10000                    8.961865427633838E-5
5.0E-6                   1.25E-5                  20000                    1.2441377591142477E-4
5.0E-6                   1.25E-5                  30000                    1.462742811863787E-4
5.0E-6                   1.25E-5                  40000                    1.5938544312426182E-4
5.0E-6                   1.25E-5                  50000                    1.6681331704786821E-4
5.0E-6                   1.25E-5                  60000                    1.7084987004925748E-4
5.0E-6                   1.25E-5                  70000                    1.7296139312084332E-4
5.0E-6                   1.25E-5                  80000                    1.740734766557698E-4
5.0E-6                   1.25E-5                  90000                    1.7468123539553988E-4
5.0E-6                   1.25E-5                  100000                   1.750890167601962E-4
5.0E-6                   1.25E-5                  110000                   1.7536139897906622E-4
5.0E-6                   1.25E-5                  120000                   1.7554636349665457E-4
5.0E-6                   1.25E-5                  130000                   1.7567008711326517E-4
5.0E-6                   1.25E-5                  140000                   1.7573607798937138E-4
5.0E-6                   1.25E-5                  150000                   1.7577681391146136E-4
5.0E-6                   1.25E-5                  160000                   1.7579027638886272E-4
5.0E-6                   1.25E-5                  170000                   1.7579673239064567E-4
5.0E-6                   1.25E-5                  180000                   1.757947481398615E-4
5.0E-6                   1.25E-5                  190000                   1.757921294616292E-4
5.0E-6                   1.25E-5                  200000                   1.757882489588145E-4
5.0E-6                   2.0E-5                   0                        0
5.0E-6                   2.0E-5                   0.1                      0
5.0E-6                   2.0E-5                   0.2                      0
5.0E-6                   2.0E-5                   0.30000000000000004      0
5.0E-6                   2.0E-5                   0.4                      0
5.0E-6                   2.0E-5                   0.5                      0
5.0E-6                   2.0E-5                   0.6000000000000001       0
5.0E-6                   2.0E-5                   0.7000000000000001       0
5.0E-6                   2.0E-5                   0.8                      0
5.0E-6                   2.0E-5                   0.9                      0
5.0E-6                   2.0E-5                   1                        1.0993941301628104E-6
5.0E-6                   2.0E-5                   1.1                      2.0455538719356707E-6
5.0E-6                   2.0E-5                   1.2000000000000002       2.063019422326051E-6
5.0E-6                   2.0E-5                   1.3                      2.0804004358458475E-6
5.0E-6                   2.0E-5                   1.4000000000000001       2.097683138566658E-6
5.0E-6                   2.0E-5                   1.5                      2.114892462581001E-6
5.0E-6                   2.0E-5                   1.6                      2.1320421862913493E-6
5.0E-6                   2.0E-5                   1.7000000000000002       2.1490405857460923E-6
5.0E-6                   2.0E-5                   1.8                      2.165968740837582E-6
5.0E-6                   2.0E-5                   1.9000000000000001       2.1828441863799117E-6
5.0E-6                   2.0E-5                   2                        2.199667024765434E-6
5.0E-6                   2.0E-5                   5                        2.6729517555371E-6
5.0E-6                   2.0E-5                   10                       3.3637502523618777E-6
5.0E-6                   2.0E-5                   100                      9.912430683764677E-6
5.0E-6                   2.0E-5                   100                      9.912430683764677E-6
5.0E-6                   2.0E-5                   200                      1.4019412153097025E-5
5.0E-6                   2.0E-5                   300                      1.7134820252291893E-5
5.0E-6                   2.0E-5                   400                      1.9752358184397832E-5
5.0E-6                   2.0E-5                   500                      2.204015520084106E-5
5.0E-6                   2.0E-5                   600                      2.4106369666555615E-5
5.0E-6                   2.0E-5                   700                      2.5996006141593788E-5
5.0E-6                   2.0E-5                   800                      2.7747343988720945E-5
5.0E-6                   2.0E-5                   900                      2.9384918545237503E-5
5.0E-6                   2.0E-5                   1000                     3.092825272781908E-5
5.0E-6                   2.0E-5                   2000                     4.326293732596667E-5
5.0E-6                   2.0E-5                   3000                     5.25703482037136E-5
5.0E-6                   2.0E-5                   4000                     6.0350819043149746E-5
5.0E-6                   2.0E-5                   5000                     6.7149765782798E-5
5.0E-6                   2.0E-5                   6000                     7.326746662584533E-5
5.0E-6                   2.0E-5                   7000                     7.886830820514682E-5
5.0E-6                   2.0E-5                   8000                     8.405501647400721E-5
5.0E-6                   2.0E-5                   9000                     8.889975779064246E-5
5.0E-6                   2.0E-5                   10000                    9.345891364927502E-5
5.0E-6                   2.0E-5                   20000                    1.2823602869836215E-4
5.0E-6                   2.0E-5                   30000                    1.4921061232529498E-4
5.0E-6                   2.0E-5                   40000                    1.6124896606973114E-4
5.0E-6                   2.0E-5                   50000                    1.6776905166452212E-4
5.0E-6                   2.0E-5                   60000                    1.7117166557273562E-4
5.0E-6                   2.0E-5                   70000                    1.7291199772618957E-4
5.0E-6                   2.0E-5                   80000                    1.7381767755759054E-4
5.0E-6                   2.0E-5                   90000                    1.7434787093782497E-4
5.0E-6                   2.0E-5                   100000                   1.7469781796444997E-4
5.0E-6                   2.0E-5                   110000                   1.74907194966469E-4
5.0E-6                   2.0E-5                   120000                   1.7502080194151408E-4
5.0E-6                   2.0E-5                   130000                   1.750946409798187E-4
5.0E-6                   2.0E-5                   140000                   1.751250599038449E-4
5.0E-6                   2.0E-5                   150000                   1.751420549073426E-4
5.0E-6                   2.0E-5                   160000                   1.7513843912433344E-4
5.0E-6                   2.0E-5                   170000                   1.7513678844232334E-4
5.0E-6                   2.0E-5                   180000                   1.751298416365282E-4
5.0E-6                   2.0E-5                   190000                   1.7512547205576138E-4
5.0E-6                   2.0E-5                   200000                   1.751216359590393E-4
5.0E-6                   2.75E-5                  0                        0
5.0E-6                   2.75E-5                  0.1                      0
5.0E-6                   2.75E-5                  0.2                      0
5.0E-6                   2.75E-5                  0.30000000000000004      0
5.0E-6                   2.75E-5                  0.4                      0
5.0E-6                   2.75E-5                  0.5                      0
5.0E-6                   2.75E-5                  0.6000000000000001       0
5.0E-6                   2.75E-5                  0.7000000000000001       0
5.0E-6                   2.75E-5                  0.8                      0
5.0E-6                   2.75E-5                  0.9                      0
5.0E-6                   2.75E-5                  1                        1.1585018795291973E-6
5.0E-6                   2.75E-5                  1.1                      2.1551220916446583E-6
5.0E-6                   2.75E-5                  1.2000000000000002       2.1739956275466215E-6
5.0E-6                   2.75E-5                  1.3                      2.1927727118632708E-6
5.0E-6                   2.75E-5                  1.4000000000000001       2.211442495022635E-6
5.0E-6                   2.75E-5                  1.5                      2.230028560155851E-6
5.0E-6                   2.75E-5                  1.6                      2.2485484580829105E-6
5.0E-6                   2.75E-5                  1.7000000000000002       2.266900260903839E-6
5.0E-6                   2.75E-5                  1.8                      2.2851741466493424E-6
5.0E-6                   2.75E-5                  1.9000000000000001       2.3033895678867023E-6
5.0E-6                   2.75E-5                  2                        2.3215466424625195E-6
5.0E-6                   2.75E-5                  5                        2.831426844955181E-6
5.0E-6                   2.75E-5                  10                       3.572848162777602E-6
5.0E-6                   2.75E-5                  100                      1.0542275857157712E-5
5.0E-6                   2.75E-5                  100                      1.0542275857157712E-5
5.0E-6                   2.75E-5                  200                      1.490504495886259E-5
5.0E-6                   2.75E-5                  300                      1.8216340768251907E-5
5.0E-6                   2.75E-5                  400                      2.0995404933570993E-5
5.0E-6                   2.75E-5                  500                      2.3426388206149107E-5
5.0E-6                   2.75E-5                  600                      2.5619698796233165E-5
5.0E-6                   2.75E-5                  700                      2.7624888552182185E-5
5.0E-6                   2.75E-5                  800                      2.9483122260280315E-5
5.0E-6                   2.75E-5                  900                      3.1220289618505606E-5
5.0E-6                   2.75E-5                  1000                     3.285722712214824E-5
5.0E-6                   2.75E-5                  2000                     4.5915844350898434E-5
5.0E-6                   2.75E-5                  3000                     5.5729070972008253E-5
5.0E-6                   2.75E-5                  4000                     6.389114812658012E-5
5.0E-6                   2.75E-5                  5000                     7.099270351643704E-5
5.0E-6                   2.75E-5                  6000                     7.735257698432986E-5
5.0E-6                   2.75E-5                  7000                     8.314773941357053E-5
5.0E-6                   2.75E-5                  8000                     8.849153185139404E-5
5.0E-6                   2.75E-5                  9000                     9.345909286775944E-5
5.0E-6                   2.75E-5                  10000                    9.810092208914931E-5
5.0E-6                   2.75E-5                  20000                    1.3248874000380747E-4
5.0E-6                   2.75E-5                  30000                    1.522045177620354E-4
5.0E-6                   2.75E-5                  40000                    1.6298240091168953E-4
5.0E-6                   2.75E-5                  50000                    1.6858473898338148E-4
5.0E-6                   2.75E-5                  60000                    1.713841432327344E-4
5.0E-6                   2.75E-5                  70000                    1.728003435348181E-4
5.0E-6                   2.75E-5                  80000                    1.7354575381374227E-4
5.0E-6                   2.75E-5                  90000                    1.7395571454669424E-4
5.0E-6                   2.75E-5                  100000                   1.7419895499682983E-4
5.0E-6                   2.75E-5                  110000                   1.7435843035046747E-4
5.0E-6                   2.75E-5                  120000                   1.7441819383105708E-4
5.0E-6                   2.75E-5                  130000                   1.744292204789321E-4
5.0E-6                   2.75E-5                  140000                   1.744379300340129E-4
5.0E-6                   2.75E-5                  150000                   1.7444253134711875E-4
5.0E-6                   2.75E-5                  160000                   1.744461779081693E-4
5.0E-6                   2.75E-5                  170000                   1.744481314376325E-4
5.0E-6                   2.75E-5                  180000                   1.7444966887261514E-4
5.0E-6                   2.75E-5                  190000                   1.7445046841606707E-4
5.0E-6                   2.75E-5                  200000                   1.744510976202593E-4
5.0E-6                   3.5000000000000004E-5    0                        0
5.0E-6                   3.5000000000000004E-5    0.1                      0
5.0E-6                   3.5000000000000004E-5    0.2                      0
5.0E-6                   3.5000000000000004E-5    0.30000000000000004      0
5.0E-6                   3.5000000000000004E-5    0.4                      0
5.0E-6                   3.5000000000000004E-5    0.5                      0
5.0E-6                   3.5000000000000004E-5    0.6000000000000001       0
5.0E-6                   3.5000000000000004E-5    0.7000000000000001       0
5.0E-6                   3.5000000000000004E-5    0.8                      0
5.0E-6                   3.5000000000000004E-5    0.9                      0
5.0E-6                   3.5000000000000004E-5    1                        1.2328124781701401E-6
5.0E-6                   3.5000000000000004E-5    1.1                      2.2932948224796944E-6
5.0E-6                   3.5000000000000004E-5    1.2000000000000002       2.3130651889567515E-6
5.0E-6                   3.5000000000000004E-5    1.3                      2.3327391107163073E-6
5.0E-6                   3.5000000000000004E-5    1.4000000000000001       2.3523016668781693E-6
5.0E-6                   3.5000000000000004E-5    1.5                      2.371782353100312E-6
5.0E-6                   3.5000000000000004E-5    1.6                      2.391195378052019E-6
5.0E-6                   3.5000000000000004E-5    1.7000000000000002       2.410427891554161E-6
5.0E-6                   3.5000000000000004E-5    1.8                      2.429593690840638E-6
5.0E-6                   3.5000000000000004E-5    1.9000000000000001       2.448699446322589E-6
5.0E-6                   3.5000000000000004E-5    2                        2.467745276947497E-6
5.0E-6                   3.5000000000000004E-5    5                        3.003409856021736E-6
5.0E-6                   3.5000000000000004E-5    10                       3.7847607863449194E-6
5.0E-6                   3.5000000000000004E-5    100                      1.1175545811997115E-5
5.0E-6                   3.5000000000000004E-5    100                      1.1175545811997115E-5
5.0E-6                   3.5000000000000004E-5    200                      1.5801650141023764E-5
5.0E-6                   3.5000000000000004E-5    300                      1.9311877719000066E-5
5.0E-6                   3.5000000000000004E-5    400                      2.2257305456224778E-5
5.0E-6                   3.5000000000000004E-5    500                      2.4834459178605064E-5
5.0E-6                   3.5000000000000004E-5    600                      2.7159251940493846E-5
5.0E-6                   3.5000000000000004E-5    700                      2.928465506550799E-5
5.0E-6                   3.5000000000000004E-5    800                      3.125433225442176E-5
5.0E-6                   3.5000000000000004E-5    900                      3.3095759347155285E-5
5.0E-6                   3.5000000000000004E-5    1000                     3.4830832613773524E-5
5.0E-6                   3.5000000000000004E-5    2000                     4.8666025011029995E-5
5.0E-6                   3.5000000000000004E-5    3000                     5.903409749970758E-5
5.0E-6                   3.5000000000000004E-5    4000                     6.76110657782754E-5
5.0E-6                   3.5000000000000004E-5    5000                     7.50222180778125E-5
5.0E-6                   3.5000000000000004E-5    6000                     8.160812250936766E-5
5.0E-6                   3.5000000000000004E-5    7000                     8.756064765671776E-5
5.0E-6                   3.5000000000000004E-5    8000                     9.300512863977938E-5
5.0E-6                   3.5000000000000004E-5    9000                     9.802567450026374E-5
5.0E-6                   3.5000000000000004E-5    10000                    1.0268121870144838E-4
5.0E-6                   3.5000000000000004E-5    20000                    1.3608607722811146E-4
5.0E-6                   3.5000000000000004E-5    30000                    1.544512832200975E-4
5.0E-6                   3.5000000000000004E-5    40000                    1.6420494668367475E-4
5.0E-6                   3.5000000000000004E-5    50000                    1.6903430719979683E-4
5.0E-6                   3.5000000000000004E-5    60000                    1.7133427912407868E-4
5.0E-6                   3.5000000000000004E-5    70000                    1.7241707663081518E-4
5.0E-6                   3.5000000000000004E-5    80000                    1.7297907724448343E-4
5.0E-6                   3.5000000000000004E-5    90000                    1.7331879239098933E-4
5.0E-6                   3.5000000000000004E-5    100000                   1.7354356249349093E-4
5.0E-6                   3.5000000000000004E-5    110000                   1.736797847627089E-4
5.0E-6                   3.5000000000000004E-5    120000                   1.737588713673956E-4
5.0E-6                   3.5000000000000004E-5    130000                   1.7379468602187918E-4
5.0E-6                   3.5000000000000004E-5    140000                   1.7381159553591537E-4
5.0E-6                   3.5000000000000004E-5    150000                   1.738106923238987E-4
5.0E-6                   3.5000000000000004E-5    160000                   1.7380879282001934E-4
5.0E-6                   3.5000000000000004E-5    170000                   1.738019907894845E-4
5.0E-6                   3.5000000000000004E-5    180000                   1.7379741454618593E-4
5.0E-6                   3.5000000000000004E-5    190000                   1.7379415050978818E-4
5.0E-6                   3.5000000000000004E-5    200000                   1.7379227718761274E-4
1.0E-5                   5.0E-6                   0                        0
1.0E-5                   5.0E-6                   0.1                      0
1.0E-5                   5.0E-6                   0.2                      0
1.0E-5                   5.0E-6                   0.30000000000000004      0
1.0E-5                   5.0E-6                   0.4                      0
1.0E-5                   5.0E-6                   0.5                      0
1.0E-5                   5.0E-6                   0.6000000000000001       0
1.0E-5                   5.0E-6                   0.7000000000000001       0
1.0E-5                   5.0E-6                   0.8                      0
1.0E-5                   5.0E-6                   0.9                      0
1.0E-5                   5.0E-6                   1                        9.648199625793776E-7
1.0E-5                   5.0E-6                   1.1                      1.8055753424959042E-6
1.0E-5                   5.0E-6                   1.2000000000000002       1.820849615133622E-6
1.0E-5                   5.0E-6                   1.3                      1.8359534468969575E-6
1.0E-5                   5.0E-6                   1.4000000000000001       1.8509752068279182E-6
1.0E-5                   5.0E-6                   1.5                      1.8659303730196416E-6
1.0E-5                   5.0E-6                   1.6                      1.8808345970536022E-6
1.0E-5                   5.0E-6                   1.7000000000000002       1.895614600099023E-6
1.0E-5                   5.0E-6                   1.8                      1.910325797149667E-6
1.0E-5                   5.0E-6                   1.9000000000000001       1.9249919188350647E-6
1.0E-5                   5.0E-6                   2                        1.9396130510039277E-6
1.0E-5                   5.0E-6                   5                        2.3509748605181736E-6
1.0E-5                   5.0E-6                   10                       2.9530179250837314E-6
1.0E-5                   5.0E-6                   100                      8.716750370379413E-6
1.0E-5                   5.0E-6                   100                      8.716750370379413E-6
1.0E-5                   5.0E-6                   200                      1.2371674485776234E-5
1.0E-5                   5.0E-6                   300                      1.515883715782264E-5
1.0E-5                   5.0E-6                   400                      1.750895385867522E-5
1.0E-5                   5.0E-6                   500                      1.958209825014619E-5
1.0E-5                   5.0E-6                   600                      2.1448823293115324E-5
1.0E-5                   5.0E-6                   700                      2.316105275111866E-5
1.0E-5                   5.0E-6                   800                      2.4752781730590148E-5
1.0E-5                   5.0E-6                   900                      2.6244716982231244E-5
1.0E-5                   5.0E-6                   1000                     2.7654980678904165E-5
1.0E-5                   5.0E-6                   2000                     3.906922558754183E-5
1.0E-5                   5.0E-6                   3000                     4.7828585114427724E-5
1.0E-5                   5.0E-6                   4000                     5.519048890631254E-5
1.0E-5                   5.0E-6                   5000                     6.166787848411262E-5
1.0E-5                   5.0E-6                   6000                     6.754177476300674E-5
1.0E-5                   5.0E-6                   7000                     7.294238140577096E-5
1.0E-5                   5.0E-6                   8000                     7.795538136054539E-5
1.0E-5                   5.0E-6                   9000                     8.265735335221394E-5
1.0E-5                   5.0E-6                   10000                    8.709805975826572E-5
1.0E-5                   5.0E-6                   20000                    1.2189745271852336E-4
1.0E-5                   5.0E-6                   30000                    1.4420827485516532E-4
1.0E-5                   5.0E-6                   40000                    1.5790675176749678E-4
1.0E-5                   5.0E-6                   50000                    1.6586876218516514E-4
1.0E-5                   5.0E-6                   60000                    1.7030964118835152E-4
1.0E-5                   5.0E-6                   70000                    1.7272206463139932E-4
1.0E-5                   5.0E-6                   80000                    1.7405581570125044E-4
1.0E-5                   5.0E-6                   90000                    1.7480155007881614E-4
1.0E-5                   5.0E-6                   100000                   1.752470036920582E-4
1.0E-5                   5.0E-6                   110000                   1.7556870749140235E-4
1.0E-5                   5.0E-6                   120000                   1.7576913645849407E-4
1.0E-5                   5.0E-6                   130000                   1.7588262889454387E-4
1.0E-5                   5.0E-6                   140000                   1.7595993363118368E-4
1.0E-5                   5.0E-6                   150000                   1.7599398341446525E-4
1.0E-5                   5.0E-6                   160000                   1.7601646233591448E-4
1.0E-5                   5.0E-6                   170000                   1.7601702566032027E-4
1.0E-5                   5.0E-6                   180000                   1.7601859333913844E-4
1.0E-5                   5.0E-6                   190000                   1.7601351754858733E-4
1.0E-5                   5.0E-6                   200000                   1.7600979313446143E-4
1.0E-5                   1.25E-5                  0                        0
1.0E-5                   1.25E-5                  0.1                      0
1.0E-5                   1.25E-5                  0.2                      0
1.0E-5                   1.25E-5                  0.30000000000000004      0
1.0E-5                   1.25E-5                  0.4                      0
1.0E-5                   1.25E-5                  0.5                      0
1.0E-5                   1.25E-5                  0.6000000000000001       0
1.0E-5                   1.25E-5                  0.7000000000000001       0
1.0E-5                   1.25E-5                  0.8                      0
1.0E-5                   1.25E-5                  0.9                      0
1.0E-5                   1.25E-5                  1                        1.0078747150971155E-6
1.0E-5                   1.25E-5                  1.1                      1.8855994390688102E-6
1.0E-5                   1.25E-5                  1.2000000000000002       1.9016024089824172E-6
1.0E-5                   1.25E-5                  1.3                      1.917423950799039E-6
1.0E-5                   1.25E-5                  1.4000000000000001       1.9331600524352135E-6
1.0E-5                   1.25E-5                  1.5                      1.9488278232638424E-6
1.0E-5                   1.25E-5                  1.6                      1.964442677083117E-6
1.0E-5                   1.25E-5                  1.7000000000000002       1.979927370876271E-6
1.0E-5                   1.25E-5                  1.8                      1.9953429318511772E-6
1.0E-5                   1.25E-5                  1.9000000000000001       2.0107115939404277E-6
1.0E-5                   1.25E-5                  2                        2.026033447419613E-6
1.0E-5                   1.25E-5                  5                        2.457359716423742E-6
1.0E-5                   1.25E-5                  10                       3.089154195254179E-6
1.0E-5                   1.25E-5                  100                      9.120604262335194E-6
1.0E-5                   1.25E-5                  100                      9.120604262335194E-6
1.0E-5                   1.25E-5                  200                      1.2924709442293874E-5
1.0E-5                   1.25E-5                  300                      1.581906452203234E-5
1.0E-5                   1.25E-5                  400                      1.8255762282516986E-5
1.0E-5                   1.25E-5                  500                      2.0402167282972365E-5
1.0E-5                   1.25E-5                  600                      2.233212310507129E-5
1.0E-5                   1.25E-5                  700                      2.4100161281937464E-5
1.0E-5                   1.25E-5                  800                      2.5741846588268116E-5
1.0E-5                   1.25E-5                  900                      2.727898085245786E-5
1.0E-5                   1.25E-5                  1000                     2.873055659482871E-5
1.0E-5                   1.25E-5                  2000                     4.043348838368887E-5
1.0E-5                   1.25E-5                  3000                     4.936876855782392E-5
1.0E-5                   1.25E-5                  4000                     5.6853300950102755E-5
1.0E-5                   1.25E-5                  5000                     6.34237130507983E-5
1.0E-5                   1.25E-5                  6000                     6.937276336673586E-5
1.0E-5                   1.25E-5                  7000                     7.483455402584307E-5
1.0E-5                   1.25E-5                  8000                     7.989820119538061E-5
1.0E-5                   1.25E-5                  9000                     8.464212691791791E-5
1.0E-5                   1.25E-5                  10000                    8.911683173603709E-5
1.0E-5                   1.25E-5                  20000                    1.238685346383031E-4
1.0E-5                   1.25E-5                  30000                    1.4561167873793586E-4
1.0E-5                   1.25E-5                  40000                    1.5858894535771188E-4
1.0E-5                   1.25E-5                  50000                    1.6590583144384283E-4
1.0E-5                   1.25E-5                  60000                    1.698525322566123E-4
1.0E-5                   1.25E-5                  70000                    1.7191526767799237E-4
1.0E-5                   1.25E-5                  80000                    1.7303675510237773E-4
1.0E-5                   1.25E-5                  90000                    1.7366199418623882E-4
1.0E-5                   1.25E-5                  100000                   1.7403612873694948E-4
1.0E-5                   1.25E-5                  110000                   1.7431283436933944E-4
1.0E-5                   1.25E-5                  120000                   1.7448777583979714E-4
1.0E-5                   1.25E-5                  130000                   1.745989239720026E-4
1.0E-5                   1.25E-5                  140000                   1.7465357505744007E-4
1.0E-5                   1.25E-5                  150000                   1.7468635919674734E-4
1.0E-5                   1.25E-5                  160000                   1.7469221246582106E-4
1.0E-5                   1.25E-5                  170000                   1.7469569705840757E-4
1.0E-5                   1.25E-5                  180000                   1.7469048475853772E-4
1.0E-5                   1.25E-5                  190000                   1.7468708074603595E-4
1.0E-5                   1.25E-5                  200000                   1.7468242230130033E-4
1.0E-5                   2.0E-5                   0                        0
1.0E-5                   2.0E-5                   0.1                      0
1.0E-5                   2.0E-5                   0.2                      0
1.0E-5                   2.0E-5                   0.30000000000000004      0
1.0E-5                   2.0E-5                   0.4                      0
1.0E-5                   2.0E-5                   0.5                      0
1.0E-5                   2.0E-5                   0.6000000000000001       0
1.0E-5                   2.0E-5                   0.7000000000000001       0
1.0E-5                   2.0E-5                   0.8                      0
1.0E-5                   2.0E-5                   0.9                      0
1.0E-5                   2.0E-5                   1                        1.0741126121110744E-6
1.0E-5                   2.0E-5                   1.1                      1.998958544385177E-6
1.0E-5                   2.0E-5                   1.2000000000000002       2.0157192664853467E-6
1.0E-5                   2.0E-5                   1.3                      2.032400403167074E-6
1.0E-5                   2.0E-5                   1.4000000000000001       2.048990581865423E-6
1.0E-5                   2.0E-5                   1.5                      2.0655108582804668E-6
1.0E-5                   2.0E-5                   1.6                      2.0819755553694843E-6
1.0E-5                   2.0E-5                   1.7000000000000002       2.0983028908156635E-6
1.0E-5                   2.0E-5                   1.8                      2.1145592907047047E-6
1.0E-5                   2.0E-5                   1.9000000000000001       2.130766452065908E-6
1.0E-5                   2.0E-5                   2                        2.146924466294938E-6
1.0E-5                   2.0E-5                   5                        2.602240886084767E-6
1.0E-5                   2.0E-5                   10                       3.2689586805305967E-6
1.0E-5                   2.0E-5                   100                      9.648630788788129E-6
1.0E-5                   2.0E-5                   100                      9.648630788788129E-6
1.0E-5                   2.0E-5                   200                      1.366506216203729E-5
1.0E-5                   2.0E-5                   300                      1.6715403313621576E-5
1.0E-5                   2.0E-5                   400                      1.9282856526611504E-5
1.0E-5                   2.0E-5                   500                      2.1528833092090964E-5
1.0E-5                   2.0E-5                   600                      2.3560156648925813E-5
1.0E-5                   2.0E-5                   700                      2.5420294045780164E-5
1.0E-5                   2.0E-5                   800                      2.7145966343820774E-5
1.0E-5                   2.0E-5                   900                      2.876123964653611E-5
1.0E-5                   2.0E-5                   1000                     3.0284603665116643E-5
1.0E-5                   2.0E-5                   2000                     4.2498578799775556E-5
1.0E-5                   2.0E-5                   3000                     5.174876271931219E-5
1.0E-5                   2.0E-5                   4000                     5.949815702011363E-5
1.0E-5                   2.0E-5                   5000                     6.627700947541609E-5
1.0E-5                   2.0E-5                   6000                     7.238156946676874E-5
1.0E-5                   2.0E-5                   7000                     7.797219874062723E-5
1.0E-5                   2.0E-5                   8000                     8.315143663871607E-5
1.0E-5                   2.0E-5                   9000                     8.79890777458041E-5
1.0E-5                   2.0E-5                   10000                    9.253889756929143E-5
1.0E-5                   2.0E-5                   20000                    1.2718679514275676E-4
1.0E-5                   2.0E-5                   30000                    1.4796638781706524E-4
1.0E-5                   2.0E-5                   40000                    1.5983174147620306E-4
1.0E-5                   2.0E-5                   50000                    1.6622549095660397E-4
1.0E-5                   2.0E-5                   60000                    1.695374761481476E-4
1.0E-5                   2.0E-5                   70000                    1.711929378989501E-4
1.0E-5                   2.0E-5                   80000                    1.7207049062696413E-4
1.0E-5                   2.0E-5                   90000                    1.7258899839084354E-4
1.0E-5                   2.0E-5                   100000                   1.7292281374524734E-4
1.0E-5                   2.0E-5                   110000                   1.7313249514343889E-4
1.0E-5                   2.0E-5                   120000                   1.7326714633857684E-4
1.0E-5                   2.0E-5                   130000                   1.733289893970473E-4
1.0E-5                   2.0E-5                   140000                   1.7336801906275945E-4
1.0E-5                   2.0E-5                   150000                   1.7337151045868402E-4
1.0E-5                   2.0E-5                   160000                   1.7337489722379486E-4
1.0E-5                   2.0E-5                   170000                   1.7336660230631514E-4
1.0E-5                   2.0E-5                   180000                   1.733605215883059E-4
1.0E-5                   2.0E-5                   190000                   1.7335513793694473E-4
1.0E-5                   2.0E-5                   200000                   1.7335248962985694E-4
1.0E-5                   2.75E-5                  0                        0
1.0E-5                   2.75E-5                  0.1                      0
1.0E-5                   2.75E-5                  0.2                      0
1.0E-5                   2.75E-5                  0.30000000000000004      0
1.0E-5                   2.75E-5                  0.4                      0
1.0E-5                   2.75E-5                  0.5                      0
1.0E-5                   2.75E-5                  0.6000000000000001       0
1.0E-5                   2.75E-5                  0.7000000000000001       0
1.0E-5                   2.75E-5                  0.8                      0
1.0E-5                   2.75E-5                  0.9                      0
1.0E-5                   2.75E-5                  1                        1.1240788107057108E-6
1.0E-5                   2.75E-5                  1.1                      2.0903639044123406E-6
1.0E-5                   2.75E-5                  1.2000000000000002       2.1083673362284457E-6
1.0E-5                   2.75E-5                  1.3                      2.1262834636016455E-6
1.0E-5                   2.75E-5                  1.4000000000000001       2.1441025586194463E-6
1.0E-5                   2.75E-5                  1.5                      2.161845699989119E-6
1.0E-5                   2.75E-5                  1.6                      2.1795287050435166E-6
1.0E-5                   2.75E-5                  1.7000000000000002       2.1970601148166415E-6
1.0E-5                   2.75E-5                  1.8                      2.2145205519544776E-6
1.0E-5                   2.75E-5                  1.9000000000000001       2.231927575390881E-6
1.0E-5                   2.75E-5                  2                        2.2492812843640366E-6
1.0E-5                   2.75E-5                  5                        2.7380959853694303E-6
1.0E-5                   2.75E-5                  10                       3.452752834021104E-6
1.0E-5                   2.75E-5                  100                      1.0238036270678397E-5
1.0E-5                   2.75E-5                  100                      1.0238036270678397E-5
1.0E-5                   2.75E-5                  200                      1.44904512788227E-5
1.0E-5                   2.75E-5                  300                      1.7719287290558253E-5
1.0E-5                   2.75E-5                  400                      2.0434565173113348E-5
1.0E-5                   2.75E-5                  500                      2.2810150661360544E-5
1.0E-5                   2.75E-5                  600                      2.4957065416682713E-5
1.0E-5                   2.75E-5                  700                      2.6921796561457513E-5
1.0E-5                   2.75E-5                  800                      2.8743870724570044E-5
1.0E-5                   2.75E-5                  900                      3.0448485063095207E-5
1.0E-5                   2.75E-5                  1000                     3.205581794858577E-5
1.0E-5                   2.75E-5                  2000                     4.491770368393084E-5
1.0E-5                   2.75E-5                  3000                     5.4622831742347596E-5
1.0E-5                   2.75E-5                  4000                     6.271945322712202E-5
1.0E-5                   2.75E-5                  5000                     6.977477058488945E-5
1.0E-5                   2.75E-5                  6000                     7.609991966565311E-5
1.0E-5                   2.75E-5                  7000                     8.18662459417125E-5
1.0E-5                   2.75E-5                  8000                     8.718019260970511E-5
1.0E-5                   2.75E-5                  9000                     9.211758006328011E-5
1.0E-5                   2.75E-5                  10000                    9.673828157110743E-5
1.0E-5                   2.75E-5                  20000                    1.3088654632045473E-4
1.0E-5                   2.75E-5                  30000                    1.503012699754341E-4
1.0E-5                   2.75E-5                  40000                    1.6088260396932908E-4
1.0E-5                   2.75E-5                  50000                    1.663663559310304E-4
1.0E-5                   2.75E-5                  60000                    1.6910416294275917E-4
1.0E-5                   2.75E-5                  70000                    1.7038859393050915E-4
1.0E-5                   2.75E-5                  80000                    1.7106678441932544E-4
1.0E-5                   2.75E-5                  90000                    1.714676584001133E-4
1.0E-5                   2.75E-5                  100000                   1.717348072717496E-4
1.0E-5                   2.75E-5                  110000                   1.7188927537144683E-4
1.0E-5                   2.75E-5                  120000                   1.719816840491907E-4
1.0E-5                   2.75E-5                  130000                   1.720244458332848E-4
1.0E-5                   2.75E-5                  140000                   1.7204688925869226E-4
1.0E-5                   2.75E-5                  150000                   1.7204656707730688E-4
1.0E-5                   2.75E-5                  160000                   1.720438890049787E-4
1.0E-5                   2.75E-5                  170000                   1.7203710095366236E-4
1.0E-5                   2.75E-5                  180000                   1.7203165668961198E-4
1.0E-5                   2.75E-5                  190000                   1.7202708641206226E-4
1.0E-5                   2.75E-5                  200000                   1.72024801867791E-4
1.0E-5                   3.5000000000000004E-5    0                        0
1.0E-5                   3.5000000000000004E-5    0.1                      0
1.0E-5                   3.5000000000000004E-5    0.2                      0
1.0E-5                   3.5000000000000004E-5    0.30000000000000004      0
1.0E-5                   3.5000000000000004E-5    0.4                      0
1.0E-5                   3.5000000000000004E-5    0.5                      0
1.0E-5                   3.5000000000000004E-5    0.6000000000000001       0
1.0E-5                   3.5000000000000004E-5    0.7000000000000001       0
1.0E-5                   3.5000000000000004E-5    0.8                      0
1.0E-5                   3.5000000000000004E-5    0.9                      0
1.0E-5                   3.5000000000000004E-5    1                        1.1846292542927558E-6
1.0E-5                   3.5000000000000004E-5    1.1                      2.2040747598472665E-6
1.0E-5                   3.5000000000000004E-5    1.2000000000000002       2.2233254255789874E-6
1.0E-5                   3.5000000000000004E-5    1.3                      2.2424818428841975E-6
1.0E-5                   3.5000000000000004E-5    1.4000000000000001       2.2615310154029258E-6
1.0E-5                   3.5000000000000004E-5    1.5                      2.2804993717899975E-6
1.0E-5                   3.5000000000000004E-5    1.6                      2.2994020537228754E-6
1.0E-5                   3.5000000000000004E-5    1.7000000000000002       2.318133192023228E-6
1.0E-5                   3.5000000000000004E-5    1.8                      2.336794601260468E-6
1.0E-5                   3.5000000000000004E-5    1.9000000000000001       2.355397720766252E-6
1.0E-5                   3.5000000000000004E-5    2                        2.373942664957876E-6
1.0E-5                   3.5000000000000004E-5    5                        2.895621431057176E-6
1.0E-5                   3.5000000000000004E-5    10                       3.656553332421309E-6
1.0E-5                   3.5000000000000004E-5    100                      1.0849447063013735E-5
1.0E-5                   3.5000000000000004E-5    100                      1.0849447063013735E-5
1.0E-5                   3.5000000000000004E-5    200                      1.5350660225287466E-5
1.0E-5                   3.5000000000000004E-5    300                      1.876891138944252E-5
1.0E-5                   3.5000000000000004E-5    400                      2.164141648652643E-5
1.0E-5                   3.5000000000000004E-5    500                      2.4155545844816E-5
1.0E-5                   3.5000000000000004E-5    600                      2.642618486795806E-5
1.0E-5                   3.5000000000000004E-5    700                      2.85035637541173E-5
1.0E-5                   3.5000000000000004E-5    800                      3.042987457230731E-5
1.0E-5                   3.5000000000000004E-5    900                      3.223170365081735E-5
1.0E-5                   3.5000000000000004E-5    1000                     3.3930567857300626E-5
1.0E-5                   3.5000000000000004E-5    2000                     4.751056993779657E-5
1.0E-5                   3.5000000000000004E-5    3000                     5.772389620213009E-5
1.0E-5                   3.5000000000000004E-5    4000                     6.619404176214448E-5
1.0E-5                   3.5000000000000004E-5    5000                     7.352238564787512E-5
1.0E-5                   3.5000000000000004E-5    6000                     8.003848775828519E-5
1.0E-5                   3.5000000000000004E-5    7000                     8.592952363832818E-5
1.0E-5                   3.5000000000000004E-5    8000                     9.131754830478414E-5
1.0E-5                   3.5000000000000004E-5    9000                     9.628599643348576E-5
1.0E-5                   3.5000000000000004E-5    10000                    1.0089139459437262E-4
1.0E-5                   3.5000000000000004E-5    20000                    1.33850000410487E-4
1.0E-5                   3.5000000000000004E-5    30000                    1.5188380911369405E-4
1.0E-5                   3.5000000000000004E-5    40000                    1.614236555379804E-4
1.0E-5                   3.5000000000000004E-5    50000                    1.661252198091201E-4
1.0E-5                   3.5000000000000004E-5    60000                    1.6834119058421607E-4
1.0E-5                   3.5000000000000004E-5    70000                    1.6936071479466594E-4
1.0E-5                   3.5000000000000004E-5    80000                    1.6990011479319875E-4
1.0E-5                   3.5000000000000004E-5    90000                    1.7027198409470958E-4
1.0E-5                   3.5000000000000004E-5    100000                   1.7044186954443268E-4
1.0E-5                   3.5000000000000004E-5    110000                   1.7052954236323418E-4
1.0E-5                   3.5000000000000004E-5    120000                   1.7059126386549406E-4
1.0E-5                   3.5000000000000004E-5    130000                   1.7062669533938842E-4
1.0E-5                   3.5000000000000004E-5    140000                   1.7065170063443032E-4
1.0E-5                   3.5000000000000004E-5    150000                   1.7066613609049164E-4
1.0E-5                   3.5000000000000004E-5    160000                   1.7067632729304976E-4
1.0E-5                   3.5000000000000004E-5    170000                   1.7068221451247936E-4
1.0E-5                   3.5000000000000004E-5    180000                   1.7068637147187534E-4
1.0E-5                   3.5000000000000004E-5    190000                   1.7068877361318832E-4
1.0E-5                   3.5000000000000004E-5    200000                   1.7069046988776247E-4
2.0E-5                   5.0E-6                   0                        0
2.0E-5                   5.0E-6                   0.1                      0
2.0E-5                   5.0E-6                   0.2                      0
2.0E-5                   5.0E-6                   0.30000000000000004      0
2.0E-5                   5.0E-6                   0.4                      0
2.0E-5                   5.0E-6                   0.5                      0
2.0E-5                   5.0E-6                   0.6000000000000001       0
2.0E-5                   5.0E-6                   0.7000000000000001       0
2.0E-5                   5.0E-6                   0.8                      0
2.0E-5                   5.0E-6                   0.9                      0
2.0E-5                   5.0E-6                   1                        9.479996920972375E-7
2.0E-5                   5.0E-6                   1.1                      1.775079072431095E-6
2.0E-5                   5.0E-6                   1.2000000000000002       1.7902873438859678E-6
2.0E-5                   5.0E-6                   1.3                      1.8055167508295041E-6
2.0E-5                   5.0E-6                   1.4000000000000001       1.8206567849771318E-6
2.0E-5                   5.0E-6                   1.5                      1.835731254001996E-6
2.0E-5                   5.0E-6                   1.6                      1.850752718168776E-6
2.0E-5                   5.0E-6                   1.7000000000000002       1.8656363376002588E-6
2.0E-5                   5.0E-6                   1.8                      1.880456507282001E-6
2.0E-5                   5.0E-6                   1.9000000000000001       1.8952299724037192E-6
2.0E-5                   5.0E-6                   2                        1.9099568262646557E-6
2.0E-5                   5.0E-6                   5                        2.3234537473525486E-6
2.0E-5                   5.0E-6                   10                       2.926739627457313E-6
2.0E-5                   5.0E-6                   100                      8.671699227344918E-6
2.0E-5                   5.0E-6                   100                      8.671699227344918E-6
2.0E-5                   5.0E-6                   200                      1.2313006202733247E-5
2.0E-5                   5.0E-6                   300                      1.509146123558075E-5
2.0E-5                   5.0E-6                   400                      1.74355858965046E-5
2.0E-5                   5.0E-6                   500                      1.950396642434542E-5
2.0E-5                   5.0E-6                   600                      2.136659263536196E-5
2.0E-5                   5.0E-6                   700                      2.3075660262126872E-5
2.0E-5                   5.0E-6                   800                      2.466457708863167E-5
2.0E-5                   5.0E-6                   900                      2.615440955099773E-5
2.0E-5                   5.0E-6                   1000                     2.756310360634644E-5
2.0E-5                   5.0E-6                   2000                     3.8971331812517746E-5
2.0E-5                   5.0E-6                   3000                     4.772991725403518E-5
2.0E-5                   5.0E-6                   4000                     5.509174806785418E-5
2.0E-5                   5.0E-6                   5000                     6.157143810182616E-5
2.0E-5                   5.0E-6                   6000                     6.74478557745759E-5
2.0E-5                   5.0E-6                   7000                     7.284831719127926E-5
2.0E-5                   5.0E-6                   8000                     7.786173263203844E-5
2.0E-5                   5.0E-6                   9000                     8.256408189652669E-5
2.0E-5                   5.0E-6                   10000                    8.700577999142515E-5
2.0E-5                   5.0E-6                   20000                    1.2176170804115975E-4
2.0E-5                   5.0E-6                   30000                    1.439392365374847E-4
2.0E-5                   5.0E-6                   40000                    1.57475636673146E-4
2.0E-5                   5.0E-6                   50000                    1.6529132606422017E-4
2.0E-5                   5.0E-6                   60000                    1.696213205579712E-4
2.0E-5                   5.0E-6                   70000                    1.7195733329242893E-4
2.0E-5                   5.0E-6                   80000                    1.7324439019887183E-4
2.0E-5                   5.0E-6                   90000                    1.7398284832465923E-4
2.0E-5                   5.0E-6                   100000                   1.7440370895443076E-4
2.0E-5                   5.0E-6                   110000                   1.7471522149696973E-4
2.0E-5                   5.0E-6                   120000                   1.7490589643838424E-4
2.0E-5                   5.0E-6                   130000                   1.7501282246096248E-4
2.0E-5                   5.0E-6                   140000                   1.7508447606677814E-4
2.0E-5                   5.0E-6                   150000                   1.751157860136555E-4
2.0E-5                   5.0E-6                   160000                   1.7513476007539652E-4
2.0E-5                   5.0E-6                   170000                   1.7513416606909724E-4
2.0E-5                   5.0E-6                   180000                   1.7513445022209777E-4
2.0E-5                   5.0E-6                   190000                   1.7512891895053796E-4
2.0E-5                   5.0E-6                   200000                   1.7512504678493442E-4
2.0E-5                   1.25E-5                  0                        0
2.0E-5                   1.25E-5                  0.1                      0
2.0E-5                   1.25E-5                  0.2                      0
2.0E-5                   1.25E-5                  0.30000000000000004      0
2.0E-5                   1.25E-5                  0.4                      0
2.0E-5                   1.25E-5                  0.5                      0
2.0E-5                   1.25E-5                  0.6000000000000001       0
2.0E-5                   1.25E-5                  0.7000000000000001       0
2.0E-5                   1.25E-5                  0.8                      0
2.0E-5                   1.25E-5                  0.9                      0
2.0E-5                   1.25E-5                  1                        9.844648513913592E-7
2.0E-5                   1.25E-5                  1.1                      1.8423564713102486E-6
2.0E-5                   1.25E-5                  1.2000000000000002       1.8578865931558621E-6
2.0E-5                   1.25E-5                  1.3                      1.8732448459206611E-6
2.0E-5                   1.25E-5                  1.4000000000000001       1.8885224931405109E-6
2.0E-5                   1.25E-5                  1.5                      1.9037351206984346E-6
2.0E-5                   1.25E-5                  1.6                      1.918897493601511E-6
2.0E-5                   1.25E-5                  1.7000000000000002       1.9339375371431553E-6
2.0E-5                   1.25E-5                  1.8                      1.948911293410747E-6
2.0E-5                   1.25E-5                  1.9000000000000001       1.9638403904661116E-6
2.0E-5                   1.25E-5                  2                        1.978724910598539E-6
2.0E-5                   1.25E-5                  5                        2.398315450273818E-6
2.0E-5                   1.25E-5                  10                       3.0142936615069906E-6
2.0E-5                   1.25E-5                  100                      8.923835608500336E-6
2.0E-5                   1.25E-5                  100                      8.923835608500336E-6
2.0E-5                   1.25E-5                  200                      1.2660111842302086E-5
2.0E-5                   1.25E-5                  300                      1.550790831415334E-5
2.0E-5                   1.25E-5                  400                      1.791042223329346E-5
2.0E-5                   1.25E-5                  500                      2.001775248932203E-5
2.0E-5                   1.25E-5                  600                      2.1926899031377413E-5
2.0E-5                   1.25E-5                  700                      2.3678090938528462E-5
2.0E-5                   1.25E-5                  800                      2.5305548082858824E-5
2.0E-5                   1.25E-5                  900                      2.6831190430564703E-5
2.0E-5                   1.25E-5                  1000                     2.8272448735931036E-5
2.0E-5                   1.25E-5                  2000                     3.990067309774483E-5
2.0E-5                   1.25E-5                  3000                     4.878588884983885E-5
2.0E-5                   1.25E-5                  4000                     5.62714018678646E-5
2.0E-5                   1.25E-5                  5000                     6.284860863204042E-5
2.0E-5                   1.25E-5                  6000                     6.879044351798002E-5
2.0E-5                   1.25E-5                  7000                     7.424809898591121E-5
2.0E-5                   1.25E-5                  8000                     7.931718777249653E-5
2.0E-5                   1.25E-5                  9000                     8.406512059928951E-5
2.0E-5                   1.25E-5                  10000                    8.854439834721899E-5
2.0E-5                   1.25E-5                  20000                    1.2315776138519216E-4
2.0E-5                   1.25E-5                  30000                    1.4458054846377456E-4
2.0E-5                   1.25E-5                  40000                    1.571945761201218E-4
2.0E-5                   1.25E-5                  50000                    1.6420191560378444E-4
2.0E-5                   1.25E-5                  60000                    1.6796728076605384E-4
2.0E-5                   1.25E-5                  70000                    1.6993848972446444E-4
2.0E-5                   1.25E-5                  80000                    1.7097960753441617E-4
2.0E-5                   1.25E-5                  90000                    1.7158368849547483E-4
2.0E-5                   1.25E-5                  100000                   1.7197909652349346E-4
2.0E-5                   1.25E-5                  110000                   1.7221662607650105E-4
2.0E-5                   1.25E-5                  120000                   1.723466841012759E-4
2.0E-5                   1.25E-5                  130000                   1.7243236910987724E-4
2.0E-5                   1.25E-5                  140000                   1.7246909289478143E-4
2.0E-5                   1.25E-5                  150000                   1.72490116119541E-4
2.0E-5                   1.25E-5                  160000                   1.7248729749988646E-4
2.0E-5                   1.25E-5                  170000                   1.7248630878834902E-4
2.0E-5                   1.25E-5                  180000                   1.7247880947128275E-4
2.0E-5                   1.25E-5                  190000                   1.724738759469608E-4
2.0E-5                   1.25E-5                  200000                   1.7246949467356615E-4
2.0E-5                   2.0E-5                   0                        0
2.0E-5                   2.0E-5                   0.1                      0
2.0E-5                   2.0E-5                   0.2                      0
2.0E-5                   2.0E-5                   0.30000000000000004      0
2.0E-5                   2.0E-5                   0.4                      0
2.0E-5                   2.0E-5                   0.5                      0
2.0E-5                   2.0E-5                   0.6000000000000001       0
2.0E-5                   2.0E-5                   0.7000000000000001       0
2.0E-5                   2.0E-5                   0.8                      0
2.0E-5                   2.0E-5                   0.9                      0
2.0E-5                   2.0E-5                   1                        1.0368696709744075E-6
2.0E-5                   2.0E-5                   1.1                      1.930233397069145E-6
2.0E-5                   2.0E-5                   1.2000000000000002       1.9463445145843797E-6
2.0E-5                   2.0E-5                   1.3                      1.9623778908304397E-6
2.0E-5                   2.0E-5                   1.4000000000000001       1.9783239507139484E-6
2.0E-5                   2.0E-5                   1.5                      1.994201060800142E-6
2.0E-5                   2.0E-5                   1.6                      2.0100245083162963E-6
2.0E-5                   2.0E-5                   1.7000000000000002       2.025718596230508E-6
2.0E-5                   2.0E-5                   1.8                      2.041339086992526E-6
2.0E-5                   2.0E-5                   1.9000000000000001       2.0569122110163694E-6
2.0E-5                   2.0E-5                   2                        2.072438055795819E-6
2.0E-5                   2.0E-5                   5                        2.5098533282003555E-6
2.0E-5                   2.0E-5                   10                       3.150559076710498E-6
2.0E-5                   2.0E-5                   100                      9.313724921948169E-6
2.0E-5                   2.0E-5                   100                      9.313724921948169E-6
2.0E-5                   2.0E-5                   200                      1.321008283622237E-5
2.0E-5                   2.0E-5                   300                      1.6176190711151053E-5
2.0E-5                   2.0E-5                   400                      1.8673880613305586E-5
2.0E-5                   2.0E-5                   500                      2.0875677209774023E-5
2.0E-5                   2.0E-5                   600                      2.28580152404223E-5
2.0E-5                   2.0E-5                   700                      2.4673559661045188E-5
2.0E-5                   2.0E-5                   800                      2.6359594750723456E-5
2.0E-5                   2.0E-5                   900                      2.7939451438077E-5
2.0E-5                   2.0E-5                   1000                     2.9431903640750013E-5
2.0E-5                   2.0E-5                   2000                     4.1460545641870844E-5
2.0E-5                   2.0E-5                   3000                     5.06049300174808E-5
2.0E-5                   2.0E-5                   4000                     5.829883526061699E-5
2.0E-5                   2.0E-5                   5000                     6.504278504171208E-5
2.0E-5                   2.0E-5                   6000                     7.111779097556943E-5
2.0E-5                   2.0E-5                   7000                     7.668807844308125E-5
2.0E-5                   2.0E-5                   8000                     8.185271289613069E-5
2.0E-5                   2.0E-5                   9000                     8.667638907962649E-5
2.0E-5                   2.0E-5                   10000                    9.12083276566635E-5
2.0E-5                   2.0E-5                   20000                    1.2550287953353047E-4
2.0E-5                   2.0E-5                   30000                    1.4576379437988892E-4
2.0E-5                   2.0E-5                   40000                    1.5717984849898198E-4
2.0E-5                   2.0E-5                   50000                    1.6325716815218227E-4
2.0E-5                   2.0E-5                   60000                    1.6642132150509537E-4
2.0E-5                   2.0E-5                   70000                    1.6794956339248558E-4
2.0E-5                   2.0E-5                   80000                    1.6883891216180755E-4
2.0E-5                   2.0E-5                   90000                    1.69356399146933E-4
2.0E-5                   2.0E-5                   100000                   1.6962065357875122E-4
2.0E-5                   2.0E-5                   110000                   1.6974404130805137E-4
2.0E-5                   2.0E-5                   120000                   1.6982393068140408E-4
2.0E-5                   2.0E-5                   130000                   1.6984499186113781E-4
2.0E-5                   2.0E-5                   140000                   1.6983433290954338E-4
2.0E-5                   2.0E-5                   150000                   1.6982421086350133E-4
2.0E-5                   2.0E-5                   160000                   1.698196015181802E-4
2.0E-5                   2.0E-5                   170000                   1.698152316411736E-4
2.0E-5                   2.0E-5                   180000                   1.6981331883099028E-4
2.0E-5                   2.0E-5                   190000                   1.6981150559699414E-4
2.0E-5                   2.0E-5                   200000                   1.698107137691708E-4
2.0E-5                   2.75E-5                  0                        0
2.0E-5                   2.75E-5                  0.1                      0
2.0E-5                   2.75E-5                  0.2                      0
2.0E-5                   2.75E-5                  0.30000000000000004      0
2.0E-5                   2.75E-5                  0.4                      0
2.0E-5                   2.75E-5                  0.5                      0
2.0E-5                   2.75E-5                  0.6000000000000001       0
2.0E-5                   2.75E-5                  0.7000000000000001       0
2.0E-5                   2.75E-5                  0.8                      0
2.0E-5                   2.75E-5                  0.9                      0
2.0E-5                   2.75E-5                  1                        1.0798969301442018E-6
2.0E-5                   2.75E-5                  1.1                      2.0087669296401785E-6
2.0E-5                   2.75E-5                  1.2000000000000002       2.0257850448529606E-6
2.0E-5                   2.75E-5                  1.3                      2.0427223694282405E-6
2.0E-5                   2.75E-5                  1.4000000000000001       2.0595716118112663E-6
2.0E-5                   2.75E-5                  1.5                      2.0763496637948097E-6
2.0E-5                   2.75E-5                  1.6                      2.0930724010448204E-6
2.0E-5                   2.75E-5                  1.7000000000000002       2.10966029028767E-6
2.0E-5                   2.75E-5                  1.8                      2.126177662723503E-6
2.0E-5                   2.75E-5                  1.9000000000000001       2.1426458323754764E-6
2.0E-5                   2.75E-5                  2                        2.1590648883368895E-6
2.0E-5                   2.75E-5                  5                        2.622319790388464E-6
2.0E-5                   2.75E-5                  10                       3.301800279963478E-6
2.0E-5                   2.75E-5                  100                      9.802993923368691E-6
2.0E-5                   2.75E-5                  100                      9.802993923368691E-6
2.0E-5                   2.75E-5                  200                      1.3892738530123606E-5
2.0E-5                   2.75E-5                  300                      1.700338750131123E-5
2.0E-5                   2.75E-5                  400                      1.9624271546587293E-5
2.0E-5                   2.75E-5                  500                      2.1919508487848773E-5
2.0E-5                   2.75E-5                  600                      2.399685648228404E-5
2.0E-5                   2.75E-5                  700                      2.590041606959282E-5
2.0E-5                   2.75E-5                  800                      2.766760840319189E-5
2.0E-5                   2.75E-5                  900                      2.932272088822364E-5
2.0E-5                   2.75E-5                  1000                     3.08846860410214E-5
2.0E-5                   2.75E-5                  2000                     4.3435821217315856E-5
2.0E-5                   2.75E-5                  3000                     5.296279609008031E-5
2.0E-5                   2.75E-5                  4000                     6.094401693503407E-5
2.0E-5                   2.75E-5                  5000                     6.791531349516748E-5
2.0E-5                   2.75E-5                  6000                     7.417437536325237E-5
2.0E-5                   2.75E-5                  7000                     7.988257900684736E-5
2.0E-5                   2.75E-5                  8000                     8.514296773028412E-5
2.0E-5                   2.75E-5                  9000                     9.002714751862685E-5
2.0E-5                   2.75E-5                  10000                    9.459121615757268E-5
2.0E-5                   2.75E-5                  20000                    1.280613000718801E-4
2.0E-5                   2.75E-5                  30000                    1.4677942106973806E-4
2.0E-5                   2.75E-5                  40000                    1.5683811134819406E-4
2.0E-5                   2.75E-5                  50000                    1.6198302593186637E-4
2.0E-5                   2.75E-5                  60000                    1.6452192396318663E-4
2.0E-5                   2.75E-5                  70000                    1.656831601834425E-4
2.0E-5                   2.75E-5                  80000                    1.662893558293465E-4
2.0E-5                   2.75E-5                  90000                    1.666371169206228E-4
2.0E-5                   2.75E-5                  100000                   1.668810112267991E-4
2.0E-5                   2.75E-5                  110000                   1.6696924809011127E-4
2.0E-5                   2.75E-5                  120000                   1.6704303724503076E-4
2.0E-5                   2.75E-5                  130000                   1.6707892609257145E-4
2.0E-5                   2.75E-5                  140000                   1.671091858298622E-4
2.0E-5                   2.75E-5                  150000                   1.6712399476452542E-4
2.0E-5                   2.75E-5                  160000                   1.6713650946855534E-4
2.0E-5                   2.75E-5                  170000                   1.671425961416781E-4
2.0E-5                   2.75E-5                  180000                   1.6714772845141738E-4
2.0E-5                   2.75E-5                  190000                   1.671502369857661E-4
2.0E-5                   2.75E-5                  200000                   1.6715235598777631E-4
2.0E-5                   3.5000000000000004E-5    0                        0
2.0E-5                   3.5000000000000004E-5    0.1                      0
2.0E-5                   3.5000000000000004E-5    0.2                      0
2.0E-5                   3.5000000000000004E-5    0.30000000000000004      0
2.0E-5                   3.5000000000000004E-5    0.4                      0
2.0E-5                   3.5000000000000004E-5    0.5                      0
2.0E-5                   3.5000000000000004E-5    0.6000000000000001       0
2.0E-5                   3.5000000000000004E-5    0.7000000000000001       0
2.0E-5                   3.5000000000000004E-5    0.8                      0
2.0E-5                   3.5000000000000004E-5    0.9                      0
2.0E-5                   3.5000000000000004E-5    1                        1.1440110973527281E-6
2.0E-5                   3.5000000000000004E-5    1.1                      2.127847154410206E-6
2.0E-5                   3.5000000000000004E-5    1.2000000000000002       2.1458571747599566E-6
2.0E-5                   3.5000000000000004E-5    1.3                      2.1637814587276612E-6
2.0E-5                   3.5000000000000004E-5    1.4000000000000001       2.1816085827537924E-6
2.0E-5                   3.5000000000000004E-5    1.5                      2.199361959558177E-6
2.0E-5                   3.5000000000000004E-5    1.6                      2.217055636218592E-6
2.0E-5                   3.5000000000000004E-5    1.7000000000000002       2.2345946196353753E-6
2.0E-5                   3.5000000000000004E-5    1.8                      2.2520689911528148E-6
2.0E-5                   3.5000000000000004E-5    1.9000000000000001       2.2694902867936023E-6
2.0E-5                   3.5000000000000004E-5    2                        2.286858604711769E-6
2.0E-5                   3.5000000000000004E-5    5                        2.776355075320973E-6
2.0E-5                   3.5000000000000004E-5    10                       3.4929060206077917E-6
2.0E-5                   3.5000000000000004E-5    100                      1.0341838978792836E-5
2.0E-5                   3.5000000000000004E-5    100                      1.0341838978792836E-5
2.0E-5                   3.5000000000000004E-5    200                      1.4650015099260223E-5
2.0E-5                   3.5000000000000004E-5    300                      1.7926235150834274E-5
2.0E-5                   3.5000000000000004E-5    400                      2.0683747900236434E-5
2.0E-5                   3.5000000000000004E-5    500                      2.309934190014344E-5
2.0E-5                   3.5000000000000004E-5    600                      2.5283826691197426E-5
2.0E-5                   3.5000000000000004E-5    700                      2.7284528055189464E-5
2.0E-5                   3.5000000000000004E-5    800                      2.9141468616424254E-5
2.0E-5                   3.5000000000000004E-5    900                      3.0879976970717664E-5
2.0E-5                   3.5000000000000004E-5    1000                     3.252052577563226E-5
2.0E-5                   3.5000000000000004E-5    2000                     4.568518584566946E-5
2.0E-5                   3.5000000000000004E-5    3000                     5.5636939486883736E-5
2.0E-5                   3.5000000000000004E-5    4000                     6.391102378841169E-5
2.0E-5                   3.5000000000000004E-5    5000                     7.10828614050907E-5
2.0E-5                   3.5000000000000004E-5    6000                     7.746105038706099E-5
2.0E-5                   3.5000000000000004E-5    7000                     8.322282412036236E-5
2.0E-5                   3.5000000000000004E-5    8000                     8.848100238848475E-5
2.0E-5                   3.5000000000000004E-5    9000                     9.332286596173305E-5
2.0E-5                   3.5000000000000004E-5    10000                    9.781688014154225E-5
2.0E-5                   3.5000000000000004E-5    20000                    1.2974175835078622E-4
2.0E-5                   3.5000000000000004E-5    30000                    1.4687022725034957E-4
2.0E-5                   3.5000000000000004E-5    40000                    1.558108982194779E-4
2.0E-5                   3.5000000000000004E-5    50000                    1.602620351212098E-4
2.0E-5                   3.5000000000000004E-5    60000                    1.6237417430042404E-4
2.0E-5                   3.5000000000000004E-5    70000                    1.6330516511757324E-4
2.0E-5                   3.5000000000000004E-5    80000                    1.6379373370937038E-4
2.0E-5                   3.5000000000000004E-5    90000                    1.640966480260109E-4
2.0E-5                   3.5000000000000004E-5    100000                   1.6428594698978348E-4
2.0E-5                   3.5000000000000004E-5    110000                   1.643533940984476E-4
2.0E-5                   3.5000000000000004E-5    120000                   1.6441538697484537E-4
2.0E-5                   3.5000000000000004E-5    130000                   1.6444241364361466E-4
2.0E-5                   3.5000000000000004E-5    140000                   1.6446726961935455E-4
2.0E-5                   3.5000000000000004E-5    150000                   1.6447816676665327E-4
2.0E-5                   3.5000000000000004E-5    160000                   1.6448819009517253E-4
2.0E-5                   3.5000000000000004E-5    170000                   1.644925872952154E-4
2.0E-5                   3.5000000000000004E-5    180000                   1.6449663213419487E-4
2.0E-5                   3.5000000000000004E-5    190000                   1.64498407142179E-4
2.0E-5                   3.5000000000000004E-5    200000                   1.645000399544046E-4
5.0E-5                   5.0E-6                   0                        0
5.0E-5                   5.0E-6                   0.1                      0
5.0E-5                   5.0E-6                   0.2                      0
5.0E-5                   5.0E-6                   0.30000000000000004      0
5.0E-5                   5.0E-6                   0.4                      0
5.0E-5                   5.0E-6                   0.5                      0
5.0E-5                   5.0E-6                   0.6000000000000001       0
5.0E-5                   5.0E-6                   0.7000000000000001       0
5.0E-5                   5.0E-6                   0.8                      0
5.0E-5                   5.0E-6                   0.9                      0
5.0E-5                   5.0E-6                   1                        9.590230232392316E-7
5.0E-5                   5.0E-6                   1.1                      1.7960379729812738E-6
5.0E-5                   5.0E-6                   1.2000000000000002       1.8109636260105857E-6
5.0E-5                   5.0E-6                   1.3                      1.8259049459307403E-6
5.0E-5                   5.0E-6                   1.4000000000000001       1.840760872094873E-6
5.0E-5                   5.0E-6                   1.5                      1.8555539862337885E-6
5.0E-5                   5.0E-6                   1.6                      1.8702962866875462E-6
5.0E-5                   5.0E-6                   1.7000000000000002       1.884906856069427E-6
5.0E-5                   5.0E-6                   1.8                      1.8994568694156383E-6
5.0E-5                   5.0E-6                   1.9000000000000001       1.9139620405768665E-6
5.0E-5                   5.0E-6                   2                        1.9284224524578274E-6
5.0E-5                   5.0E-6                   5                        2.3351001745311742E-6
5.0E-5                   5.0E-6                   10                       2.930226012017144E-6
5.0E-5                   5.0E-6                   100                      8.640336969535134E-6
5.0E-5                   5.0E-6                   100                      8.640336969535134E-6
5.0E-5                   5.0E-6                   200                      1.2270821782851625E-5
5.0E-5                   5.0E-6                   300                      1.5041964473703214E-5
5.0E-5                   5.0E-6                   400                      1.7379959329674043E-5
5.0E-5                   5.0E-6                   500                      1.944333473125924E-5
5.0E-5                   5.0E-6                   600                      2.1301945048801227E-5
5.0E-5                   5.0E-6                   700                      2.300740396137038E-5
5.0E-5                   5.0E-6                   800                      2.4593294355270437E-5
5.0E-5                   5.0E-6                   900                      2.608025920877672E-5
5.0E-5                   5.0E-6                   1000                     2.748623856778847E-5
5.0E-5                   5.0E-6                   2000                     3.887610454176833E-5
5.0E-5                   5.0E-6                   3000                     4.762560472307186E-5
5.0E-5                   5.0E-6                   4000                     5.498286095157161E-5
5.0E-5                   5.0E-6                   5000                     6.145874279659061E-5
5.0E-5                   5.0E-6                   6000                     6.733243118976057E-5
5.0E-5                   5.0E-6                   7000                     7.273258965126002E-5
5.0E-5                   5.0E-6                   8000                     7.774567856600948E-5
5.0E-5                   5.0E-6                   9000                     8.244718849600071E-5
5.0E-5                   5.0E-6                   10000                    8.688584136499371E-5
5.0E-5                   5.0E-6                   20000                    1.2146330947872777E-4
5.0E-5                   5.0E-6                   30000                    1.4319188513232847E-4
5.0E-5                   5.0E-6                   40000                    1.562082044059315E-4
5.0E-5                   5.0E-6                   50000                    1.6357366712288753E-4
5.0E-5                   5.0E-6                   60000                    1.6756258122176728E-4
5.0E-5                   5.0E-6                   70000                    1.696574791877467E-4
5.0E-5                   5.0E-6                   80000                    1.7079846409294113E-4
5.0E-5                   5.0E-6                   90000                    1.7143695907821904E-4
5.0E-5                   5.0E-6                   100000                   1.7181612612924627E-4
5.0E-5                   5.0E-6                   110000                   1.7209678385859527E-4
5.0E-5                   5.0E-6                   120000                   1.722741610164041E-4
5.0E-5                   5.0E-6                   130000                   1.7238674454654997E-4
5.0E-5                   5.0E-6                   140000                   1.724423626961008E-4
5.0E-5                   5.0E-6                   150000                   1.724754864162342E-4
5.0E-5                   5.0E-6                   160000                   1.7248153393171548E-4
5.0E-5                   5.0E-6                   170000                   1.7248501716221251E-4
5.0E-5                   5.0E-6                   180000                   1.7247977058977486E-4
5.0E-5                   5.0E-6                   190000                   1.724762960024787E-4
5.0E-5                   5.0E-6                   200000                   1.7247156897907907E-4
5.0E-5                   1.25E-5                  0                        0
5.0E-5                   1.25E-5                  0.1                      0
5.0E-5                   1.25E-5                  0.2                      0
5.0E-5                   1.25E-5                  0.30000000000000004      0
5.0E-5                   1.25E-5                  0.4                      0
5.0E-5                   1.25E-5                  0.5                      0
5.0E-5                   1.25E-5                  0.6000000000000001       0
5.0E-5                   1.25E-5                  0.7000000000000001       0
5.0E-5                   1.25E-5                  0.8                      0
5.0E-5                   1.25E-5                  0.9                      0
5.0E-5                   1.25E-5                  1                        9.617086584520281E-7
5.0E-5                   1.25E-5                  1.1                      1.799440933783914E-6
5.0E-5                   1.25E-5                  1.2000000000000002       1.8148182753865902E-6
5.0E-5                   1.25E-5                  1.3                      1.8300240097824969E-6
5.0E-5                   1.25E-5                  1.4000000000000001       1.8451469864731553E-6
5.0E-5                   1.25E-5                  1.5                      1.8602039794256427E-6
5.0E-5                   1.25E-5                  1.6                      1.8752098568692187E-6
5.0E-5                   1.25E-5                  1.7000000000000002       1.890089141771785E-6
5.0E-5                   1.25E-5                  1.8                      1.9049021947166471E-6
5.0E-5                   1.25E-5                  1.9000000000000001       1.919669970555829E-6
5.0E-5                   1.25E-5                  2                        1.9343925540077435E-6
5.0E-5                   1.25E-5                  5                        2.34869375812966E-6
5.0E-5                   1.25E-5                  10                       2.9551963780983027E-6
5.0E-5                   1.25E-5                  100                      8.752274467905526E-6
5.0E-5                   1.25E-5                  100                      8.752274467905526E-6
5.0E-5                   1.25E-5                  200                      1.242455143861411E-5
5.0E-5                   1.25E-5                  300                      1.5228137360744184E-5
5.0E-5                   1.25E-5                  400                      1.7593817492179994E-5
5.0E-5                   1.25E-5                  500                      1.9671560249135887E-5
5.0E-5                   1.25E-5                  600                      2.1554000222304773E-5
5.0E-5                   1.25E-5                  700                      2.3281451277398018E-5
5.0E-5                   1.25E-5                  800                      2.4887766345669754E-5
5.0E-5                   1.25E-5                  900                      2.639429456450607E-5
5.0E-5                   1.25E-5                  1000                     2.781834012841035E-5
5.0E-5                   1.25E-5                  2000                     3.932879655151574E-5
5.0E-5                   1.25E-5                  3000                     4.814922586947449E-5
5.0E-5                   1.25E-5                  4000                     5.559192944149681E-5
5.0E-5                   1.25E-5                  5000                     6.214127096015502E-5
5.0E-5                   1.25E-5                  6000                     6.806196547674525E-5
5.0E-5                   1.25E-5                  7000                     7.350323660045245E-5
5.0E-5                   1.25E-5                  8000                     7.855592989485735E-5
5.0E-5                   1.25E-5                  9000                     8.328638457858938E-5
5.0E-5                   1.25E-5                  10000                    8.774726965602159E-5
5.0E-5                   1.25E-5                  20000                    1.2171227266739676E-4
5.0E-5                   1.25E-5                  30000                    1.419060185687167E-4
5.0E-5                   1.25E-5                  40000                    1.532586206309829E-4
5.0E-5                   1.25E-5                  50000                    1.5927871586039595E-4
5.0E-5                   1.25E-5                  60000                    1.6234615140461102E-4
5.0E-5                   1.25E-5                  70000                    1.6390426428414395E-4
5.0E-5                   1.25E-5                  80000                    1.6470911154429124E-4
5.0E-5                   1.25E-5                  90000                    1.651682414307658E-4
5.0E-5                   1.25E-5                  100000                   1.654814551818514E-4
5.0E-5                   1.25E-5                  110000                   1.656627081308167E-4
5.0E-5                   1.25E-5                  120000                   1.6576101177180621E-4
5.0E-5                   1.25E-5                  130000                   1.6582129827763843E-4
5.0E-5                   1.25E-5                  140000                   1.6584623265216515E-4
5.0E-5                   1.25E-5                  150000                   1.6585646753162936E-4
5.0E-5                   1.25E-5                  160000                   1.6585205785544135E-4
5.0E-5                   1.25E-5                  170000                   1.658485974284134E-4
5.0E-5                   1.25E-5                  180000                   1.6584201519837267E-4
5.0E-5                   1.25E-5                  190000                   1.6583772265769728E-4
5.0E-5                   1.25E-5                  200000                   1.6583451479076079E-4
5.0E-5                   2.0E-5                   0                        0
5.0E-5                   2.0E-5                   0.1                      0
5.0E-5                   2.0E-5                   0.2                      0
5.0E-5                   2.0E-5                   0.30000000000000004      0
5.0E-5                   2.0E-5                   0.4                      0
5.0E-5                   2.0E-5                   0.5                      0
5.0E-5                   2.0E-5                   0.6000000000000001       0
5.0E-5                   2.0E-5                   0.7000000000000001       0
5.0E-5                   2.0E-5                   0.8                      0
5.0E-5                   2.0E-5                   0.9                      0
5.0E-5                   2.0E-5                   1                        9.866709780866119E-7
5.0E-5                   2.0E-5                   1.1                      1.8365493610121582E-6
5.0E-5                   2.0E-5                   1.2000000000000002       1.8521767664700557E-6
5.0E-5                   2.0E-5                   1.3                      1.867728398666155E-6
5.0E-5                   2.0E-5                   1.4000000000000001       1.8831934477640871E-6
5.0E-5                   2.0E-5                   1.5                      1.8985919991898474E-6
5.0E-5                   2.0E-5                   1.6                      1.913937813239676E-6
5.0E-5                   2.0E-5                   1.7000000000000002       1.9291528081757915E-6
5.0E-5                   2.0E-5                   1.8                      1.94430021639999E-6
5.0E-5                   2.0E-5                   1.9000000000000001       1.9594010168183906E-6
5.0E-5                   2.0E-5                   2                        1.974455297155308E-6
5.0E-5                   2.0E-5                   5                        2.398199075249439E-6
5.0E-5                   2.0E-5                   10                       3.0175344706249915E-6
5.0E-5                   2.0E-5                   100                      8.943430704327662E-6
5.0E-5                   2.0E-5                   100                      8.943430704327662E-6
5.0E-5                   2.0E-5                   200                      1.2698175806472803E-5
5.0E-5                   2.0E-5                   300                      1.5561690410176104E-5
5.0E-5                   2.0E-5                   400                      1.7978743705549956E-5
5.0E-5                   2.0E-5                   500                      2.009925308616229E-5
5.0E-5                   2.0E-5                   600                      2.2021133870165643E-5
5.0E-5                   2.0E-5                   700                      2.3784722068840197E-5
5.0E-5                   2.0E-5                   800                      2.5424180049690454E-5
5.0E-5                   2.0E-5                   900                      2.696159699222379E-5
5.0E-5                   2.0E-5                   1000                     2.841428665605236E-5
5.0E-5                   2.0E-5                   2000                     4.014864146122142E-5
5.0E-5                   2.0E-5                   3000                     4.912896208867236E-5
5.0E-5                   2.0E-5                   4000                     5.670206008393383E-5
5.0E-5                   2.0E-5                   5000                     6.335714656813535E-5
5.0E-5                   2.0E-5                   6000                     6.936521501558682E-5
5.0E-5                   2.0E-5                   7000                     7.487250722881049E-5
5.0E-5                   2.0E-5                   8000                     7.997021885329658E-5
5.0E-5                   2.0E-5                   9000                     8.472073935020054E-5
5.0E-5                   2.0E-5                   10000                    8.91733177235628E-5
5.0E-5                   2.0E-5                   20000                    1.2194890779074169E-4
5.0E-5                   2.0E-5                   30000                    1.401131832402919E-4
5.0E-5                   2.0E-5                   40000                    1.496993391952322E-4
5.0E-5                   2.0E-5                   50000                    1.545092877336099E-4
5.0E-5                   2.0E-5                   60000                    1.5683607393082093E-4
5.0E-5                   2.0E-5                   70000                    1.5787092897163107E-4
5.0E-5                   2.0E-5                   80000                    1.5841141206672345E-4
5.0E-5                   2.0E-5                   90000                    1.5872640570935645E-4
5.0E-5                   2.0E-5                   100000                   1.5894858401385814E-4
5.0E-5                   2.0E-5                   110000                   1.5902736591926874E-4
5.0E-5                   2.0E-5                   120000                   1.590956172590614E-4
5.0E-5                   2.0E-5                   130000                   1.591273720661928E-4
5.0E-5                   2.0E-5                   140000                   1.5915501365154307E-4
5.0E-5                   2.0E-5                   150000                   1.5916793007751597E-4
5.0E-5                   2.0E-5                   160000                   1.5917918761536155E-4
5.0E-5                   2.0E-5                   170000                   1.5918445084048028E-4
5.0E-5                   2.0E-5                   180000                   1.5918903887897297E-4
5.0E-5                   2.0E-5                   190000                   1.5919118447940852E-4
5.0E-5                   2.0E-5                   200000                   1.591930549876356E-4
5.0E-5                   2.75E-5                  0                        0
5.0E-5                   2.75E-5                  0.1                      0
5.0E-5                   2.75E-5                  0.2                      0
5.0E-5                   2.75E-5                  0.30000000000000004      0
5.0E-5                   2.75E-5                  0.4                      0
5.0E-5                   2.75E-5                  0.5                      0
5.0E-5                   2.75E-5                  0.6000000000000001       0
5.0E-5                   2.75E-5                  0.7000000000000001       0
5.0E-5                   2.75E-5                  0.8                      0
5.0E-5                   2.75E-5                  0.9                      0
5.0E-5                   2.75E-5                  1                        1.014435109493557E-6
5.0E-5                   2.75E-5                  1.1                      1.8863808541565658E-6
5.0E-5                   2.75E-5                  1.2000000000000002       1.9024498727742394E-6
5.0E-5                   2.75E-5                  1.3                      1.918440968116302E-6
5.0E-5                   2.75E-5                  1.4000000000000001       1.934346006806352E-6
5.0E-5                   2.75E-5                  1.5                      1.9501829572364673E-6
5.0E-5                   2.75E-5                  1.6                      1.965966402808725E-6
5.0E-5                   2.75E-5                  1.7000000000000002       1.9816161352721542E-6
5.0E-5                   2.75E-5                  1.8                      1.9972008835070556E-6
5.0E-5                   2.75E-5                  1.9000000000000001       2.012738156773673E-6
5.0E-5                   2.75E-5                  2                        2.0282280439155483E-6
5.0E-5                   2.75E-5                  5                        2.4646226478948765E-6
5.0E-5                   2.75E-5                  10                       3.103135527407755E-6
5.0E-5                   2.75E-5                  100                      9.218953506377191E-6
5.0E-5                   2.75E-5                  100                      9.218953506377191E-6
5.0E-5                   2.75E-5                  200                      1.3084893837420641E-5
5.0E-5                   2.75E-5                  300                      1.603241819942869E-5
5.0E-5                   2.75E-5                  400                      1.8518978042772656E-5
5.0E-5                   2.75E-5                  500                      2.0700784493904698E-5
5.0E-5                   2.75E-5                  600                      2.267732219708146E-5
5.0E-5                   2.75E-5                  700                      2.4490490088628938E-5
5.0E-5                   2.75E-5                  800                      2.617578582521523E-5
5.0E-5                   2.75E-5                  900                      2.7755808002176686E-5
5.0E-5                   2.75E-5                  1000                     2.9248682372939487E-5
5.0E-5                   2.75E-5                  2000                     4.130003040317874E-5
5.0E-5                   2.75E-5                  3000                     5.051100377962376E-5
5.0E-5                   2.75E-5                  4000                     5.825580831249681E-5
5.0E-5                   2.75E-5                  5000                     6.503875669328392E-5
5.0E-5                   2.75E-5                  6000                     7.112395495033627E-5
5.0E-5                   2.75E-5                  7000                     7.665761785570497E-5
5.0E-5                   2.75E-5                  8000                     8.173160406745688E-5
5.0E-5                   2.75E-5                  9000                     8.641647852312317E-5
5.0E-5                   2.75E-5                  10000                    9.07689541712442E-5
5.0E-5                   2.75E-5                  20000                    1.2139694926643926E-4
5.0E-5                   2.75E-5                  30000                    1.372819649816917E-4
5.0E-5                   2.75E-5                  40000                    1.4527147217278938E-4
5.0E-5                   2.75E-5                  50000                    1.4911393005282822E-4
5.0E-5                   2.75E-5                  60000                    1.508708993386934E-4
5.0E-5                   2.75E-5                  70000                    1.5174624202123283E-4
5.0E-5                   2.75E-5                  80000                    1.52224823642983E-4
5.0E-5                   2.75E-5                  90000                    1.524459596239892E-4
5.0E-5                   2.75E-5                  100000                   1.5254282630246333E-4
5.0E-5                   2.75E-5                  110000                   1.526002525878224E-4
5.0E-5                   2.75E-5                  120000                   1.5260187654624342E-4
5.0E-5                   2.75E-5                  130000                   1.5258827783094485E-4
5.0E-5                   2.75E-5                  140000                   1.525780693936044E-4
5.0E-5                   2.75E-5                  150000                   1.5257271885085345E-4
5.0E-5                   2.75E-5                  160000                   1.5256870568509487E-4
5.0E-5                   2.75E-5                  170000                   1.5256660850306044E-4
5.0E-5                   2.75E-5                  180000                   1.5256503462808858E-4
5.0E-5                   2.75E-5                  190000                   1.5256421041528117E-4
5.0E-5                   2.75E-5                  200000                   1.5256359218285466E-4
5.0E-5                   3.5000000000000004E-5    0                        0
5.0E-5                   3.5000000000000004E-5    0.1                      0
5.0E-5                   3.5000000000000004E-5    0.2                      0
5.0E-5                   3.5000000000000004E-5    0.30000000000000004      0
5.0E-5                   3.5000000000000004E-5    0.4                      0
5.0E-5                   3.5000000000000004E-5    0.5                      0
5.0E-5                   3.5000000000000004E-5    0.6000000000000001       0
5.0E-5                   3.5000000000000004E-5    0.7000000000000001       0
5.0E-5                   3.5000000000000004E-5    0.8                      0
5.0E-5                   3.5000000000000004E-5    0.9                      0
5.0E-5                   3.5000000000000004E-5    1                        1.0662513199651244E-6
5.0E-5                   3.5000000000000004E-5    1.1                      1.983429424057321E-6
5.0E-5                   3.5000000000000004E-5    1.2000000000000002       2.0000147489710848E-6
5.0E-5                   3.5000000000000004E-5    1.3                      2.0165201425417056E-6
5.0E-5                   3.5000000000000004E-5    1.4000000000000001       2.0329341647696462E-6
5.0E-5                   3.5000000000000004E-5    1.5                      2.049279894377723E-6
5.0E-5                   3.5000000000000004E-5    1.6                      2.0655699092874196E-6
5.0E-5                   3.5000000000000004E-5    1.7000000000000002       2.0817131211602857E-6
5.0E-5                   3.5000000000000004E-5    1.8                      2.0977983802005123E-6
5.0E-5                   3.5000000000000004E-5    1.9000000000000001       2.113834211252102E-6
5.0E-5                   3.5000000000000004E-5    2                        2.1298207046458762E-6
5.0E-5                   3.5000000000000004E-5    5                        2.5800019913756972E-6
5.0E-5                   3.5000000000000004E-5    10                       3.23837564357745E-6
5.0E-5                   3.5000000000000004E-5    100                      9.557842090874796E-6
5.0E-5                   3.5000000000000004E-5    100                      9.557842090874796E-6
5.0E-5                   3.5000000000000004E-5    200                      1.355929009878709E-5
5.0E-5                   3.5000000000000004E-5    300                      1.662886581076136E-5
5.0E-5                   3.5000000000000004E-5    400                      1.91945985457307E-5
5.0E-5                   3.5000000000000004E-5    500                      2.1449685775546404E-5
5.0E-5                   3.5000000000000004E-5    600                      2.349202280722404E-5
5.0E-5                   3.5000000000000004E-5    700                      2.5368749740280257E-5
5.0E-5                   3.5000000000000004E-5    800                      2.71134601263251E-5
5.0E-5                   3.5000000000000004E-5    900                      2.874932550085711E-5
5.0E-5                   3.5000000000000004E-5    1000                     3.0294958126396366E-5
5.0E-5                   3.5000000000000004E-5    2000                     4.274437926405274E-5
5.0E-5                   3.5000000000000004E-5    3000                     5.2193898977928936E-5
5.0E-5                   3.5000000000000004E-5    4000                     6.003208243855256E-5
5.0E-5                   3.5000000000000004E-5    5000                     6.680525918183826E-5
5.0E-5                   3.5000000000000004E-5    6000                     7.278047285319061E-5
5.0E-5                   3.5000000000000004E-5    7000                     7.812868393925654E-5
5.0E-5                   3.5000000000000004E-5    8000                     8.297051948324645E-5
5.0E-5                   3.5000000000000004E-5    9000                     8.7397417620439E-5
5.0E-5                   3.5000000000000004E-5    10000                    9.14678276185567E-5
5.0E-5                   3.5000000000000004E-5    20000                    1.1926523875742365E-4
5.0E-5                   3.5000000000000004E-5    30000                    1.3323076105408233E-4
5.0E-5                   3.5000000000000004E-5    40000                    1.4006644977445214E-4
5.0E-5                   3.5000000000000004E-5    50000                    1.4321966266875636E-4
5.0E-5                   3.5000000000000004E-5    60000                    1.4459589344961295E-4
5.0E-5                   3.5000000000000004E-5    70000                    1.4523964818089028E-4
5.0E-5                   3.5000000000000004E-5    80000                    1.4557130288420447E-4
5.0E-5                   3.5000000000000004E-5    90000                    1.4576574038415905E-4
5.0E-5                   3.5000000000000004E-5    100000                   1.4588057192105916E-4
5.0E-5                   3.5000000000000004E-5    110000                   1.459281966261174E-4
5.0E-5                   3.5000000000000004E-5    120000                   1.4595549997819873E-4
5.0E-5                   3.5000000000000004E-5    130000                   1.459531862992671E-4
5.0E-5                   3.5000000000000004E-5    140000                   1.459527128023395E-4
5.0E-5                   3.5000000000000004E-5    150000                   1.4594478909503626E-4
5.0E-5                   3.5000000000000004E-5    160000                   1.459397224726941E-4
5.0E-5                   3.5000000000000004E-5    170000                   1.4593534283655545E-4
5.0E-5                   3.5000000000000004E-5    180000                   1.4593340477015834E-4
5.0E-5                   3.5000000000000004E-5    190000                   1.459317299273208E-4
5.0E-5                   3.5000000000000004E-5    200000                   1.4593099044337833E-4
8.0E-5                   5.0E-6                   0                        0
8.0E-5                   5.0E-6                   0.1                      0
8.0E-5                   5.0E-6                   0.2                      0
8.0E-5                   5.0E-6                   0.30000000000000004      0
8.0E-5                   5.0E-6                   0.4                      0
8.0E-5                   5.0E-6                   0.5                      0
8.0E-5                   5.0E-6                   0.6000000000000001       0
8.0E-5                   5.0E-6                   0.7000000000000001       0
8.0E-5                   5.0E-6                   0.8                      0
8.0E-5                   5.0E-6                   0.9                      0
8.0E-5                   5.0E-6                   1                        9.474255529527562E-7
8.0E-5                   5.0E-6                   1.1                      1.7730623726879126E-6
8.0E-5                   5.0E-6                   1.2000000000000002       1.7883363585880338E-6
8.0E-5                   5.0E-6                   1.3                      1.8034380924102433E-6
8.0E-5                   5.0E-6                   1.4000000000000001       1.8184555969607434E-6
8.0E-5                   5.0E-6                   1.5                      1.8334056328129812E-6
8.0E-5                   5.0E-6                   1.6                      1.848303683730286E-6
8.0E-5                   5.0E-6                   1.7000000000000002       1.863073315581941E-6
8.0E-5                   5.0E-6                   1.8                      1.8777745255390103E-6
8.0E-5                   5.0E-6                   1.9000000000000001       1.892429832767292E-6
8.0E-5                   5.0E-6                   2                        1.9070393260123077E-6
8.0E-5                   5.0E-6                   5                        2.317557289297821E-6
8.0E-5                   5.0E-6                   10                       2.917072386938252E-6
8.0E-5                   5.0E-6                   100                      8.632747041844484E-6
8.0E-5                   5.0E-6                   100                      8.632747041844484E-6
8.0E-5                   5.0E-6                   200                      1.2259962184450539E-5
8.0E-5                   5.0E-6                   300                      1.5028796334605444E-5
8.0E-5                   5.0E-6                   400                      1.7365238670212477E-5
8.0E-5                   5.0E-6                   500                      1.942699162412033E-5
8.0E-5                   5.0E-6                   600                      2.1283754946514814E-5
8.0E-5                   5.0E-6                   700                      2.2987689852602717E-5
8.0E-5                   5.0E-6                   800                      2.4571934722644445E-5
8.0E-5                   5.0E-6                   900                      2.6057629553709414E-5
8.0E-5                   5.0E-6                   1000                     2.746261437589691E-5
8.0E-5                   5.0E-6                   2000                     3.884591060160652E-5
8.0E-5                   5.0E-6                   3000                     4.759016596922843E-5
8.0E-5                   5.0E-6                   4000                     5.4942766182472336E-5
8.0E-5                   5.0E-6                   5000                     6.141683433154242E-5
8.0E-5                   5.0E-6                   6000                     6.728890145074234E-5
8.0E-5                   5.0E-6                   7000                     7.26856803565543E-5
8.0E-5                   5.0E-6                   8000                     7.769593578251686E-5
8.0E-5                   5.0E-6                   9000                     8.239418247379135E-5
8.0E-5                   5.0E-6                   10000                    8.682903032463558E-5
8.0E-5                   5.0E-6                   20000                    1.2120956366507342E-4
8.0E-5                   5.0E-6                   30000                    1.4245951450607923E-4
8.0E-5                   5.0E-6                   40000                    1.549293973040362E-4
8.0E-5                   5.0E-6                   50000                    1.618285318324538E-4
8.0E-5                   5.0E-6                   60000                    1.6547128979193696E-4
8.0E-5                   5.0E-6                   70000                    1.6733262211662784E-4
8.0E-5                   5.0E-6                   80000                    1.6833739288598355E-4
8.0E-5                   5.0E-6                   90000                    1.689146552691098E-4
8.0E-5                   5.0E-6                   100000                   1.6924809661867524E-4
8.0E-5                   5.0E-6                   110000                   1.6949907104580188E-4
8.0E-5                   5.0E-6                   120000                   1.6965740567317987E-4
8.0E-5                   5.0E-6                   130000                   1.6975266273907628E-4
8.0E-5                   5.0E-6                   140000                   1.6980077840604216E-4
8.0E-5                   5.0E-6                   150000                   1.6982546738613413E-4
8.0E-5                   5.0E-6                   160000                   1.6982977722650153E-4
8.0E-5                   5.0E-6                   170000                   1.6983043157311982E-4
8.0E-5                   5.0E-6                   180000                   1.6982526269975176E-4
8.0E-5                   5.0E-6                   190000                   1.6982131832667203E-4
8.0E-5                   5.0E-6                   200000                   1.6981713809628457E-4
8.0E-5                   1.25E-5                  0                        0
8.0E-5                   1.25E-5                  0.1                      0
8.0E-5                   1.25E-5                  0.2                      0
8.0E-5                   1.25E-5                  0.30000000000000004      0
8.0E-5                   1.25E-5                  0.4                      0
8.0E-5                   1.25E-5                  0.5                      0
8.0E-5                   1.25E-5                  0.6000000000000001       0
8.0E-5                   1.25E-5                  0.7000000000000001       0
8.0E-5                   1.25E-5                  0.8                      0
8.0E-5                   1.25E-5                  0.9                      0
8.0E-5                   1.25E-5                  1                        9.465214051611383E-7
8.0E-5                   1.25E-5                  1.1                      1.7621018803992681E-6
8.0E-5                   1.25E-5                  1.2000000000000002       1.7774324349230584E-6
8.0E-5                   1.25E-5                  1.3                      1.7926878471174007E-6
8.0E-5                   1.25E-5                  1.4000000000000001       1.8078576556763284E-6
8.0E-5                   1.25E-5                  1.5                      1.8229613799866421E-6
8.0E-5                   1.25E-5                  1.6                      1.8380128983518075E-6
8.0E-5                   1.25E-5                  1.7000000000000002       1.8529354472496312E-6
8.0E-5                   1.25E-5                  1.8                      1.8677901601030592E-6
8.0E-5                   1.25E-5                  1.9000000000000001       1.8825987629962776E-6
8.0E-5                   1.25E-5                  2                        1.8973613438090887E-6
8.0E-5                   1.25E-5                  5                        2.312629400107513E-6
8.0E-5                   1.25E-5                  10                       2.9188506328352043E-6
8.0E-5                   1.25E-5                  100                      8.69870757545666E-6
8.0E-5                   1.25E-5                  100                      8.69870757545666E-6
8.0E-5                   1.25E-5                  200                      1.2355035553992055E-5
8.0E-5                   1.25E-5                  300                      1.5145155683226452E-5
8.0E-5                   1.25E-5                  400                      1.7498770006186943E-5
8.0E-5                   1.25E-5                  500                      1.957637997455521E-5
8.0E-5                   1.25E-5                  600                      2.1449208326719686E-5
8.0E-5                   1.25E-5                  700                      2.316704960575187E-5
8.0E-5                   1.25E-5                  800                      2.476426377267858E-5
8.0E-5                   1.25E-5                  900                      2.626261960921268E-5
8.0E-5                   1.25E-5                  1000                     2.7679267210246663E-5
8.0E-5                   1.25E-5                  2000                     3.9147432868267675E-5
8.0E-5                   1.25E-5                  3000                     4.792473138422192E-5
8.0E-5                   1.25E-5                  4000                     5.5345227846973655E-5
8.0E-5                   1.25E-5                  5000                     6.187488370233818E-5
8.0E-5                   1.25E-5                  6000                     6.777634773723417E-5
8.0E-5                   1.25E-5                  7000                     7.32017112918481E-5
8.0E-5                   1.25E-5                  8000                     7.824235653324362E-5
8.0E-5                   1.25E-5                  9000                     8.295602311850533E-5
8.0E-5                   1.25E-5                  10000                    8.738727713058199E-5
8.0E-5                   1.25E-5                  20000                    1.205641004552934E-4
8.0E-5                   1.25E-5                  30000                    1.3942637801523945E-4
8.0E-5                   1.25E-5                  40000                    1.4957596899351703E-4
8.0E-5                   1.25E-5                  50000                    1.5461015532611093E-4
8.0E-5                   1.25E-5                  60000                    1.569069223952669E-4
8.0E-5                   1.25E-5                  70000                    1.5788082317406448E-4
8.0E-5                   1.25E-5                  80000                    1.584485874232108E-4
8.0E-5                   1.25E-5                  90000                    1.5895867960890754E-4
8.0E-5                   1.25E-5                  100000                   1.593205583304116E-4
8.0E-5                   1.25E-5                  110000                   1.594436603055521E-4
8.0E-5                   1.25E-5                  120000                   1.5938504363906218E-4
8.0E-5                   1.25E-5                  130000                   1.5936360660576734E-4
8.0E-5                   1.25E-5                  140000                   1.593061428122731E-4
8.0E-5                   1.25E-5                  150000                   1.5927160926967494E-4
8.0E-5                   1.25E-5                  160000                   1.5924062040059632E-4
8.0E-5                   1.25E-5                  170000                   1.5922660313697572E-4
8.0E-5                   1.25E-5                  180000                   1.5921402498780653E-4
8.0E-5                   1.25E-5                  190000                   1.5920832967379546E-4
8.0E-5                   1.25E-5                  200000                   1.5920321895483106E-4
8.0E-5                   2.0E-5                   0                        0
8.0E-5                   2.0E-5                   0.1                      0
8.0E-5                   2.0E-5                   0.2                      0
8.0E-5                   2.0E-5                   0.30000000000000004      0
8.0E-5                   2.0E-5                   0.4                      0
8.0E-5                   2.0E-5                   0.5                      0
8.0E-5                   2.0E-5                   0.6000000000000001       0
8.0E-5                   2.0E-5                   0.7000000000000001       0
8.0E-5                   2.0E-5                   0.8                      0
8.0E-5                   2.0E-5                   0.9                      0
8.0E-5                   2.0E-5                   1                        9.577312969711218E-7
8.0E-5                   2.0E-5                   1.1                      1.7817976213484035E-6
8.0E-5                   2.0E-5                   1.2000000000000002       1.7975013047437161E-6
8.0E-5                   2.0E-5                   1.3                      1.8131244661791357E-6
8.0E-5                   2.0E-5                   1.4000000000000001       1.828658697292762E-6
8.0E-5                   2.0E-5                   1.5                      1.844122797915772E-6
8.0E-5                   2.0E-5                   1.6                      1.8595321029846903E-6
8.0E-5                   2.0E-5                   1.7000000000000002       1.8748029081494564E-6
8.0E-5                   2.0E-5                   1.8                      1.8900068345230673E-6
8.0E-5                   2.0E-5                   1.9000000000000001       1.905162420451797E-6
8.0E-5                   2.0E-5                   2                        1.9202697595924815E-6
8.0E-5                   2.0E-5                   5                        2.344606798605206E-6
8.0E-5                   2.0E-5                   10                       2.962300546930879E-6
8.0E-5                   2.0E-5                   100                      8.827118438837012E-6
8.0E-5                   2.0E-5                   100                      8.827118438837012E-6
8.0E-5                   2.0E-5                   200                      1.2533691331506771E-5
8.0E-5                   2.0E-5                   300                      1.5363870269557673E-5
8.0E-5                   2.0E-5                   400                      1.7750966853751155E-5
8.0E-5                   2.0E-5                   500                      1.9848451090517096E-5
8.0E-5                   2.0E-5                   600                      2.1747987684448158E-5
8.0E-5                   2.0E-5                   700                      2.349107595078159E-5
8.0E-5                   2.0E-5                   800                      2.511200065499916E-5
8.0E-5                   2.0E-5                   900                      2.663233629742067E-5
8.0E-5                   2.0E-5                   1000                     2.806937479683766E-5
8.0E-5                   2.0E-5                   2000                     3.9687008404215286E-5
8.0E-5                   2.0E-5                   3000                     4.859060274068606E-5
8.0E-5                   2.0E-5                   4000                     5.60975066339511E-5
8.0E-5                   2.0E-5                   5000                     6.270220323590758E-5
8.0E-5                   2.0E-5                   6000                     6.866233121890231E-5
8.0E-5                   2.0E-5                   7000                     7.411704262756842E-5
8.0E-5                   2.0E-5                   8000                     7.914963510891289E-5
8.0E-5                   2.0E-5                   9000                     8.382427173247123E-5
8.0E-5                   2.0E-5                   10000                    8.819068628871896E-5
8.0E-5                   2.0E-5                   20000                    1.19117427515086E-4
8.0E-5                   2.0E-5                   30000                    1.347742439940589E-4
8.0E-5                   2.0E-5                   40000                    1.422725301234177E-4
8.0E-5                   2.0E-5                   50000                    1.4570865299588624E-4
8.0E-5                   2.0E-5                   60000                    1.4729248813949444E-4
8.0E-5                   2.0E-5                   70000                    1.4803812629369362E-4
8.0E-5                   2.0E-5                   80000                    1.4837058934804348E-4
8.0E-5                   2.0E-5                   90000                    1.4849433495397462E-4
8.0E-5                   2.0E-5                   100000                   1.4854307086244726E-4
8.0E-5                   2.0E-5                   110000                   1.4855677830629888E-4
8.0E-5                   2.0E-5                   120000                   1.4856773480173959E-4
8.0E-5                   2.0E-5                   130000                   1.485729095540297E-4
8.0E-5                   2.0E-5                   140000                   1.4857704983901288E-4
8.0E-5                   2.0E-5                   150000                   1.4857901545893082E-4
8.0E-5                   2.0E-5                   160000                   1.4858058864335145E-4
8.0E-5                   2.0E-5                   170000                   1.485813367746389E-4
8.0E-5                   2.0E-5                   180000                   1.4858193565710535E-4
8.0E-5                   2.0E-5                   190000                   1.485822207495405E-4
8.0E-5                   2.0E-5                   200000                   1.4858244899365825E-4
8.0E-5                   2.75E-5                  0                        0
8.0E-5                   2.75E-5                  0.1                      0
8.0E-5                   2.75E-5                  0.2                      0
8.0E-5                   2.75E-5                  0.30000000000000004      0
8.0E-5                   2.75E-5                  0.4                      0
8.0E-5                   2.75E-5                  0.5                      0
8.0E-5                   2.75E-5                  0.6000000000000001       0
8.0E-5                   2.75E-5                  0.7000000000000001       0
8.0E-5                   2.75E-5                  0.8                      0
8.0E-5                   2.75E-5                  0.9                      0
8.0E-5                   2.75E-5                  1                        9.788311204679214E-7
8.0E-5                   2.75E-5                  1.1                      1.8215957198208174E-6
8.0E-5                   2.75E-5                  1.2000000000000002       1.83748833012137E-6
8.0E-5                   2.75E-5                  1.3                      1.853304226187856E-6
8.0E-5                   2.75E-5                  1.4000000000000001       1.8690298006296779E-6
8.0E-5                   2.75E-5                  1.5                      1.884691083079028E-6
8.0E-5                   2.75E-5                  1.6                      1.9002980870847774E-6
8.0E-5                   2.75E-5                  1.7000000000000002       1.915756003919857E-6
8.0E-5                   2.75E-5                  1.8                      1.931165590870174E-6
8.0E-5                   2.75E-5                  1.9000000000000001       1.9465270031108666E-6
8.0E-5                   2.75E-5                  2                        1.9618403324604155E-6
8.0E-5                   2.75E-5                  5                        2.392542785711939E-6
8.0E-5                   2.75E-5                  10                       3.021303139489496E-6
8.0E-5                   2.75E-5                  100                      9.01004443231936E-6
8.0E-5                   2.75E-5                  100                      9.01004443231936E-6
8.0E-5                   2.75E-5                  200                      1.2791765005852748E-5
8.0E-5                   2.75E-5                  300                      1.5678745859212443E-5
8.0E-5                   2.75E-5                  400                      1.811252129894429E-5
8.0E-5                   2.75E-5                  500                      2.0251720108876896E-5
8.0E-5                   2.75E-5                  600                      2.2188195656323413E-5
8.0E-5                   2.75E-5                  700                      2.396505505650076E-5
8.0E-5                   2.75E-5                  800                      2.561736975065872E-5
8.0E-5                   2.75E-5                  900                      2.716709991669966E-5
8.0E-5                   2.75E-5                  1000                     2.863172981931784E-5
8.0E-5                   2.75E-5                  2000                     4.046795964662081E-5
8.0E-5                   2.75E-5                  3000                     4.953083853771162E-5
8.0E-5                   2.75E-5                  4000                     5.714913134141138E-5
8.0E-5                   2.75E-5                  5000                     6.381067602359679E-5
8.0E-5                   2.75E-5                  6000                     6.976390508863138E-5
8.0E-5                   2.75E-5                  7000                     7.514258892461674E-5
8.0E-5                   2.75E-5                  8000                     8.003535682882854E-5
8.0E-5                   2.75E-5                  9000                     8.451172670858376E-5
8.0E-5                   2.75E-5                  10000                    8.862565974781508E-5
8.0E-5                   2.75E-5                  20000                    1.1592778930318905E-4
8.0E-5                   2.75E-5                  30000                    1.2835633249746743E-4
8.0E-5                   2.75E-5                  40000                    1.338718049880667E-4
8.0E-5                   2.75E-5                  50000                    1.3623030797406754E-4
8.0E-5                   2.75E-5                  60000                    1.3718686532068018E-4
8.0E-5                   2.75E-5                  70000                    1.3763471292009243E-4
8.0E-5                   2.75E-5                  80000                    1.3779160641188312E-4
8.0E-5                   2.75E-5                  90000                    1.3787106015061417E-4
8.0E-5                   2.75E-5                  100000                   1.3790522106804374E-4
8.0E-5                   2.75E-5                  110000                   1.379340973033635E-4
8.0E-5                   2.75E-5                  120000                   1.37946416322749E-4
8.0E-5                   2.75E-5                  130000                   1.3795683380341494E-4
8.0E-5                   2.75E-5                  140000                   1.3796128768119706E-4
8.0E-5                   2.75E-5                  150000                   1.3796505432720564E-4
8.0E-5                   2.75E-5                  160000                   1.3796666490191535E-4
8.0E-5                   2.75E-5                  170000                   1.3796802699290566E-4
8.0E-5                   2.75E-5                  180000                   1.3796860940771695E-4
8.0E-5                   2.75E-5                  190000                   1.379691019682793E-4
8.0E-5                   2.75E-5                  200000                   1.3796931257673906E-4
8.0E-5                   3.5000000000000004E-5    0                        0
8.0E-5                   3.5000000000000004E-5    0.1                      0
8.0E-5                   3.5000000000000004E-5    0.2                      0
8.0E-5                   3.5000000000000004E-5    0.30000000000000004      0
8.0E-5                   3.5000000000000004E-5    0.4                      0
8.0E-5                   3.5000000000000004E-5    0.5                      0
8.0E-5                   3.5000000000000004E-5    0.6000000000000001       0
8.0E-5                   3.5000000000000004E-5    0.7000000000000001       0
8.0E-5                   3.5000000000000004E-5    0.8                      0
8.0E-5                   3.5000000000000004E-5    0.9                      0
8.0E-5                   3.5000000000000004E-5    1                        1.0304776679760487E-6
8.0E-5                   3.5000000000000004E-5    1.1                      1.9181389547086773E-6
8.0E-5                   3.5000000000000004E-5    1.2000000000000002       1.9342331612882656E-6
8.0E-5                   3.5000000000000004E-5    1.3                      1.950251423355048E-6
8.0E-5                   3.5000000000000004E-5    1.4000000000000001       1.9661755532735002E-6
8.0E-5                   3.5000000000000004E-5    1.5                      1.982038318345247E-6
8.0E-5                   3.5000000000000004E-5    1.6                      1.997831996304732E-6
8.0E-5                   3.5000000000000004E-5    1.7000000000000002       2.0134916429871795E-6
8.0E-5                   3.5000000000000004E-5    1.8                      2.029102286954728E-6
8.0E-5                   3.5000000000000004E-5    1.9000000000000001       2.0446640228936767E-6
8.0E-5                   3.5000000000000004E-5    2                        2.0601769448024235E-6
8.0E-5                   3.5000000000000004E-5    5                        2.4963623585962256E-6
8.0E-5                   3.5000000000000004E-5    10                       3.133648892976399E-6
8.0E-5                   3.5000000000000004E-5    100                      9.240945266766359E-6
8.0E-5                   3.5000000000000004E-5    100                      9.240945266766359E-6
8.0E-5                   3.5000000000000004E-5    200                      1.3119179114394075E-5
8.0E-5                   3.5000000000000004E-5    300                      1.6092297350655875E-5
8.0E-5                   3.5000000000000004E-5    400                      1.8580139065044533E-5
8.0E-5                   3.5000000000000004E-5    500                      2.0770073918920826E-5
8.0E-5                   3.5000000000000004E-5    600                      2.275233738587234E-5
8.0E-5                   3.5000000000000004E-5    700                      2.4574898953343682E-5
8.0E-5                   3.5000000000000004E-5    800                      2.6269308032401383E-5
8.0E-5                   3.5000000000000004E-5    900                      2.7858916051178153E-5
8.0E-5                   3.5000000000000004E-5    1000                     2.9361750034341854E-5
8.0E-5                   3.5000000000000004E-5    2000                     4.147321979107594E-5
8.0E-5                   3.5000000000000004E-5    3000                     5.0648059638742675E-5
8.0E-5                   3.5000000000000004E-5    4000                     5.8206001662005865E-5
8.0E-5                   3.5000000000000004E-5    5000                     6.466190405471656E-5
8.0E-5                   3.5000000000000004E-5    6000                     7.028401758742854E-5
8.0E-5                   3.5000000000000004E-5    7000                     7.524553712837486E-5
8.0E-5                   3.5000000000000004E-5    8000                     7.967356839311996E-5
8.0E-5                   3.5000000000000004E-5    9000                     8.366205099473288E-5
8.0E-5                   3.5000000000000004E-5    10000                    8.727576324249105E-5
8.0E-5                   3.5000000000000004E-5    20000                    1.1029725495155185E-4
8.0E-5                   3.5000000000000004E-5    30000                    1.2033635399136562E-4
8.0E-5                   3.5000000000000004E-5    40000                    1.2455963624853847E-4
8.0E-5                   3.5000000000000004E-5    50000                    1.2618986737241968E-4
8.0E-5                   3.5000000000000004E-5    60000                    1.2679563981881376E-4
8.0E-5                   3.5000000000000004E-5    70000                    1.2706893889060102E-4
8.0E-5                   3.5000000000000004E-5    80000                    1.27221842727567E-4
8.0E-5                   3.5000000000000004E-5    90000                    1.272730053739366E-4
8.0E-5                   3.5000000000000004E-5    100000                   1.273107585689461E-4
8.0E-5                   3.5000000000000004E-5    110000                   1.2732965104154508E-4
8.0E-5                   3.5000000000000004E-5    120000                   1.27340774663911E-4
8.0E-5                   3.5000000000000004E-5    130000                   1.2734733672274288E-4
8.0E-5                   3.5000000000000004E-5    140000                   1.273511421216559E-4
8.0E-5                   3.5000000000000004E-5    150000                   1.2735332868267228E-4
8.0E-5                   3.5000000000000004E-5    160000                   1.2735464321520347E-4
8.0E-5                   3.5000000000000004E-5    170000                   1.2735544562547467E-4
8.0E-5                   3.5000000000000004E-5    180000                   1.273559258190858E-4
8.0E-5                   3.5000000000000004E-5    190000                   1.2735621677919065E-4
8.0E-5                   3.5000000000000004E-5    200000                   1.273563909914686E-4
