% Model:              C52_3D_base_unit_cell_recesses(edges)_v2.mph
% Version:            COMSOL 5.2.0.220
% Date:               Jul 27 2026, 16:59
% Table:              Table 1 - Global Evaluation 1 (n_CO2_film)
% R_texture (m)          H_texture (m)            t (s)                    Total moles of CO2 captured per unit cell (mol)
5.0E-6                   5.0E-6                   0                        0
5.0E-6                   5.0E-6                   0.1                      0
5.0E-6                   5.0E-6                   0.2                      0
5.0E-6                   5.0E-6                   0.30000000000000004      0
5.0E-6                   5.0E-6                   0.4                      0
5.0E-6                   5.0E-6                   0.5                      0
5.0E-6                   5.0E-6                   0.6000000000000001       0
5.0E-6                   5.0E-6                   0.7000000000000001       0
5.0E-6                   5.0E-6                   0.8                      0
5.0E-6                   5.0E-6                   0.9                      0
5.0E-6                   5.0E-6                   1                        1.025424306210099E-6
5.0E-6                   5.0E-6                   1.1                      1.917344470189695E-6
5.0E-6                   5.0E-6                   1.2000000000000002       1.9329026635929296E-6
5.0E-6                   5.0E-6                   1.3                      1.9482822451660662E-6
5.0E-6                   5.0E-6                   1.4000000000000001       1.9635799253692806E-6
5.0E-6                   5.0E-6                   1.5                      1.978811289343363E-6
5.0E-6                   5.0E-6                   1.6                      1.9939914973056157E-6
5.0E-6                   5.0E-6                   1.7000000000000002       2.009047990010552E-6
5.0E-6                   5.0E-6                   1.8                      2.0240363758461837E-6
5.0E-6                   5.0E-6                   1.9000000000000001       2.038979426900809E-6
5.0E-6                   5.0E-6                   2                        2.053877229840376E-6
5.0E-6                   5.0E-6                   5                        2.4735166188738107E-6
5.0E-6                   5.0E-6                   10                       3.0888256415794837E-6
5.0E-6                   5.0E-6                   100                      8.9701543511653E-6
5.0E-6                   5.0E-6                   100                      8.9701543511653E-6
5.0E-6                   5.0E-6                   200                      1.2673205198818787E-5
5.0E-6                   5.0E-6                   300                      1.548775978912954E-5
5.0E-6                   5.0E-6                   400                      1.785679007413662E-5
5.0E-6                   5.0E-6                   500                      1.994449602101929E-5
5.0E-6                   5.0E-6                   600                      2.1823160844954205E-5
5.0E-6                   5.0E-6                   700                      2.3545208335598267E-5
5.0E-6                   5.0E-6                   800                      2.5145455144650295E-5
5.0E-6                   5.0E-6                   900                      2.6644406227490283E-5
5.0E-6                   5.0E-6                   1000                     2.8060670127849817E-5
5.0E-6                   5.0E-6                   2000                     3.9513673073897194E-5
5.0E-6                   5.0E-6                   3000                     4.8293604379699526E-5
5.0E-6                   5.0E-6                   4000                     5.567047373831332E-5
5.0E-6                   5.0E-6                   5000                     6.215743970076178E-5
5.0E-6                   5.0E-6                   6000                     6.803798229866706E-5
5.0E-6                   5.0E-6                   7000                     7.344654518853748E-5
5.0E-6                   5.0E-6                   8000                     7.846576344586897E-5
5.0E-6                   5.0E-6                   9000                     8.317265929210959E-5
5.0E-6                   5.0E-6                   10000                    8.761629820391928E-5
5.0E-6                   5.0E-6                   20000                    1.2240167726521343E-4
5.0E-6                   5.0E-6                   30000                    1.4462916628605994E-4
5.0E-6                   5.0E-6                   40000                    1.5822111601100327E-4
5.0E-6                   5.0E-6                   50000                    1.660877814955488E-4
5.0E-6                   5.0E-6                   60000                    1.7045377501482325E-4
5.0E-6                   5.0E-6                   70000                    1.728093330629816E-4
5.0E-6                   5.0E-6                   80000                    1.7410631669306258E-4
5.0E-6                   5.0E-6                   90000                    1.748113195509997E-4
5.0E-6                   5.0E-6                   100000                   1.7525438702090836E-4
5.0E-6                   5.0E-6                   110000                   1.7556606627815188E-4
5.0E-6                   5.0E-6                   120000                   1.7576593089589022E-4
5.0E-6                   5.0E-6                   130000                   1.7589855078732527E-4
5.0E-6                   5.0E-6                   140000                   1.75963955873114E-4
5.0E-6                   5.0E-6                   150000                   1.7600720572280297E-4
5.0E-6                   5.0E-6                   160000                   1.760162565878179E-4
5.0E-6                   5.0E-6                   170000                   1.760233394598677E-4
5.0E-6                   5.0E-6                   180000                   1.760184717651551E-4
5.0E-6                   5.0E-6                   190000                   1.7601573220729476E-4
5.0E-6                   5.0E-6                   200000                   1.7601056267813116E-4
5.0E-6                   1.25E-5                  0                        0
5.0E-6                   1.25E-5                  0.1                      0
5.0E-6                   1.25E-5                  0.2                      0
5.0E-6                   1.25E-5                  0.30000000000000004      0
5.0E-6                   1.25E-5                  0.4                      0
5.0E-6                   1.25E-5                  0.5                      0
5.0E-6                   1.25E-5                  0.6000000000000001       0
5.0E-6                   1.25E-5                  0.7000000000000001       0
5.0E-6                   1.25E-5                  0.8                      0
5.0E-6                   1.25E-5                  0.9                      0
5.0E-6                   1.25E-5                  1                        1.063219310015618E-6
5.0E-6                   1.25E-5                  1.1                      1.9783037929684314E-6
5.0E-6                   1.25E-5                  1.2000000000000002       1.9954787760102905E-6
5.0E-6                   1.25E-5                  1.3                      2.0125677772793277E-6
5.0E-6                   1.25E-5                  1.4000000000000001       2.029557468052743E-6
5.0E-6                   1.25E-5                  1.5                      2.0464722192514925E-6
5.0E-6                   1.25E-5                  1.6                      2.0633266703203514E-6
5.0E-6                   1.25E-5                  1.7000000000000002       2.080029241992194E-6
5.0E-6                   1.25E-5                  1.8                      2.0966583679462053E-6
5.0E-6                   1.25E-5                  1.9000000000000001       2.113234267496953E-6
5.0E-6                   1.25E-5                  2                        2.129757048654527E-6
5.0E-6                   1.25E-5                  5                        2.593679407815081E-6
5.0E-6                   1.25E-5                  10                       3.2682615161148313E-6
5.0E-6                   1.25E-5                  100                      9.611040630475211E-6
5.0E-6                   1.25E-5                  100                      9.611040630475211E-6
5.0E-6                   1.25E-5                  200                      1.3576332542380075E-5
5.0E-6                   1.25E-5                  300                      1.657860710843611E-5
5.0E-6                   1.25E-5                  400                      1.909602663523065E-5
5.0E-6                   1.25E-5                  500                      2.1306641016319244E-5
5.0E-6                   1.25E-5                  600                      2.3289311913986725E-5
5.0E-6                   1.25E-5                  700                      2.5101443334986553E-5
5.0E-6                   1.25E-5                  800                      2.678118585142583E-5
5.0E-6                   1.25E-5                  900                      2.8351233612999086E-5
5.0E-6                   1.25E-5                  1000                     2.9831701281781008E-5
5.0E-6                   1.25E-5                  2000                     4.172039972059601E-5
5.0E-6                   1.25E-5                  3000                     5.0759235175284005E-5
5.0E-6                   1.25E-5                  4000                     5.831548214217894E-5
5.0E-6                   1.25E-5                  5000                     6.49384823572668E-5
5.0E-6                   1.25E-5                  6000                     7.092929720071391E-5
5.0E-6                   1.25E-5                  7000                     7.642782044423148E-5
5.0E-6                   1.25E-5                  8000                     8.152111827770085E-5
5.0E-6                   1.25E-5                  9000                     8.628902397336103E-5
5.0E-6                   1.25E-5                  10000                    9.078174639746858E-5
5.0E-6                   1.25E-5                  20000                    1.2548717968671464E-4
5.0E-6                   1.25E-5                  30000                    1.4691348043602807E-4
5.0E-6                   1.25E-5                  40000                    1.5951836014112782E-4
5.0E-6                   1.25E-5                  50000                    1.665209900136995E-4
5.0E-6                   1.25E-5                  60000                    1.7023826476417458E-4
5.0E-6                   1.25E-5                  70000                    1.7214006281384537E-4
5.0E-6                   1.25E-5                  80000                    1.731654253058246E-4
5.0E-6                   1.25E-5                  90000                    1.7371887827856682E-4
5.0E-6                   1.25E-5                  100000                   1.7407306101003991E-4
5.0E-6                   1.25E-5                  110000                   1.7433010725494255E-4
5.0E-6                   1.25E-5                  120000                   1.7449406418490565E-4
5.0E-6                   1.25E-5                  130000                   1.7460009151228542E-4
5.0E-6                   1.25E-5                  140000                   1.7465103596900708E-4
5.0E-6                   1.25E-5                  150000                   1.7468370124725001E-4
5.0E-6                   1.25E-5                  160000                   1.7468924212983523E-4
5.0E-6                   1.25E-5                  170000                   1.746934677253266E-4
5.0E-6                   1.25E-5                  180000                   1.7468866102111802E-4
5.0E-6                   1.25E-5                  190000                   1.7468583791240935E-4
5.0E-6                   1.25E-5                  200000                   1.7468151589967022E-4
5.0E-6                   2.0E-5                   0                        0
5.0E-6                   2.0E-5                   0.1                      0
5.0E-6                   2.0E-5                   0.2                      0
5.0E-6                   2.0E-5                   0.30000000000000004      0
5.0E-6                   2.0E-5                   0.4                      0
5.0E-6                   2.0E-5                   0.5                      0
5.0E-6                   2.0E-5                   0.6000000000000001       0
5.0E-6                   2.0E-5                   0.7000000000000001       0
5.0E-6                   2.0E-5                   0.8                      0
5.0E-6                   2.0E-5                   0.9                      0
5.0E-6                   2.0E-5                   1                        1.1312752567309404E-6
5.0E-6                   2.0E-5                   1.1                      2.1029604858404754E-6
5.0E-6                   2.0E-5                   1.2000000000000002       2.121229112761065E-6
5.0E-6                   2.0E-5                   1.3                      2.139405416583722E-6
5.0E-6                   2.0E-5                   1.4000000000000001       2.1574786804290652E-6
5.0E-6                   2.0E-5                   1.5                      2.1754719223144895E-6
5.0E-6                   2.0E-5                   1.6                      2.19340162680286E-6
5.0E-6                   2.0E-5                   1.7000000000000002       2.2111694362509278E-6
5.0E-6                   2.0E-5                   1.8                      2.2288635426408758E-6
5.0E-6                   2.0E-5                   1.9000000000000001       2.246501478869009E-6
5.0E-6                   2.0E-5                   2                        2.264083359361639E-6
5.0E-6                   2.0E-5                   5                        2.758103611180915E-6
5.0E-6                   2.0E-5                   10                       3.4773413331543807E-6
5.0E-6                   2.0E-5                   100                      1.0259123049210404E-5
5.0E-6                   2.0E-5                   100                      1.0259123049210404E-5
5.0E-6                   2.0E-5                   200                      1.4494538272442549E-5
5.0E-6                   2.0E-5                   300                      1.7704136305781707E-5
5.0E-6                   2.0E-5                   400                      2.039500883312352E-5
5.0E-6                   2.0E-5                   500                      2.274684094009787E-5
5.0E-6                   2.0E-5                   600                      2.486703060899597E-5
5.0E-6                   2.0E-5                   700                      2.680395165331095E-5
5.0E-6                   2.0E-5                   800                      2.8597788086132385E-5
5.0E-6                   2.0E-5                   900                      3.0273861304140073E-5
5.0E-6                   2.0E-5                   1000                     3.185251443634397E-5
5.0E-6                   2.0E-5                   2000                     4.4436814115134186E-5
5.0E-6                   2.0E-5                   3000                     5.3905405248486244E-5
5.0E-6                   2.0E-5                   4000                     6.180265840803652E-5
5.0E-6                   2.0E-5                   5000                     6.869513047205808E-5
5.0E-6                   2.0E-5                   6000                     7.488759563005647E-5
5.0E-6                   2.0E-5                   7000                     8.054838123547567E-5
5.0E-6                   2.0E-5                   8000                     8.578497712990735E-5
5.0E-6                   2.0E-5                   9000                     9.066820958362795E-5
5.0E-6                   2.0E-5                   10000                    9.524572517200591E-5
5.0E-6                   2.0E-5                   20000                    1.296428081471558E-4
5.0E-6                   2.0E-5                   30000                    1.4986479295786353E-4
5.0E-6                   2.0E-5                   40000                    1.611498980948254E-4
5.0E-6                   2.0E-5                   50000                    1.670440486777738E-4
5.0E-6                   2.0E-5                   60000                    1.7002341589057563E-4
5.0E-6                   2.0E-5                   70000                    1.7149016038922078E-4
5.0E-6                   2.0E-5                   80000                    1.722614621346322E-4
5.0E-6                   2.0E-5                   90000                    1.7271359511642956E-4
5.0E-6                   2.0E-5                   100000                   1.73007859431388E-4
5.0E-6                   2.0E-5                   110000                   1.7318793629429505E-4
5.0E-6                   2.0E-5                   120000                   1.7329663552230598E-4
5.0E-6                   2.0E-5                   130000                   1.7334716864046072E-4
5.0E-6                   2.0E-5                   140000                   1.733732710460264E-4
5.0E-6                   2.0E-5                   150000                   1.733739016510375E-4
5.0E-6                   2.0E-5                   160000                   1.7337313165566323E-4
5.0E-6                   2.0E-5                   170000                   1.7336456116494921E-4
5.0E-6                   2.0E-5                   180000                   1.733586083591694E-4
5.0E-6                   2.0E-5                   190000                   1.7335413731669344E-4
5.0E-6                   2.0E-5                   200000                   1.7335159363778276E-4
5.0E-6                   2.75E-5                  0                        0
5.0E-6                   2.75E-5                  0.1                      0
5.0E-6                   2.75E-5                  0.2                      0
5.0E-6                   2.75E-5                  0.30000000000000004      0
5.0E-6                   2.75E-5                  0.4                      0
5.0E-6                   2.75E-5                  0.5                      0
5.0E-6                   2.75E-5                  0.6000000000000001       0
5.0E-6                   2.75E-5                  0.7000000000000001       0
5.0E-6                   2.75E-5                  0.8                      0
5.0E-6                   2.75E-5                  0.9                      0
5.0E-6                   2.75E-5                  1                        1.1994064273332507E-6
5.0E-6                   2.75E-5                  1.1                      2.231021489795947E-6
5.0E-6                   2.75E-5                  1.2000000000000002       2.250411916372402E-6
5.0E-6                   2.75E-5                  1.3                      2.269706569056067E-6
5.0E-6                   2.75E-5                  1.4000000000000001       2.2888914510254887E-6
5.0E-6                   2.75E-5                  1.5                      2.3079946394855175E-6
5.0E-6                   2.75E-5                  1.6                      2.327030841464535E-6
5.0E-6                   2.75E-5                  1.7000000000000002       2.345890306557752E-6
5.0E-6                   2.75E-5                  1.8                      2.364681327765112E-6
5.0E-6                   2.75E-5                  1.9000000000000001       2.3834129859894555E-6
5.0E-6                   2.75E-5                  2                        2.4020853994396507E-6
5.0E-6                   2.75E-5                  5                        2.9269829963454203E-6
5.0E-6                   2.75E-5                  10                       3.6918024814099474E-6
5.0E-6                   2.75E-5                  100                      1.0903817050090375E-5
5.0E-6                   2.75E-5                  100                      1.0903817050090375E-5
5.0E-6                   2.75E-5                  200                      1.541017131302829E-5
5.0E-6                   2.75E-5                  300                      1.882729183387479E-5
5.0E-6                   2.75E-5                  400                      2.1692738715410465E-5
5.0E-6                   2.75E-5                  500                      2.4198475042447952E-5
5.0E-6                   2.75E-5                  600                      2.6457577695132434E-5
5.0E-6                   2.75E-5                  700                      2.8521798305547454E-5
5.0E-6                   2.75E-5                  800                      3.043379679836848E-5
5.0E-6                   2.75E-5                  900                      3.2220426231741416E-5
5.0E-6                   2.75E-5                  1000                     3.390309649630279E-5
5.0E-6                   2.75E-5                  2000                     4.7298999084229125E-5
5.0E-6                   2.75E-5                  3000                     5.73342889251262E-5
5.0E-6                   2.75E-5                  4000                     6.565628201337055E-5
5.0E-6                   2.75E-5                  5000                     7.287373125355718E-5
5.0E-6                   2.75E-5                  6000                     7.931384626384573E-5
5.0E-6                   2.75E-5                  7000                     8.515793488652163E-5
5.0E-6                   2.75E-5                  8000                     9.052327827850962E-5
5.0E-6                   2.75E-5                  9000                     9.548790813550651E-5
5.0E-6                   2.75E-5                  10000                    1.0010581689558043E-4
5.0E-6                   2.75E-5                  20000                    1.3358775350459252E-4
5.0E-6                   2.75E-5                  30000                    1.5212595289375617E-4
5.0E-6                   2.75E-5                  40000                    1.6199624956500492E-4
5.0E-6                   2.75E-5                  50000                    1.6700010897021024E-4
5.0E-6                   2.75E-5                  60000                    1.694305435179617E-4
5.0E-6                   2.75E-5                  70000                    1.7063839824051622E-4
5.0E-6                   2.75E-5                  80000                    1.7126922659140982E-4
5.0E-6                   2.75E-5                  90000                    1.7163490830865636E-4
5.0E-6                   2.75E-5                  100000                   1.7185306758817445E-4
5.0E-6                   2.75E-5                  110000                   1.7198097380322343E-4
5.0E-6                   2.75E-5                  120000                   1.7203825280597102E-4
5.0E-6                   2.75E-5                  130000                   1.7206321821072883E-4
5.0E-6                   2.75E-5                  140000                   1.720592457765001E-4
5.0E-6                   2.75E-5                  150000                   1.720546536799196E-4
5.0E-6                   2.75E-5                  160000                   1.720428254678545E-4
5.0E-6                   2.75E-5                  170000                   1.7203492780137644E-4
5.0E-6                   2.75E-5                  180000                   1.7202928334974618E-4
5.0E-6                   2.75E-5                  190000                   1.7202602669717042E-4
5.0E-6                   2.75E-5                  200000                   1.7202371131788758E-4
5.0E-6                   3.5000000000000004E-5    0                        0
5.0E-6                   3.5000000000000004E-5    0.1                      0
5.0E-6                   3.5000000000000004E-5    0.2                      0
5.0E-6                   3.5000000000000004E-5    0.30000000000000004      0
5.0E-6                   3.5000000000000004E-5    0.4                      0
5.0E-6                   3.5000000000000004E-5    0.5                      0
5.0E-6                   3.5000000000000004E-5    0.6000000000000001       0
5.0E-6                   3.5000000000000004E-5    0.7000000000000001       0
5.0E-6                   3.5000000000000004E-5    0.8                      0
5.0E-6                   3.5000000000000004E-5    0.9                      0
5.0E-6                   3.5000000000000004E-5    1                        1.2844994217934048E-6
5.0E-6                   3.5000000000000004E-5    1.1                      2.3898472779646226E-6
5.0E-6                   3.5000000000000004E-5    1.2000000000000002       2.4102185807423798E-6
5.0E-6                   3.5000000000000004E-5    1.3                      2.43049128714327E-6
5.0E-6                   3.5000000000000004E-5    1.4000000000000001       2.4506453235788154E-6
5.0E-6                   3.5000000000000004E-5    1.5                      2.470718020257331E-6
5.0E-6                   3.5000000000000004E-5    1.6                      2.49071217183898E-6
5.0E-6                   3.5000000000000004E-5    1.7000000000000002       2.51052275588656E-6
5.0E-6                   3.5000000000000004E-5    1.8                      2.530270628208122E-6
5.0E-6                   3.5000000000000004E-5    1.9000000000000001       2.549955913853749E-6
5.0E-6                   3.5000000000000004E-5    2                        2.569578736951232E-6
5.0E-6                   3.5000000000000004E-5    5                        3.1210133801931524E-6
5.0E-6                   3.5000000000000004E-5    10                       3.925222757410428E-6
5.0E-6                   3.5000000000000004E-5    100                      1.1548283089103595E-5
5.0E-6                   3.5000000000000004E-5    100                      1.1548283089103595E-5
5.0E-6                   3.5000000000000004E-5    200                      1.6326087140697543E-5
5.0E-6                   3.5000000000000004E-5    300                      1.9967613095498012E-5
5.0E-6                   3.5000000000000004E-5    400                      2.29986729580088E-5
5.0E-6                   3.5000000000000004E-5    500                      2.5654599071669955E-5
5.0E-6                   3.5000000000000004E-5    600                      2.8049504399748435E-5
5.0E-6                   3.5000000000000004E-5    700                      3.024329668208964E-5
5.0E-6                   3.5000000000000004E-5    800                      3.227585597467736E-5
5.0E-6                   3.5000000000000004E-5    900                      3.417632074416122E-5
5.0E-6                   3.5000000000000004E-5    1000                     3.5967090633171645E-5
5.0E-6                   3.5000000000000004E-5    2000                     5.0198162064057855E-5
5.0E-6                   3.5000000000000004E-5    3000                     6.079723015233355E-5
5.0E-6                   3.5000000000000004E-5    4000                     6.946646378247331E-5
5.0E-6                   3.5000000000000004E-5    5000                     7.6909905009998E-5
5.0E-6                   3.5000000000000004E-5    6000                     8.347018564349474E-5
5.0E-6                   3.5000000000000004E-5    7000                     8.935747876134713E-5
5.0E-6                   3.5000000000000004E-5    8000                     9.470937753138317E-5
5.0E-6                   3.5000000000000004E-5    9000                     9.961537256544834E-5
5.0E-6                   3.5000000000000004E-5    10000                    1.0414809444040987E-4
5.0E-6                   3.5000000000000004E-5    20000                    1.3609406276846923E-4
5.0E-6                   3.5000000000000004E-5    30000                    1.5316853424275734E-4
5.0E-6                   3.5000000000000004E-5    40000                    1.6205369523472512E-4
5.0E-6                   3.5000000000000004E-5    50000                    1.6648842574846346E-4
5.0E-6                   3.5000000000000004E-5    60000                    1.6857676759486425E-4
5.0E-6                   3.5000000000000004E-5    70000                    1.695726094036542E-4
5.0E-6                   3.5000000000000004E-5    80000                    1.7008119480567285E-4
5.0E-6                   3.5000000000000004E-5    90000                    1.7036734553294128E-4
5.0E-6                   3.5000000000000004E-5    100000                   1.705425727309851E-4
5.0E-6                   3.5000000000000004E-5    110000                   1.7065090689822275E-4
5.0E-6                   3.5000000000000004E-5    120000                   1.7069632429317632E-4
5.0E-6                   3.5000000000000004E-5    130000                   1.7072313763272272E-4
5.0E-6                   3.5000000000000004E-5    140000                   1.7072005114446368E-4
5.0E-6                   3.5000000000000004E-5    150000                   1.707193208991757E-4
5.0E-6                   3.5000000000000004E-5    160000                   1.7071048647888E-4
5.0E-6                   3.5000000000000004E-5    170000                   1.707050209731719E-4
5.0E-6                   3.5000000000000004E-5    180000                   1.7070019865470578E-4
5.0E-6                   3.5000000000000004E-5    190000                   1.7069800256324868E-4
5.0E-6                   3.5000000000000004E-5    200000                   1.706960648436502E-4
1.0E-5                   5.0E-6                   0                        0
1.0E-5                   5.0E-6                   0.1                      0
1.0E-5                   5.0E-6                   0.2                      0
1.0E-5                   5.0E-6                   0.30000000000000004      0
1.0E-5                   5.0E-6                   0.4                      0
1.0E-5                   5.0E-6                   0.5                      0
1.0E-5                   5.0E-6                   0.6000000000000001       0
1.0E-5                   5.0E-6                   0.7000000000000001       0
1.0E-5                   5.0E-6                   0.8                      0
1.0E-5                   5.0E-6                   0.9                      0
1.0E-5                   5.0E-6                   1                        9.718026653591394E-7
1.0E-5                   5.0E-6                   1.1                      1.8089422395430849E-6
1.0E-5                   5.0E-6                   1.2000000000000002       1.8250596140406027E-6
1.0E-5                   5.0E-6                   1.3                      1.8410969327550294E-6
1.0E-5                   5.0E-6                   1.4000000000000001       1.8570438063148513E-6
1.0E-5                   5.0E-6                   1.5                      1.8729198450988868E-6
1.0E-5                   5.0E-6                   1.6                      1.8887401340928493E-6
1.0E-5                   5.0E-6                   1.7000000000000002       1.9044255500381915E-6
1.0E-5                   5.0E-6                   1.8                      1.9200368006018655E-6
1.0E-5                   5.0E-6                   1.9000000000000001       1.9355987984056473E-6
1.0E-5                   5.0E-6                   2                        1.951111647314003E-6
1.0E-5                   5.0E-6                   5                        2.387080038954135E-6
1.0E-5                   5.0E-6                   10                       3.0219467071486678E-6
1.0E-5                   5.0E-6                   100                      8.965510321009192E-6
1.0E-5                   5.0E-6                   100                      8.965510321009192E-6
1.0E-5                   5.0E-6                   200                      1.2671794602000969E-5
1.0E-5                   5.0E-6                   300                      1.549631990407453E-5
1.0E-5                   5.0E-6                   400                      1.7858203684208037E-5
1.0E-5                   5.0E-6                   500                      1.992953297617557E-5
1.0E-5                   5.0E-6                   600                      2.1802227826805655E-5
1.0E-5                   5.0E-6                   700                      2.3530072857174453E-5
1.0E-5                   5.0E-6                   800                      2.5138010132004938E-5
1.0E-5                   5.0E-6                   900                      2.664222784235659E-5
1.0E-5                   5.0E-6                   1000                     2.806080707494855E-5
1.0E-5                   5.0E-6                   2000                     3.952332013339189E-5
1.0E-5                   5.0E-6                   3000                     4.829176950522886E-5
1.0E-5                   5.0E-6                   4000                     5.568691410093468E-5
1.0E-5                   5.0E-6                   5000                     6.219755626141672E-5
1.0E-5                   5.0E-6                   6000                     6.808252461252388E-5
1.0E-5                   5.0E-6                   7000                     7.348817144692343E-5
1.0E-5                   5.0E-6                   8000                     7.851021236110909E-5
1.0E-5                   5.0E-6                   9000                     8.321679368214033E-5
1.0E-5                   5.0E-6                   10000                    8.766072057307485E-5
1.0E-5                   5.0E-6                   20000                    1.2239479116376388E-4
1.0E-5                   5.0E-6                   30000                    1.444590752636738E-4
1.0E-5                   5.0E-6                   40000                    1.579237943896765E-4
1.0E-5                   5.0E-6                   50000                    1.6574410446961244E-4
1.0E-5                   5.0E-6                   60000                    1.6999946804852368E-4
1.0E-5                   5.0E-6                   70000                    1.7224489619387584E-4
1.0E-5                   5.0E-6                   80000                    1.7353567703754422E-4
1.0E-5                   5.0E-6                   90000                    1.7436643293658886E-4
1.0E-5                   5.0E-6                   100000                   1.7499917521620578E-4
1.0E-5                   5.0E-6                   110000                   1.7537689509731916E-4
1.0E-5                   5.0E-6                   120000                   1.7537723639996723E-4
1.0E-5                   5.0E-6                   130000                   1.7537542259153546E-4
1.0E-5                   5.0E-6                   140000                   1.7531702110629087E-4
1.0E-5                   5.0E-6                   150000                   1.7525886483851164E-4
1.0E-5                   5.0E-6                   160000                   1.752057498045198E-4
1.0E-5                   5.0E-6                   170000                   1.751797182679807E-4
1.0E-5                   5.0E-6                   180000                   1.7515594214879675E-4
1.0E-5                   5.0E-6                   190000                   1.7514426100006945E-4
1.0E-5                   5.0E-6                   200000                   1.751335926374387E-4
1.0E-5                   1.25E-5                  0                        0
1.0E-5                   1.25E-5                  0.1                      0
1.0E-5                   1.25E-5                  0.2                      0
1.0E-5                   1.25E-5                  0.30000000000000004      0
1.0E-5                   1.25E-5                  0.4                      0
1.0E-5                   1.25E-5                  0.5                      0
1.0E-5                   1.25E-5                  0.6000000000000001       0
1.0E-5                   1.25E-5                  0.7000000000000001       0
1.0E-5                   1.25E-5                  0.8                      0
1.0E-5                   1.25E-5                  0.9                      0
1.0E-5                   1.25E-5                  1                        1.070110567980478E-6
1.0E-5                   1.25E-5                  1.1                      1.991492141446266E-6
1.0E-5                   1.25E-5                  1.2000000000000002       2.008458822036992E-6
1.0E-5                   1.25E-5                  1.3                      2.025342738660792E-6
1.0E-5                   1.25E-5                  1.4000000000000001       2.0421320212321987E-6
1.0E-5                   1.25E-5                  1.5                      2.058848676353331E-6
1.0E-5                   1.25E-5                  1.6                      2.075507461178739E-6
1.0E-5                   1.25E-5                  1.7000000000000002       2.092023275742211E-6
1.0E-5                   1.25E-5                  1.8                      2.10846570970345E-6
1.0E-5                   1.25E-5                  1.9000000000000001       2.124856986154479E-6
1.0E-5                   1.25E-5                  2                        2.141197203935026E-6
1.0E-5                   1.25E-5                  5                        2.6008894799391766E-6
1.0E-5                   1.25E-5                  10                       3.271790416447456E-6
1.0E-5                   1.25E-5                  100                      9.612719772425888E-6
1.0E-5                   1.25E-5                  100                      9.612719772425888E-6
1.0E-5                   1.25E-5                  200                      1.3577649961807935E-5
1.0E-5                   1.25E-5                  300                      1.6579833203873787E-5
1.0E-5                   1.25E-5                  400                      1.9097068747146275E-5
1.0E-5                   1.25E-5                  500                      2.130780503136921E-5
1.0E-5                   1.25E-5                  600                      2.3291774757175493E-5
1.0E-5                   1.25E-5                  700                      2.5104755401232105E-5
1.0E-5                   1.25E-5                  800                      2.6785061242963048E-5
1.0E-5                   1.25E-5                  900                      2.83555589414167E-5
1.0E-5                   1.25E-5                  1000                     2.983656913556538E-5
1.0E-5                   1.25E-5                  2000                     4.173593518395374E-5
1.0E-5                   1.25E-5                  3000                     5.078797854158776E-5
1.0E-5                   1.25E-5                  4000                     5.836004326460115E-5
1.0E-5                   1.25E-5                  5000                     6.499679350389321E-5
1.0E-5                   1.25E-5                  6000                     7.099922446186082E-5
1.0E-5                   1.25E-5                  7000                     7.651061814721069E-5
1.0E-5                   1.25E-5                  8000                     8.16143915806058E-5
1.0E-5                   1.25E-5                  9000                     8.638937248657433E-5
1.0E-5                   1.25E-5                  10000                    9.088460568526452E-5
1.0E-5                   1.25E-5                  20000                    1.2538205016099472E-4
1.0E-5                   1.25E-5                  30000                    1.4632525776987754E-4
1.0E-5                   1.25E-5                  40000                    1.584269726212063E-4
1.0E-5                   1.25E-5                  50000                    1.650306354073009E-4
1.0E-5                   1.25E-5                  60000                    1.684718703897708E-4
1.0E-5                   1.25E-5                  70000                    1.7018533624294166E-4
1.0E-5                   1.25E-5                  80000                    1.7109886572930553E-4
1.0E-5                   1.25E-5                  90000                    1.7157353934608272E-4
1.0E-5                   1.25E-5                  100000                   1.7195728339105187E-4
1.0E-5                   1.25E-5                  110000                   1.7215446725359624E-4
1.0E-5                   1.25E-5                  120000                   1.722535252000236E-4
1.0E-5                   1.25E-5                  130000                   1.7232935358582767E-4
1.0E-5                   1.25E-5                  140000                   1.7237196465979328E-4
1.0E-5                   1.25E-5                  150000                   1.724046360742115E-4
1.0E-5                   1.25E-5                  160000                   1.7242308048003285E-4
1.0E-5                   1.25E-5                  170000                   1.7243722576642818E-4
1.0E-5                   1.25E-5                  180000                   1.7244521500242956E-4
1.0E-5                   1.25E-5                  190000                   1.7245134274215484E-4
1.0E-5                   1.25E-5                  200000                   1.7245480446358646E-4
1.0E-5                   2.0E-5                   0                        0
1.0E-5                   2.0E-5                   0.1                      0
1.0E-5                   2.0E-5                   0.2                      0
1.0E-5                   2.0E-5                   0.30000000000000004      0
1.0E-5                   2.0E-5                   0.4                      0
1.0E-5                   2.0E-5                   0.5                      0
1.0E-5                   2.0E-5                   0.6000000000000001       0
1.0E-5                   2.0E-5                   0.7000000000000001       0
1.0E-5                   2.0E-5                   0.8                      0
1.0E-5                   2.0E-5                   0.9                      0
1.0E-5                   2.0E-5                   1                        1.1441156782870526E-6
1.0E-5                   2.0E-5                   1.1                      2.1264014950383E-6
1.0E-5                   2.0E-5                   1.2000000000000002       2.144369313487952E-6
1.0E-5                   2.0E-5                   1.3                      2.162249713921188E-6
1.0E-5                   2.0E-5                   1.4000000000000001       2.1800319174233406E-6
1.0E-5                   2.0E-5                   1.5                      2.1977385595886383E-6
1.0E-5                   2.0E-5                   1.6                      2.215384564492455E-6
1.0E-5                   2.0E-5                   1.7000000000000002       2.2328755728312148E-6
1.0E-5                   2.0E-5                   1.8                      2.250298527945618E-6
1.0E-5                   2.0E-5                   1.9000000000000001       2.2676677163360892E-6
1.0E-5                   2.0E-5                   2                        2.284983242958682E-6
1.0E-5                   2.0E-5                   5                        2.7725281448750314E-6
1.0E-5                   2.0E-5                   10                       3.484991692086704E-6
1.0E-5                   2.0E-5                   100                      1.0258980588033269E-5
1.0E-5                   2.0E-5                   100                      1.0258980588033269E-5
1.0E-5                   2.0E-5                   200                      1.4495476831512423E-5
1.0E-5                   2.0E-5                   300                      1.7704548993744686E-5
1.0E-5                   2.0E-5                   400                      2.0396008477312804E-5
1.0E-5                   2.0E-5                   500                      2.2747372020360946E-5
1.0E-5                   2.0E-5                   600                      2.4868063227729923E-5
1.0E-5                   2.0E-5                   700                      2.6805622480291096E-5
1.0E-5                   2.0E-5                   800                      2.8600101009403594E-5
1.0E-5                   2.0E-5                   900                      3.027680433013823E-5
1.0E-5                   2.0E-5                   1000                     3.1856248901535384E-5
1.0E-5                   2.0E-5                   2000                     4.445250457459028E-5
1.0E-5                   2.0E-5                   3000                     5.3937497556110965E-5
1.0E-5                   2.0E-5                   4000                     6.185451599707358E-5
1.0E-5                   2.0E-5                   5000                     6.876516349618306E-5
1.0E-5                   2.0E-5                   6000                     7.497158696773708E-5
1.0E-5                   2.0E-5                   7000                     8.064048970394936E-5
1.0E-5                   2.0E-5                   8000                     8.587234158911202E-5
1.0E-5                   2.0E-5                   9000                     9.074085807395786E-5
1.0E-5                   2.0E-5                   10000                    9.530489888978804E-5
1.0E-5                   2.0E-5                   20000                    1.2914058242499997E-4
1.0E-5                   2.0E-5                   30000                    1.4844035211022228E-4
1.0E-5                   2.0E-5                   40000                    1.589126375548852E-4
1.0E-5                   2.0E-5                   50000                    1.6429775413202827E-4
1.0E-5                   2.0E-5                   60000                    1.6703542340283927E-4
1.0E-5                   2.0E-5                   70000                    1.6855822283563985E-4
1.0E-5                   2.0E-5                   80000                    1.6948541858357246E-4
1.0E-5                   2.0E-5                   90000                    1.699542001498249E-4
1.0E-5                   2.0E-5                   100000                   1.7000926716916E-4
1.0E-5                   2.0E-5                   110000                   1.7004015703871606E-4
1.0E-5                   2.0E-5                   120000                   1.7000426255111572E-4
1.0E-5                   2.0E-5                   130000                   1.6994179513169665E-4
1.0E-5                   2.0E-5                   140000                   1.6989023375700511E-4
1.0E-5                   2.0E-5                   150000                   1.6986343761194253E-4
1.0E-5                   2.0E-5                   160000                   1.6984154430613955E-4
1.0E-5                   2.0E-5                   170000                   1.6983077213012944E-4
1.0E-5                   2.0E-5                   180000                   1.6982197280550874E-4
1.0E-5                   2.0E-5                   190000                   1.6981764654185874E-4
1.0E-5                   2.0E-5                   200000                   1.6981411505469113E-4
1.0E-5                   2.75E-5                  0                        0
1.0E-5                   2.75E-5                  0.1                      0
1.0E-5                   2.75E-5                  0.2                      0
1.0E-5                   2.75E-5                  0.30000000000000004      0
1.0E-5                   2.75E-5                  0.4                      0
1.0E-5                   2.75E-5                  0.5                      0
1.0E-5                   2.75E-5                  0.6000000000000001       0
1.0E-5                   2.75E-5                  0.7000000000000001       0
1.0E-5                   2.75E-5                  0.8                      0
1.0E-5                   2.75E-5                  0.9                      0
1.0E-5                   2.75E-5                  1                        1.2050511315744296E-6
1.0E-5                   2.75E-5                  1.1                      2.240971082877654E-6
1.0E-5                   2.75E-5                  1.2000000000000002       2.2603497637805493E-6
1.0E-5                   2.75E-5                  1.3                      2.279633524933294E-6
1.0E-5                   2.75E-5                  1.4000000000000001       2.298807006560491E-6
1.0E-5                   2.75E-5                  1.5                      2.3179002074398323E-6
1.0E-5                   2.75E-5                  1.6                      2.3369265290657963E-6
1.0E-5                   2.75E-5                  1.7000000000000002       2.355773125775655E-6
1.0E-5                   2.75E-5                  1.8                      2.374555948746003E-6
1.0E-5                   2.75E-5                  1.9000000000000001       2.3932794058491867E-6
1.0E-5                   2.75E-5                  2                        2.411943613336814E-6
1.0E-5                   2.75E-5                  5                        2.9365819558768314E-6
1.0E-5                   2.75E-5                  10                       3.7010564764900404E-6
1.0E-5                   2.75E-5                  100                      1.090657659231526E-5
1.0E-5                   2.75E-5                  100                      1.090657659231526E-5
1.0E-5                   2.75E-5                  200                      1.5411520316083407E-5
1.0E-5                   2.75E-5                  300                      1.8828894113810575E-5
1.0E-5                   2.75E-5                  400                      2.1694044808588995E-5
1.0E-5                   2.75E-5                  500                      2.420027910603108E-5
1.0E-5                   2.75E-5                  600                      2.645945377031547E-5
1.0E-5                   2.75E-5                  700                      2.8523889689762144E-5
1.0E-5                   2.75E-5                  800                      3.0436284717627284E-5
1.0E-5                   2.75E-5                  900                      3.222353828780416E-5
1.0E-5                   2.75E-5                  1000                     3.3906874017838976E-5
1.0E-5                   2.75E-5                  2000                     4.7314656450809524E-5
1.0E-5                   2.75E-5                  3000                     5.7365099639775364E-5
1.0E-5                   2.75E-5                  4000                     6.569407308150966E-5
1.0E-5                   2.75E-5                  5000                     7.290328880415014E-5
1.0E-5                   2.75E-5                  6000                     7.931638413101145E-5
1.0E-5                   2.75E-5                  7000                     8.511390338761065E-5
1.0E-5                   2.75E-5                  8000                     9.041466041894645E-5
1.0E-5                   2.75E-5                  9000                     9.529843499415064E-5
1.0E-5                   2.75E-5                  10000                    9.982237801762147E-5
1.0E-5                   2.75E-5                  20000                    1.3204850468707027E-4
1.0E-5                   2.75E-5                  30000                    1.4948868367255363E-4
1.0E-5                   2.75E-5                  40000                    1.5855929621949664E-4
1.0E-5                   2.75E-5                  50000                    1.630454254597195E-4
1.0E-5                   2.75E-5                  60000                    1.6511393247253486E-4
1.0E-5                   2.75E-5                  70000                    1.6613227270514833E-4
1.0E-5                   2.75E-5                  80000                    1.667632660078074E-4
1.0E-5                   2.75E-5                  90000                    1.6714710422492739E-4
1.0E-5                   2.75E-5                  100000                   1.6723164326582393E-4
1.0E-5                   2.75E-5                  110000                   1.6728000555860635E-4
1.0E-5                   2.75E-5                  120000                   1.6726974770554223E-4
1.0E-5                   2.75E-5                  130000                   1.6723355708548904E-4
1.0E-5                   2.75E-5                  140000                   1.6720153319750027E-4
1.0E-5                   2.75E-5                  150000                   1.6718680617180436E-4
1.0E-5                   2.75E-5                  160000                   1.6717380651313536E-4
1.0E-5                   2.75E-5                  170000                   1.671679695291576E-4
1.0E-5                   2.75E-5                  180000                   1.6716281744106546E-4
1.0E-5                   2.75E-5                  190000                   1.6716050406871973E-4
1.0E-5                   2.75E-5                  200000                   1.67158462599283E-4
1.0E-5                   3.5000000000000004E-5    0                        0
1.0E-5                   3.5000000000000004E-5    0.1                      0
1.0E-5                   3.5000000000000004E-5    0.2                      0
1.0E-5                   3.5000000000000004E-5    0.30000000000000004      0
1.0E-5                   3.5000000000000004E-5    0.4                      0
1.0E-5                   3.5000000000000004E-5    0.5                      0
1.0E-5                   3.5000000000000004E-5    0.6000000000000001       0
1.0E-5                   3.5000000000000004E-5    0.7000000000000001       0
1.0E-5                   3.5000000000000004E-5    0.8                      0
1.0E-5                   3.5000000000000004E-5    0.9                      0
1.0E-5                   3.5000000000000004E-5    1                        1.2737287694567903E-6
1.0E-5                   3.5000000000000004E-5    1.1                      2.3702935881164522E-6
1.0E-5                   3.5000000000000004E-5    1.2000000000000002       2.390834997077015E-6
1.0E-5                   3.5000000000000004E-5    1.3                      2.411277502303684E-6
1.0E-5                   3.5000000000000004E-5    1.4000000000000001       2.4315997454154933E-6
1.0E-5                   3.5000000000000004E-5    1.5                      2.4518408620674443E-6
1.0E-5                   3.5000000000000004E-5    1.6                      2.4719988364337294E-6
1.0E-5                   3.5000000000000004E-5    1.7000000000000002       2.4919765538809486E-6
1.0E-5                   3.5000000000000004E-5    1.8                      2.51189072489791E-6
1.0E-5                   3.5000000000000004E-5    1.9000000000000001       2.531741476783552E-6
1.0E-5                   3.5000000000000004E-5    2                        2.5515289359326355E-6
1.0E-5                   3.5000000000000004E-5    5                        3.107390217982006E-6
1.0E-5                   3.5000000000000004E-5    10                       3.91723994362966E-6
1.0E-5                   3.5000000000000004E-5    100                      1.155104977741156E-5
1.0E-5                   3.5000000000000004E-5    100                      1.155104977741156E-5
1.0E-5                   3.5000000000000004E-5    200                      1.6327790026413448E-5
1.0E-5                   3.5000000000000004E-5    300                      1.9969164122673393E-5
1.0E-5                   3.5000000000000004E-5    400                      2.300054429618863E-5
1.0E-5                   3.5000000000000004E-5    500                      2.565709285551312E-5
1.0E-5                   3.5000000000000004E-5    600                      2.8052325815803175E-5
1.0E-5                   3.5000000000000004E-5    700                      3.0246607970904287E-5
1.0E-5                   3.5000000000000004E-5    800                      3.2279650700824115E-5
1.0E-5                   3.5000000000000004E-5    900                      3.41806341655398E-5
1.0E-5                   3.5000000000000004E-5    1000                     3.5971998232741176E-5
1.0E-5                   3.5000000000000004E-5    2000                     5.0191186696134966E-5
1.0E-5                   3.5000000000000004E-5    3000                     6.0717903463265235E-5
1.0E-5                   3.5000000000000004E-5    4000                     6.925792544152836E-5
1.0E-5                   3.5000000000000004E-5    5000                     7.653395422618038E-5
1.0E-5                   3.5000000000000004E-5    6000                     8.290583556049718E-5
1.0E-5                   3.5000000000000004E-5    7000                     8.859469505679031E-5
1.0E-5                   3.5000000000000004E-5    8000                     9.374422096233459E-5
1.0E-5                   3.5000000000000004E-5    9000                     9.844724214123983E-5
1.0E-5                   3.5000000000000004E-5    10000                    1.0277881015971507E-4
1.0E-5                   3.5000000000000004E-5    20000                    1.3296666599215952E-4
1.0E-5                   3.5000000000000004E-5    30000                    1.4881350766065863E-4
1.0E-5                   3.5000000000000004E-5    40000                    1.5691709227605622E-4
1.0E-5                   3.5000000000000004E-5    50000                    1.6088165497732504E-4
1.0E-5                   3.5000000000000004E-5    60000                    1.6269973242167315E-4
1.0E-5                   3.5000000000000004E-5    70000                    1.6354974896446727E-4
1.0E-5                   3.5000000000000004E-5    80000                    1.6398215775014478E-4
1.0E-5                   3.5000000000000004E-5    90000                    1.6422781854558244E-4
1.0E-5                   3.5000000000000004E-5    100000                   1.6437819777171867E-4
1.0E-5                   3.5000000000000004E-5    110000                   1.6446985239286093E-4
1.0E-5                   3.5000000000000004E-5    120000                   1.6450754576731756E-4
1.0E-5                   3.5000000000000004E-5    130000                   1.645291309166384E-4
1.0E-5                   3.5000000000000004E-5    140000                   1.645258118708496E-4
1.0E-5                   3.5000000000000004E-5    150000                   1.645245670701709E-4
1.0E-5                   3.5000000000000004E-5    160000                   1.6451681516311853E-4
1.0E-5                   3.5000000000000004E-5    170000                   1.6451210020357847E-4
1.0E-5                   3.5000000000000004E-5    180000                   1.6450805920838944E-4
1.0E-5                   3.5000000000000004E-5    190000                   1.6450619842031837E-4
1.0E-5                   3.5000000000000004E-5    200000                   1.6450460377254305E-4
2.0E-5                   5.0E-6                   0                        0
2.0E-5                   5.0E-6                   0.1                      0
2.0E-5                   5.0E-6                   0.2                      0
2.0E-5                   5.0E-6                   0.30000000000000004      0
2.0E-5                   5.0E-6                   0.4                      0
2.0E-5                   5.0E-6                   0.5                      0
2.0E-5                   5.0E-6                   0.6000000000000001       0
2.0E-5                   5.0E-6                   0.7000000000000001       0
2.0E-5                   5.0E-6                   0.8                      0
2.0E-5                   5.0E-6                   0.9                      0
2.0E-5                   5.0E-6                   1                        1.0074007717064683E-6
2.0E-5                   5.0E-6                   1.1                      1.8734900658650364E-6
2.0E-5                   5.0E-6                   1.2000000000000002       1.88924591168981E-6
2.0E-5                   5.0E-6                   1.3                      1.9049249204000125E-6
2.0E-5                   5.0E-6                   1.4000000000000001       1.9205161020357696E-6
2.0E-5                   5.0E-6                   1.5                      1.9360397473092475E-6
2.0E-5                   5.0E-6                   1.6                      1.951509449627032E-6
2.0E-5                   5.0E-6                   1.7000000000000002       1.966846424079068E-6
2.0E-5                   5.0E-6                   1.8                      1.9821151468283717E-6
2.0E-5                   5.0E-6                   1.9000000000000001       1.9973361799558157E-6
2.0E-5                   5.0E-6                   2                        2.0125096256495564E-6
2.0E-5                   5.0E-6                   5                        2.4392808427199554E-6
2.0E-5                   5.0E-6                   10                       3.0618761135025984E-6
2.0E-5                   5.0E-6                   100                      8.963477953346123E-6
2.0E-5                   5.0E-6                   100                      8.963477953346123E-6
2.0E-5                   5.0E-6                   200                      1.2668066077867175E-5
2.0E-5                   5.0E-6                   300                      1.5483421446364817E-5
2.0E-5                   5.0E-6                   400                      1.785262779288114E-5
2.0E-5                   5.0E-6                   500                      1.9941061876508743E-5
2.0E-5                   5.0E-6                   600                      2.182134732360205E-5
2.0E-5                   5.0E-6                   700                      2.354405426330262E-5
2.0E-5                   5.0E-6                   800                      2.5144551565131518E-5
2.0E-5                   5.0E-6                   900                      2.6643886049829694E-5
2.0E-5                   5.0E-6                   1000                     2.806052764531301E-5
2.0E-5                   5.0E-6                   2000                     3.95198576311154E-5
2.0E-5                   5.0E-6                   3000                     4.830601382837427E-5
2.0E-5                   5.0E-6                   4000                     5.569143707424361E-5
2.0E-5                   5.0E-6                   5000                     6.218483074873484E-5
2.0E-5                   5.0E-6                   6000                     6.807001701417214E-5
2.0E-5                   5.0E-6                   7000                     7.348548932374834E-5
2.0E-5                   5.0E-6                   8000                     7.851110941729243E-5
2.0E-5                   5.0E-6                   9000                     8.322253126896301E-5
2.0E-5                   5.0E-6                   10000                    8.766754048932173E-5
2.0E-5                   5.0E-6                   20000                    1.222797314695351E-4
2.0E-5                   5.0E-6                   30000                    1.4402941947705948E-4
2.0E-5                   5.0E-6                   40000                    1.5706428038176742E-4
2.0E-5                   5.0E-6                   50000                    1.6444524122420187E-4
2.0E-5                   5.0E-6                   60000                    1.6844918956139356E-4
2.0E-5                   5.0E-6                   70000                    1.7054492455638977E-4
2.0E-5                   5.0E-6                   80000                    1.7167671851645437E-4
2.0E-5                   5.0E-6                   90000                    1.722708156207814E-4
2.0E-5                   5.0E-6                   100000                   1.7267149395131602E-4
2.0E-5                   5.0E-6                   110000                   1.7294657829571624E-4
2.0E-5                   5.0E-6                   120000                   1.731271164270469E-4
2.0E-5                   5.0E-6                   130000                   1.7324892772691317E-4
2.0E-5                   5.0E-6                   140000                   1.73308253318846E-4
2.0E-5                   5.0E-6                   150000                   1.7334972023557872E-4
2.0E-5                   5.0E-6                   160000                   1.7335852986190552E-4
2.0E-5                   5.0E-6                   170000                   1.7336617912887001E-4
2.0E-5                   5.0E-6                   180000                   1.7336217970297864E-4
2.0E-5                   5.0E-6                   190000                   1.7336021153822095E-4
2.0E-5                   5.0E-6                   200000                   1.733557151960311E-4
2.0E-5                   1.25E-5                  0                        0
2.0E-5                   1.25E-5                  0.1                      0
2.0E-5                   1.25E-5                  0.2                      0
2.0E-5                   1.25E-5                  0.30000000000000004      0
2.0E-5                   1.25E-5                  0.4                      0
2.0E-5                   1.25E-5                  0.5                      0
2.0E-5                   1.25E-5                  0.6000000000000001       0
2.0E-5                   1.25E-5                  0.7000000000000001       0
2.0E-5                   1.25E-5                  0.8                      0
2.0E-5                   1.25E-5                  0.9                      0
2.0E-5                   1.25E-5                  1                        1.0757594991232192E-6
2.0E-5                   1.25E-5                  1.1                      2.0004526344017893E-6
2.0E-5                   1.25E-5                  1.2000000000000002       2.0174993339847107E-6
2.0E-5                   1.25E-5                  1.3                      2.034458900336185E-6
2.0E-5                   1.25E-5                  1.4000000000000001       2.051323097151798E-6
2.0E-5                   1.25E-5                  1.5                      2.068110800364492E-6
2.0E-5                   1.25E-5                  1.6                      2.0848388739086082E-6
2.0E-5                   1.25E-5                  1.7000000000000002       2.1014201523708905E-6
2.0E-5                   1.25E-5                  1.8                      2.1179266632292253E-6
2.0E-5                   1.25E-5                  1.9000000000000001       2.134380478415814E-6
2.0E-5                   1.25E-5                  2                        2.1507817053448307E-6
2.0E-5                   1.25E-5                  5                        2.6114599305078945E-6
2.0E-5                   1.25E-5                  10                       3.281653547354066E-6
2.0E-5                   1.25E-5                  100                      9.609424489052284E-6
2.0E-5                   1.25E-5                  100                      9.609424489052284E-6
2.0E-5                   1.25E-5                  200                      1.3573805965877715E-5
2.0E-5                   1.25E-5                  300                      1.657621034270611E-5
2.0E-5                   1.25E-5                  400                      1.9093783264410926E-5
2.0E-5                   1.25E-5                  500                      2.1293750501816622E-5
2.0E-5                   1.25E-5                  600                      2.3278873121904702E-5
2.0E-5                   1.25E-5                  700                      2.5093863302477945E-5
2.0E-5                   1.25E-5                  800                      2.6776293250442734E-5
2.0E-5                   1.25E-5                  900                      2.8349842306883712E-5
2.0E-5                   1.25E-5                  1000                     2.983368955244106E-5
2.0E-5                   1.25E-5                  2000                     4.1732655481776055E-5
2.0E-5                   1.25E-5                  3000                     5.076979172027977E-5
2.0E-5                   1.25E-5                  4000                     5.836059395652909E-5
2.0E-5                   1.25E-5                  5000                     6.501993142101747E-5
2.0E-5                   1.25E-5                  6000                     7.102720411821771E-5
2.0E-5                   1.25E-5                  7000                     7.65382063549946E-5
2.0E-5                   1.25E-5                  8000                     8.165180077793971E-5
2.0E-5                   1.25E-5                  9000                     8.643360969008121E-5
2.0E-5                   1.25E-5                  10000                    9.092581592271332E-5
2.0E-5                   1.25E-5                  20000                    1.248736332253564E-4
2.0E-5                   1.25E-5                  30000                    1.4485307522559143E-4
2.0E-5                   1.25E-5                  40000                    1.5594751698373518E-4
2.0E-5                   1.25E-5                  50000                    1.6177564377625774E-4
2.0E-5                   1.25E-5                  60000                    1.6474096737779324E-4
2.0E-5                   1.25E-5                  70000                    1.662448761622661E-4
2.0E-5                   1.25E-5                  80000                    1.6704634953955722E-4
2.0E-5                   1.25E-5                  90000                    1.6749256833606887E-4
2.0E-5                   1.25E-5                  100000                   1.677620189790166E-4
2.0E-5                   1.25E-5                  110000                   1.6792150866128558E-4
2.0E-5                   1.25E-5                  120000                   1.6801302660982695E-4
2.0E-5                   1.25E-5                  130000                   1.6805672245494673E-4
2.0E-5                   1.25E-5                  140000                   1.6807284978477663E-4
2.0E-5                   1.25E-5                  150000                   1.680710087798169E-4
2.0E-5                   1.25E-5                  160000                   1.6806659582695944E-4
2.0E-5                   1.25E-5                  170000                   1.6805780825346063E-4
2.0E-5                   1.25E-5                  180000                   1.6805159529752198E-4
2.0E-5                   1.25E-5                  190000                   1.680474969528891E-4
2.0E-5                   1.25E-5                  200000                   1.680448454916355E-4
2.0E-5                   2.0E-5                   0                        0
2.0E-5                   2.0E-5                   0.1                      0
2.0E-5                   2.0E-5                   0.2                      0
2.0E-5                   2.0E-5                   0.30000000000000004      0
2.0E-5                   2.0E-5                   0.4                      0
2.0E-5                   2.0E-5                   0.5                      0
2.0E-5                   2.0E-5                   0.6000000000000001       0
2.0E-5                   2.0E-5                   0.7000000000000001       0
2.0E-5                   2.0E-5                   0.8                      0
2.0E-5                   2.0E-5                   0.9                      0
2.0E-5                   2.0E-5                   1                        1.1365680818333258E-6
2.0E-5                   2.0E-5                   1.1                      2.113590369427673E-6
2.0E-5                   2.0E-5                   1.2000000000000002       2.1317018968603123E-6
2.0E-5                   2.0E-5                   1.3                      2.1497254660884974E-6
2.0E-5                   2.0E-5                   1.4000000000000001       2.167646792190445E-6
2.0E-5                   2.0E-5                   1.5                      2.1854937394298382E-6
2.0E-5                   2.0E-5                   1.6                      2.2032786755608798E-6
2.0E-5                   2.0E-5                   1.7000000000000002       2.2208968755543212E-6
2.0E-5                   2.0E-5                   1.8                      2.238456124998356E-6
2.0E-5                   2.0E-5                   1.9000000000000001       2.2559603460473005E-6
2.0E-5                   2.0E-5                   2                        2.273409649133425E-6
2.0E-5                   2.0E-5                   5                        2.7641766719821693E-6
2.0E-5                   2.0E-5                   10                       3.480255697639258E-6
2.0E-5                   2.0E-5                   100                      1.0258609691114224E-5
2.0E-5                   2.0E-5                   100                      1.0258609691114224E-5
2.0E-5                   2.0E-5                   200                      1.4493888968513285E-5
2.0E-5                   2.0E-5                   300                      1.7703689403117767E-5
2.0E-5                   2.0E-5                   400                      2.0393980224977663E-5
2.0E-5                   2.0E-5                   500                      2.2746148758945102E-5
2.0E-5                   2.0E-5                   600                      2.4866213776700645E-5
2.0E-5                   2.0E-5                   700                      2.6803185292692032E-5
2.0E-5                   2.0E-5                   800                      2.859728916132056E-5
2.0E-5                   2.0E-5                   900                      3.027389850153655E-5
2.0E-5                   2.0E-5                   1000                     3.1853138745419994E-5
2.0E-5                   2.0E-5                   2000                     4.444986840195968E-5
2.0E-5                   2.0E-5                   3000                     5.3939522373272134E-5
2.0E-5                   2.0E-5                   4000                     6.185989319713326E-5
2.0E-5                   2.0E-5                   5000                     6.877166657097985E-5
2.0E-5                   2.0E-5                   6000                     7.497210642957498E-5
2.0E-5                   2.0E-5                   7000                     8.062187419234088E-5
2.0E-5                   2.0E-5                   8000                     8.582360945336395E-5
2.0E-5                   2.0E-5                   9000                     9.064502864198278E-5
2.0E-5                   2.0E-5                   10000                    9.513262245129198E-5
2.0E-5                   2.0E-5                   20000                    1.2744723222055254E-4
2.0E-5                   2.0E-5                   30000                    1.4487721409328877E-4
2.0E-5                   2.0E-5                   40000                    1.5393037967964827E-4
2.0E-5                   2.0E-5                   50000                    1.584520547356993E-4
2.0E-5                   2.0E-5                   60000                    1.6063179956750517E-4
2.0E-5                   2.0E-5                   70000                    1.61596340605026E-4
2.0E-5                   2.0E-5                   80000                    1.6207639132378537E-4
2.0E-5                   2.0E-5                   90000                    1.62346398277062E-4
2.0E-5                   2.0E-5                   100000                   1.6253400198790478E-4
2.0E-5                   2.0E-5                   110000                   1.6259642602193064E-4
2.0E-5                   2.0E-5                   120000                   1.6265340751597218E-4
2.0E-5                   2.0E-5                   130000                   1.6267838525069677E-4
2.0E-5                   2.0E-5                   140000                   1.6270122918364733E-4
2.0E-5                   2.0E-5                   150000                   1.6271128598767238E-4
2.0E-5                   2.0E-5                   160000                   1.6272049084314726E-4
2.0E-5                   2.0E-5                   170000                   1.6272454513786594E-4
2.0E-5                   2.0E-5                   180000                   1.6272825637554398E-4
2.0E-5                   2.0E-5                   190000                   1.627298913558757E-4
2.0E-5                   2.0E-5                   200000                   1.6273138806202975E-4
2.0E-5                   2.75E-5                  0                        0
2.0E-5                   2.75E-5                  0.1                      0
2.0E-5                   2.75E-5                  0.2                      0
2.0E-5                   2.75E-5                  0.30000000000000004      0
2.0E-5                   2.75E-5                  0.4                      0
2.0E-5                   2.75E-5                  0.5                      0
2.0E-5                   2.75E-5                  0.6000000000000001       0
2.0E-5                   2.75E-5                  0.7000000000000001       0
2.0E-5                   2.75E-5                  0.8                      0
2.0E-5                   2.75E-5                  0.9                      0
2.0E-5                   2.75E-5                  1                        1.2102667316720328E-6
2.0E-5                   2.75E-5                  1.1                      2.2512778810760907E-6
2.0E-5                   2.75E-5                  1.2000000000000002       2.270497564202774E-6
2.0E-5                   2.75E-5                  1.3                      2.289625664463029E-6
2.0E-5                   2.75E-5                  1.4000000000000001       2.3086426576195507E-6
2.0E-5                   2.75E-5                  1.5                      2.3275844551937393E-6
2.0E-5                   2.75E-5                  1.6                      2.3464500571327E-6
2.0E-5                   2.75E-5                  1.7000000000000002       2.3651482416864884E-6
2.0E-5                   2.75E-5                  1.8                      2.383787702729762E-6
2.0E-5                   2.75E-5                  1.9000000000000001       2.402368555453353E-6
2.0E-5                   2.75E-5                  2                        2.4208909142300243E-6
2.0E-5                   2.75E-5                  5                        2.9416979311531507E-6
2.0E-5                   2.75E-5                  10                       3.7019844843867314E-6
2.0E-5                   2.75E-5                  100                      1.0903079140044362E-5
2.0E-5                   2.75E-5                  100                      1.0903079140044362E-5
2.0E-5                   2.75E-5                  200                      1.5409236821966057E-5
2.0E-5                   2.75E-5                  300                      1.884187637354089E-5
2.0E-5                   2.75E-5                  400                      2.1698628964839576E-5
2.0E-5                   2.75E-5                  500                      2.4201523764692452E-5
2.0E-5                   2.75E-5                  600                      2.6457606770075168E-5
2.0E-5                   2.75E-5                  700                      2.852391804153639E-5
2.0E-5                   2.75E-5                  800                      3.0437995937342118E-5
2.0E-5                   2.75E-5                  900                      3.22275338996068E-5
2.0E-5                   2.75E-5                  1000                     3.391388617975423E-5
2.0E-5                   2.75E-5                  2000                     4.733034305188474E-5
2.0E-5                   2.75E-5                  3000                     5.738762925247323E-5
2.0E-5                   2.75E-5                  4000                     6.567313766146231E-5
2.0E-5                   2.75E-5                  5000                     7.281611027496006E-5
2.0E-5                   2.75E-5                  6000                     7.911332715643288E-5
2.0E-5                   2.75E-5                  7000                     8.474564683908349E-5
2.0E-5                   2.75E-5                  8000                     8.984329249030774E-5
2.0E-5                   2.75E-5                  9000                     9.44993570659334E-5
2.0E-5                   2.75E-5                  10000                    9.876800314768968E-5
2.0E-5                   2.75E-5                  20000                    1.2822803216429763E-4
2.0E-5                   2.75E-5                  30000                    1.4315667387842447E-4
2.0E-5                   2.75E-5                  40000                    1.5054510684430413E-4
2.0E-5                   2.75E-5                  50000                    1.541660246387381E-4
2.0E-5                   2.75E-5                  60000                    1.5596966208665446E-4
2.0E-5                   2.75E-5                  70000                    1.56829075787545E-4
2.0E-5                   2.75E-5                  80000                    1.5719386169626555E-4
2.0E-5                   2.75E-5                  90000                    1.573193613122134E-4
2.0E-5                   2.75E-5                  100000                   1.5732869748328538E-4
2.0E-5                   2.75E-5                  110000                   1.5735275365373415E-4
2.0E-5                   2.75E-5                  120000                   1.5738354904649325E-4
2.0E-5                   2.75E-5                  130000                   1.5739749594598308E-4
2.0E-5                   2.75E-5                  140000                   1.5741002823328138E-4
2.0E-5                   2.75E-5                  150000                   1.5741547635110922E-4
2.0E-5                   2.75E-5                  160000                   1.5742037154683051E-4
2.0E-5                   2.75E-5                  170000                   1.5742249619947877E-4
2.0E-5                   2.75E-5                  180000                   1.5742440511018355E-4
2.0E-5                   2.75E-5                  190000                   1.5742523275727804E-4
2.0E-5                   2.75E-5                  200000                   1.5742597633848268E-4
2.0E-5                   3.5000000000000004E-5    0                        0
2.0E-5                   3.5000000000000004E-5    0.1                      0
2.0E-5                   3.5000000000000004E-5    0.2                      0
2.0E-5                   3.5000000000000004E-5    0.30000000000000004      0
2.0E-5                   3.5000000000000004E-5    0.4                      0
2.0E-5                   3.5000000000000004E-5    0.5                      0
2.0E-5                   3.5000000000000004E-5    0.6000000000000001       0
2.0E-5                   3.5000000000000004E-5    0.7000000000000001       0
2.0E-5                   3.5000000000000004E-5    0.8                      0
2.0E-5                   3.5000000000000004E-5    0.9                      0
2.0E-5                   3.5000000000000004E-5    1                        1.2837893620837595E-6
2.0E-5                   3.5000000000000004E-5    1.1                      2.3891348224573364E-6
2.0E-5                   3.5000000000000004E-5    1.2000000000000002       2.4093793016896516E-6
2.0E-5                   3.5000000000000004E-5    1.3                      2.4295311150639727E-6
2.0E-5                   3.5000000000000004E-5    1.4000000000000001       2.449564376813752E-6
2.0E-5                   3.5000000000000004E-5    1.5                      2.4695245214953992E-6
2.0E-5                   3.5000000000000004E-5    1.6                      2.489386656274233E-6
2.0E-5                   3.5000000000000004E-5    1.7000000000000002       2.5090986060922907E-6
2.0E-5                   3.5000000000000004E-5    1.8                      2.5287492273074048E-6
2.0E-5                   3.5000000000000004E-5    1.9000000000000001       2.5483386379166765E-6
2.0E-5                   3.5000000000000004E-5    2                        2.5678669550815613E-6
2.0E-5                   3.5000000000000004E-5    5                        3.117287706917992E-6
2.0E-5                   3.5000000000000004E-5    10                       3.920996876886271E-6
2.0E-5                   3.5000000000000004E-5    100                      1.1550902682754783E-5
2.0E-5                   3.5000000000000004E-5    100                      1.1550902682754783E-5
2.0E-5                   3.5000000000000004E-5    200                      1.6334424122567368E-5
2.0E-5                   3.5000000000000004E-5    300                      1.996210233355185E-5
2.0E-5                   3.5000000000000004E-5    400                      2.299472460037776E-5
2.0E-5                   3.5000000000000004E-5    500                      2.56689366157029E-5
2.0E-5                   3.5000000000000004E-5    600                      2.807145988915533E-5
2.0E-5                   3.5000000000000004E-5    700                      3.0264408314530015E-5
2.0E-5                   3.5000000000000004E-5    800                      3.229276228622669E-5
2.0E-5                   3.5000000000000004E-5    900                      3.4188825623379314E-5
2.0E-5                   3.5000000000000004E-5    1000                     3.597569307817303E-5
2.0E-5                   3.5000000000000004E-5    2000                     5.013953773147001E-5
2.0E-5                   3.5000000000000004E-5    3000                     6.0459315009373876E-5
2.0E-5                   3.5000000000000004E-5    4000                     6.86665091915719E-5
2.0E-5                   3.5000000000000004E-5    5000                     7.551951970665562E-5
2.0E-5                   3.5000000000000004E-5    6000                     8.144036214273974E-5
2.0E-5                   3.5000000000000004E-5    7000                     8.667034077440789E-5
2.0E-5                   3.5000000000000004E-5    8000                     9.137030620887559E-5
2.0E-5                   3.5000000000000004E-5    9000                     9.563148425337027E-5
2.0E-5                   3.5000000000000004E-5    10000                    9.953270134053949E-5
2.0E-5                   3.5000000000000004E-5    20000                    1.2625360312761808E-4
2.0E-5                   3.5000000000000004E-5    30000                    1.3979087971023886E-4
2.0E-5                   3.5000000000000004E-5    40000                    1.4641935737418781E-4
2.0E-5                   3.5000000000000004E-5    50000                    1.49459149224453E-4
2.0E-5                   3.5000000000000004E-5    60000                    1.5081474156525507E-4
2.0E-5                   3.5000000000000004E-5    70000                    1.5143196175983393E-4
2.0E-5                   3.5000000000000004E-5    80000                    1.5175073539321383E-4
2.0E-5                   3.5000000000000004E-5    90000                    1.5195128937127653E-4
2.0E-5                   3.5000000000000004E-5    100000                   1.520555724555339E-4
2.0E-5                   3.5000000000000004E-5    110000                   1.5211750118669003E-4
2.0E-5                   3.5000000000000004E-5    120000                   1.5213930535437593E-4
2.0E-5                   3.5000000000000004E-5    130000                   1.5214915708011218E-4
2.0E-5                   3.5000000000000004E-5    140000                   1.5214200761175866E-4
2.0E-5                   3.5000000000000004E-5    150000                   1.521381606824702E-4
2.0E-5                   3.5000000000000004E-5    160000                   1.5213144647562533E-4
2.0E-5                   3.5000000000000004E-5    170000                   1.521277233552445E-4
2.0E-5                   3.5000000000000004E-5    180000                   1.521246541205236E-4
2.0E-5                   3.5000000000000004E-5    190000                   1.5212322809942454E-4
2.0E-5                   3.5000000000000004E-5    200000                   1.521220544463519E-4
5.0E-5                   5.0E-6                   0                        0
5.0E-5                   5.0E-6                   0.1                      0
5.0E-5                   5.0E-6                   0.2                      0
5.0E-5                   5.0E-6                   0.30000000000000004      0
5.0E-5                   5.0E-6                   0.4                      0
5.0E-5                   5.0E-6                   0.5                      0
5.0E-5                   5.0E-6                   0.6000000000000001       0
5.0E-5                   5.0E-6                   0.7000000000000001       0
5.0E-5                   5.0E-6                   0.8                      0
5.0E-5                   5.0E-6                   0.9                      0
5.0E-5                   5.0E-6                   1                        1.0088190676791519E-6
5.0E-5                   5.0E-6                   1.1                      1.8777485113611322E-6
5.0E-5                   5.0E-6                   1.2000000000000002       1.8934256347113653E-6
5.0E-5                   5.0E-6                   1.3                      1.9090262943195535E-6
5.0E-5                   5.0E-6                   1.4000000000000001       1.924542360229304E-6
5.0E-5                   5.0E-6                   1.5                      1.93998986747859E-6
5.0E-5                   5.0E-6                   1.6                      1.9553845809178114E-6
5.0E-5                   5.0E-6                   1.7000000000000002       1.9706562987427523E-6
5.0E-5                   5.0E-6                   1.8                      1.9858520601234615E-6
5.0E-5                   5.0E-6                   1.9000000000000001       2.0010011564833305E-6
5.0E-5                   5.0E-6                   2                        2.0161036797864806E-6
5.0E-5                   5.0E-6                   5                        2.4412953184298285E-6
5.0E-5                   5.0E-6                   10                       3.0628171476989993E-6
5.0E-5                   5.0E-6                   100                      8.965159032223152E-6
5.0E-5                   5.0E-6                   100                      8.965159032223152E-6
5.0E-5                   5.0E-6                   200                      1.2668316543212941E-5
5.0E-5                   5.0E-6                   300                      1.5483213022701896E-5
5.0E-5                   5.0E-6                   400                      1.785262487648818E-5
5.0E-5                   5.0E-6                   500                      1.994085700550406E-5
5.0E-5                   5.0E-6                   600                      2.182163602444712E-5
5.0E-5                   5.0E-6                   700                      2.3544352097820142E-5
5.0E-5                   5.0E-6                   800                      2.514476760219423E-5
5.0E-5                   5.0E-6                   900                      2.6644143635157205E-5
5.0E-5                   5.0E-6                   1000                     2.8060757842721173E-5
5.0E-5                   5.0E-6                   2000                     3.9520112693372064E-5
5.0E-5                   5.0E-6                   3000                     4.830555491199689E-5
5.0E-5                   5.0E-6                   4000                     5.5691956874244044E-5
5.0E-5                   5.0E-6                   5000                     6.218542076137378E-5
5.0E-5                   5.0E-6                   6000                     6.806971002770565E-5
5.0E-5                   5.0E-6                   7000                     7.348554322067366E-5
5.0E-5                   5.0E-6                   8000                     7.851155171828883E-5
5.0E-5                   5.0E-6                   9000                     8.322103060098891E-5
5.0E-5                   5.0E-6                   10000                    8.765980835128693E-5
5.0E-5                   5.0E-6                   20000                    1.2183746055665441E-4
5.0E-5                   5.0E-6                   30000                    1.4261699431792463E-4
5.0E-5                   5.0E-6                   40000                    1.5462889232250332E-4
5.0E-5                   5.0E-6                   50000                    1.6111878287135707E-4
5.0E-5                   5.0E-6                   60000                    1.6442152839716282E-4
5.0E-5                   5.0E-6                   70000                    1.660370024607023E-4
5.0E-5                   5.0E-6                   80000                    1.670192537680905E-4
5.0E-5                   5.0E-6                   90000                    1.6778446090572041E-4
5.0E-5                   5.0E-6                   100000                   1.6830790633694947E-4
5.0E-5                   5.0E-6                   110000                   1.6852160307274355E-4
5.0E-5                   5.0E-6                   120000                   1.6840690076190776E-4
5.0E-5                   5.0E-6                   130000                   1.6828581581377442E-4
5.0E-5                   5.0E-6                   140000                   1.6821452618919608E-4
5.0E-5                   5.0E-6                   150000                   1.6814538787894676E-4
5.0E-5                   5.0E-6                   160000                   1.6811481983664556E-4
5.0E-5                   5.0E-6                   170000                   1.680851810907125E-4
5.0E-5                   5.0E-6                   180000                   1.6807207935994812E-4
5.0E-5                   5.0E-6                   190000                   1.680593772208074E-4
5.0E-5                   5.0E-6                   200000                   1.680537632426E-4
5.0E-5                   1.25E-5                  0                        0
5.0E-5                   1.25E-5                  0.1                      0
5.0E-5                   1.25E-5                  0.2                      0
5.0E-5                   1.25E-5                  0.30000000000000004      0
5.0E-5                   1.25E-5                  0.4                      0
5.0E-5                   1.25E-5                  0.5                      0
5.0E-5                   1.25E-5                  0.6000000000000001       0
5.0E-5                   1.25E-5                  0.7000000000000001       0
5.0E-5                   1.25E-5                  0.8                      0
5.0E-5                   1.25E-5                  0.9                      0
5.0E-5                   1.25E-5                  1                        1.0678956144377843E-6
5.0E-5                   1.25E-5                  1.1                      1.9864372225984613E-6
5.0E-5                   1.25E-5                  1.2000000000000002       2.003570237673862E-6
5.0E-5                   1.25E-5                  1.3                      2.0206178108792907E-6
5.0E-5                   1.25E-5                  1.4000000000000001       2.0375666894226724E-6
5.0E-5                   1.25E-5                  1.5                      2.054443001177087E-6
5.0E-5                   1.25E-5                  1.6                      2.071259126155505E-6
5.0E-5                   1.25E-5                  1.7000000000000002       2.0879152384404164E-6
5.0E-5                   1.25E-5                  1.8                      2.1045125113423695E-6
5.0E-5                   1.25E-5                  1.9000000000000001       2.1210564508415443E-6
5.0E-5                   1.25E-5                  2                        2.1375471676792187E-6
5.0E-5                   1.25E-5                  5                        2.6006276053825377E-6
5.0E-5                   1.25E-5                  10                       3.2740977435522736E-6
5.0E-5                   1.25E-5                  100                      9.611141733566363E-6
5.0E-5                   1.25E-5                  100                      9.611141733566363E-6
5.0E-5                   1.25E-5                  200                      1.3574641088688421E-5
5.0E-5                   1.25E-5                  300                      1.6578070360346994E-5
5.0E-5                   1.25E-5                  400                      1.9094793431955076E-5
5.0E-5                   1.25E-5                  500                      2.1295869148146817E-5
5.0E-5                   1.25E-5                  600                      2.3280611838702858E-5
5.0E-5                   1.25E-5                  700                      2.509521255435602E-5
5.0E-5                   1.25E-5                  800                      2.6777432098596434E-5
5.0E-5                   1.25E-5                  900                      2.8351033769476338E-5
5.0E-5                   1.25E-5                  1000                     2.983479077696915E-5
5.0E-5                   1.25E-5                  2000                     4.173396054152161E-5
5.0E-5                   1.25E-5                  3000                     5.077293131045259E-5
5.0E-5                   1.25E-5                  4000                     5.836331780376284E-5
5.0E-5                   1.25E-5                  5000                     6.502228341772787E-5
5.0E-5                   1.25E-5                  6000                     7.102707926372131E-5
5.0E-5                   1.25E-5                  7000                     7.652905992200659E-5
5.0E-5                   1.25E-5                  8000                     8.162282609296218E-5
5.0E-5                   1.25E-5                  9000                     8.636716038981137E-5
5.0E-5                   1.25E-5                  10000                    9.080127190841198E-5
5.0E-5                   1.25E-5                  20000                    1.2282091526355095E-4
5.0E-5                   1.25E-5                  30000                    1.3966065072238635E-4
5.0E-5                   1.25E-5                  40000                    1.4786792333683894E-4
5.0E-5                   1.25E-5                  50000                    1.5158325828154532E-4
5.0E-5                   1.25E-5                  60000                    1.5329606527447601E-4
5.0E-5                   1.25E-5                  70000                    1.5400581425030854E-4
5.0E-5                   1.25E-5                  80000                    1.5443981094255982E-4
5.0E-5                   1.25E-5                  90000                    1.545811504962103E-4
5.0E-5                   1.25E-5                  100000                   1.5466322282624355E-4
5.0E-5                   1.25E-5                  110000                   1.5470424607899654E-4
5.0E-5                   1.25E-5                  120000                   1.5473110369846048E-4
5.0E-5                   1.25E-5                  130000                   1.5474693985738784E-4
5.0E-5                   1.25E-5                  140000                   1.547572887788608E-4
5.0E-5                   1.25E-5                  150000                   1.547633898962947E-4
5.0E-5                   1.25E-5                  160000                   1.5476737592934133E-4
5.0E-5                   1.25E-5                  170000                   1.5476972814263226E-4
5.0E-5                   1.25E-5                  180000                   1.547712668022819E-4
5.0E-5                   1.25E-5                  190000                   1.5477217490149508E-4
5.0E-5                   1.25E-5                  200000                   1.5477276901057103E-4
5.0E-5                   2.0E-5                   0                        0
5.0E-5                   2.0E-5                   0.1                      0
5.0E-5                   2.0E-5                   0.2                      0
5.0E-5                   2.0E-5                   0.30000000000000004      0
5.0E-5                   2.0E-5                   0.4                      0
5.0E-5                   2.0E-5                   0.5                      0
5.0E-5                   2.0E-5                   0.6000000000000001       0
5.0E-5                   2.0E-5                   0.7000000000000001       0
5.0E-5                   2.0E-5                   0.8                      0
5.0E-5                   2.0E-5                   0.9                      0
5.0E-5                   2.0E-5                   1                        1.1477302897205607E-6
5.0E-5                   2.0E-5                   1.1                      2.135483342219962E-6
5.0E-5                   2.0E-5                   1.2000000000000002       2.1535278153933486E-6
5.0E-5                   2.0E-5                   1.3                      2.171487760027581E-6
5.0E-5                   2.0E-5                   1.4000000000000001       2.1893397087742203E-6
5.0E-5                   2.0E-5                   1.5                      2.2071250205149983E-6
5.0E-5                   2.0E-5                   1.6                      2.2248203044663605E-6
5.0E-5                   2.0E-5                   1.7000000000000002       2.2423794733088294E-6
5.0E-5                   2.0E-5                   1.8                      2.259882794805832E-6
5.0E-5                   2.0E-5                   1.9000000000000001       2.2773303829011915E-6
5.0E-5                   2.0E-5                   2                        2.294722350687933E-6
5.0E-5                   2.0E-5                   5                        2.7833296922710067E-6
5.0E-5                   2.0E-5                   10                       3.4963986399548797E-6
5.0E-5                   2.0E-5                   100                      1.0254650202496674E-5
5.0E-5                   2.0E-5                   100                      1.0254650202496674E-5
5.0E-5                   2.0E-5                   200                      1.4491138859706349E-5
5.0E-5                   2.0E-5                   300                      1.7714652232920776E-5
5.0E-5                   2.0E-5                   400                      2.0397235287585223E-5
5.0E-5                   2.0E-5                   500                      2.274713368485451E-5
5.0E-5                   2.0E-5                   600                      2.4864724201146288E-5
5.0E-5                   2.0E-5                   700                      2.68034701151764E-5
5.0E-5                   2.0E-5                   800                      2.859880520675768E-5
5.0E-5                   2.0E-5                   900                      3.0277429477661122E-5
5.0E-5                   2.0E-5                   1000                     3.186008856009937E-5
5.0E-5                   2.0E-5                   2000                     4.4469265859970544E-5
5.0E-5                   2.0E-5                   3000                     5.396168213170293E-5
5.0E-5                   2.0E-5                   4000                     6.186966567289693E-5
5.0E-5                   2.0E-5                   5000                     6.8766630457524E-5
5.0E-5                   2.0E-5                   6000                     7.49154615568473E-5
5.0E-5                   2.0E-5                   7000                     8.046664980890578E-5
5.0E-5                   2.0E-5                   8000                     8.551138983258249E-5
5.0E-5                   2.0E-5                   9000                     9.011147036707063E-5
5.0E-5                   2.0E-5                   10000                    9.432173086775627E-5
5.0E-5                   2.0E-5                   20000                    1.2150934572076791E-4
5.0E-5                   2.0E-5                   30000                    1.33188704790747E-4
5.0E-5                   2.0E-5                   40000                    1.3811201599748217E-4
5.0E-5                   2.0E-5                   50000                    1.4011625360672958E-4
5.0E-5                   2.0E-5                   60000                    1.4090917218022195E-4
5.0E-5                   2.0E-5                   70000                    1.4124528495395582E-4
5.0E-5                   2.0E-5                   80000                    1.4137153235665667E-4
5.0E-5                   2.0E-5                   90000                    1.414308270415227E-4
5.0E-5                   2.0E-5                   100000                   1.4146036221526206E-4
5.0E-5                   2.0E-5                   110000                   1.4148057414194634E-4
5.0E-5                   2.0E-5                   120000                   1.4149092318835506E-4
5.0E-5                   2.0E-5                   130000                   1.4149799077310056E-4
5.0E-5                   2.0E-5                   140000                   1.4150158574242213E-4
5.0E-5                   2.0E-5                   150000                   1.415040547824214E-4
5.0E-5                   2.0E-5                   160000                   1.4150533215867E-4
5.0E-5                   2.0E-5                   170000                   1.4150620934178182E-4
5.0E-5                   2.0E-5                   180000                   1.4150666294958245E-4
5.0E-5                   2.0E-5                   190000                   1.4150697444840335E-4
5.0E-5                   2.0E-5                   200000                   1.4150713553294747E-4
5.0E-5                   2.75E-5                  0                        0
5.0E-5                   2.75E-5                  0.1                      0
5.0E-5                   2.75E-5                  0.2                      0
5.0E-5                   2.75E-5                  0.30000000000000004      0
5.0E-5                   2.75E-5                  0.4                      0
5.0E-5                   2.75E-5                  0.5                      0
5.0E-5                   2.75E-5                  0.6000000000000001       0
5.0E-5                   2.75E-5                  0.7000000000000001       0
5.0E-5                   2.75E-5                  0.8                      0
5.0E-5                   2.75E-5                  0.9                      0
5.0E-5                   2.75E-5                  1                        1.1796458809283874E-6
5.0E-5                   2.75E-5                  1.1                      2.198083656543361E-6
5.0E-5                   2.75E-5                  1.2000000000000002       2.217788499797536E-6
5.0E-5                   2.75E-5                  1.3                      2.237398547262882E-6
5.0E-5                   2.75E-5                  1.4000000000000001       2.2568863144098E-6
5.0E-5                   2.75E-5                  1.5                      2.2762997803207165E-6
5.0E-5                   2.75E-5                  1.6                      2.2956118904328387E-6
5.0E-5                   2.75E-5                  1.7000000000000002       2.314770082777924E-6
5.0E-5                   2.75E-5                  1.8                      2.3338659296083486E-6
5.0E-5                   2.75E-5                  1.9000000000000001       2.352899552441099E-6
5.0E-5                   2.75E-5                  2                        2.3718710719004967E-6
5.0E-5                   2.75E-5                  5                        2.903858163656135E-6
5.0E-5                   2.75E-5                  10                       3.677398573041989E-6
5.0E-5                   2.75E-5                  100                      1.0904610494405311E-5
5.0E-5                   2.75E-5                  100                      1.0904610494405311E-5
5.0E-5                   2.75E-5                  200                      1.541473666071097E-5
5.0E-5                   2.75E-5                  300                      1.8834568664213195E-5
5.0E-5                   2.75E-5                  400                      2.1692690225709397E-5
5.0E-5                   2.75E-5                  500                      2.4214305696167275E-5
5.0E-5                   2.75E-5                  600                      2.6475397138494385E-5
5.0E-5                   2.75E-5                  700                      2.8539056324430013E-5
5.0E-5                   2.75E-5                  800                      3.0447736338435543E-5
5.0E-5                   2.75E-5                  900                      3.223309125028559E-5
5.0E-5                   2.75E-5                  1000                     3.3916378809134876E-5
5.0E-5                   2.75E-5                  2000                     4.732897599395614E-5
5.0E-5                   2.75E-5                  3000                     5.7356200935965E-5
5.0E-5                   2.75E-5                  4000                     6.554288821254012E-5
5.0E-5                   2.75E-5                  5000                     7.242352725632791E-5
5.0E-5                   2.75E-5                  6000                     7.831196799867592E-5
5.0E-5                   2.75E-5                  7000                     8.339852956470469E-5
5.0E-5                   2.75E-5                  8000                     8.78320243967676E-5
5.0E-5                   2.75E-5                  9000                     9.172920473723277E-5
5.0E-5                   2.75E-5                  10000                    9.517527127956337E-5
5.0E-5                   2.75E-5                  20000                    1.1543446344286376E-4
5.0E-5                   2.75E-5                  30000                    1.234289684390884E-4
5.0E-5                   2.75E-5                  40000                    1.2646399207942759E-4
5.0E-5                   2.75E-5                  50000                    1.2758206638302207E-4
5.0E-5                   2.75E-5                  60000                    1.2803016785591933E-4
5.0E-5                   2.75E-5                  70000                    1.2818951608412242E-4
5.0E-5                   2.75E-5                  80000                    1.2823022602298961E-4
5.0E-5                   2.75E-5                  90000                    1.282365069154898E-4
5.0E-5                   2.75E-5                  100000                   1.2823851939864668E-4
5.0E-5                   2.75E-5                  110000                   1.2823962075095104E-4
5.0E-5                   2.75E-5                  120000                   1.2824025683624905E-4
5.0E-5                   2.75E-5                  130000                   1.28240607305731E-4
5.0E-5                   2.75E-5                  140000                   1.28240811923977E-4
5.0E-5                   2.75E-5                  150000                   1.282409249566721E-4
5.0E-5                   2.75E-5                  160000                   1.282409912204908E-4
5.0E-5                   2.75E-5                  170000                   1.2824102786700235E-4
5.0E-5                   2.75E-5                  180000                   1.2824104938918056E-4
5.0E-5                   2.75E-5                  190000                   1.2824106129770435E-4
5.0E-5                   2.75E-5                  200000                   1.2824106829693004E-4
5.0E-5                   3.5000000000000004E-5    0                        0
5.0E-5                   3.5000000000000004E-5    0.1                      0
5.0E-5                   3.5000000000000004E-5    0.2                      0
5.0E-5                   3.5000000000000004E-5    0.30000000000000004      0
5.0E-5                   3.5000000000000004E-5    0.4                      0
5.0E-5                   3.5000000000000004E-5    0.5                      0
5.0E-5                   3.5000000000000004E-5    0.6000000000000001       0
5.0E-5                   3.5000000000000004E-5    0.7000000000000001       0
5.0E-5                   3.5000000000000004E-5    0.8                      0
5.0E-5                   3.5000000000000004E-5    0.9                      0
5.0E-5                   3.5000000000000004E-5    1                        1.2859143946135097E-6
5.0E-5                   3.5000000000000004E-5    1.1                      2.3948718138678745E-6
5.0E-5                   3.5000000000000004E-5    1.2000000000000002       2.415032066802327E-6
5.0E-5                   3.5000000000000004E-5    1.3                      2.43509260244111E-6
5.0E-5                   3.5000000000000004E-5    1.4000000000000001       2.4550499292461236E-6
5.0E-5                   3.5000000000000004E-5    1.5                      2.474938222493663E-6
5.0E-5                   3.5000000000000004E-5    1.6                      2.4946706604321277E-6
5.0E-5                   3.5000000000000004E-5    1.7000000000000002       2.5143318535808453E-6
5.0E-5                   3.5000000000000004E-5    1.8                      2.533930705645711E-6
5.0E-5                   3.5000000000000004E-5    1.9000000000000001       2.5534673354877016E-6
5.0E-5                   3.5000000000000004E-5    2                        2.5728883125101132E-6
5.0E-5                   3.5000000000000004E-5    5                        3.1209696373434593E-6
5.0E-5                   3.5000000000000004E-5    10                       3.921972927176261E-6
5.0E-5                   3.5000000000000004E-5    100                      1.1548960958488949E-5
5.0E-5                   3.5000000000000004E-5    100                      1.1548960958488949E-5
5.0E-5                   3.5000000000000004E-5    200                      1.632955463058549E-5
5.0E-5                   3.5000000000000004E-5    300                      1.9960730900379488E-5
5.0E-5                   3.5000000000000004E-5    400                      2.2999280222144996E-5
5.0E-5                   3.5000000000000004E-5    500                      2.5656953718771183E-5
5.0E-5                   3.5000000000000004E-5    600                      2.8051926153627283E-5
5.0E-5                   3.5000000000000004E-5    700                      3.0246552133833843E-5
5.0E-5                   3.5000000000000004E-5    800                      3.228029850749227E-5
5.0E-5                   3.5000000000000004E-5    900                      3.4180495165751665E-5
5.0E-5                   3.5000000000000004E-5    1000                     3.596945419165359E-5
5.0E-5                   3.5000000000000004E-5    2000                     4.997702565648925E-5
5.0E-5                   3.5000000000000004E-5    3000                     5.965401049315908E-5
5.0E-5                   3.5000000000000004E-5    4000                     6.679794629057322E-5
5.0E-5                   3.5000000000000004E-5    5000                     7.23400445722393E-5
5.0E-5                   3.5000000000000004E-5    6000                     7.683315492256446E-5
5.0E-5                   3.5000000000000004E-5    7000                     8.062471385519257E-5
5.0E-5                   3.5000000000000004E-5    8000                     8.39176003955437E-5
5.0E-5                   3.5000000000000004E-5    9000                     8.681849472199363E-5
5.0E-5                   3.5000000000000004E-5    10000                    8.940870110489741E-5
5.0E-5                   3.5000000000000004E-5    20000                    1.055252576799574E-4
5.0E-5                   3.5000000000000004E-5    30000                    1.1191446739864722E-4
5.0E-5                   3.5000000000000004E-5    40000                    1.1409436440771968E-4
5.0E-5                   3.5000000000000004E-5    50000                    1.1467912925307468E-4
5.0E-5                   3.5000000000000004E-5    60000                    1.1479210245388336E-4
5.0E-5                   3.5000000000000004E-5    70000                    1.1487493202301059E-4
5.0E-5                   3.5000000000000004E-5    80000                    1.1491647754772904E-4
5.0E-5                   3.5000000000000004E-5    90000                    1.1494400130147929E-4
5.0E-5                   3.5000000000000004E-5    100000                   1.1495679328168184E-4
5.0E-5                   3.5000000000000004E-5    110000                   1.1496525199467598E-4
5.0E-5                   3.5000000000000004E-5    120000                   1.149691971858504E-4
5.0E-5                   3.5000000000000004E-5    130000                   1.1497181455717812E-4
5.0E-5                   3.5000000000000004E-5    140000                   1.1497303598068668E-4
5.0E-5                   3.5000000000000004E-5    150000                   1.149738467163054E-4
5.0E-5                   3.5000000000000004E-5    160000                   1.1497422512274815E-4
5.0E-5                   3.5000000000000004E-5    170000                   1.1497447633620541E-4
5.0E-5                   3.5000000000000004E-5    180000                   1.1497459359550387E-4
5.0E-5                   3.5000000000000004E-5    190000                   1.1497467144478322E-4
5.0E-5                   3.5000000000000004E-5    200000                   1.1497470778328634E-4
8.0E-5                   5.0E-6                   0                        0
8.0E-5                   5.0E-6                   0.1                      0
8.0E-5                   5.0E-6                   0.2                      0
8.0E-5                   5.0E-6                   0.30000000000000004      0
8.0E-5                   5.0E-6                   0.4                      0
8.0E-5                   5.0E-6                   0.5                      0
8.0E-5                   5.0E-6                   0.6000000000000001       0
8.0E-5                   5.0E-6                   0.7000000000000001       0
8.0E-5                   5.0E-6                   0.8                      0
8.0E-5                   5.0E-6                   0.9                      0
8.0E-5                   5.0E-6                   1                        9.853028240374232E-7
8.0E-5                   5.0E-6                   1.1                      1.8332473187708565E-6
8.0E-5                   5.0E-6                   1.2000000000000002       1.8494103400590014E-6
8.0E-5                   5.0E-6                   1.3                      1.8654912741883262E-6
8.0E-5                   5.0E-6                   1.4000000000000001       1.8814767963229012E-6
8.0E-5                   5.0E-6                   1.5                      1.8973910998475334E-6
8.0E-5                   5.0E-6                   1.6                      1.913247682075531E-6
8.0E-5                   5.0E-6                   1.7000000000000002       1.9289572441129523E-6
8.0E-5                   5.0E-6                   1.8                      1.944598512636108E-6
8.0E-5                   5.0E-6                   1.9000000000000001       1.9601889320911225E-6
8.0E-5                   5.0E-6                   2                        1.9757286139505E-6
8.0E-5                   5.0E-6                   5                        2.411593865911051E-6
8.0E-5                   5.0E-6                   10                       3.044227829277074E-6
8.0E-5                   5.0E-6                   100                      8.963997222587746E-6
8.0E-5                   5.0E-6                   100                      8.963997222587746E-6
8.0E-5                   5.0E-6                   200                      1.2668001111916516E-5
8.0E-5                   5.0E-6                   300                      1.5483225050000446E-5
8.0E-5                   5.0E-6                   400                      1.7852991145595506E-5
8.0E-5                   5.0E-6                   500                      1.994115459277335E-5
8.0E-5                   5.0E-6                   600                      2.1819783145353355E-5
8.0E-5                   5.0E-6                   700                      2.3541879213710585E-5
8.0E-5                   5.0E-6                   800                      2.5142042436839366E-5
8.0E-5                   5.0E-6                   900                      2.6641345457621806E-5
8.0E-5                   5.0E-6                   1000                     2.805819575416822E-5
8.0E-5                   5.0E-6                   2000                     3.95175551187837E-5
8.0E-5                   5.0E-6                   3000                     4.8304660443689027E-5
8.0E-5                   5.0E-6                   4000                     5.5686337973496075E-5
8.0E-5                   5.0E-6                   5000                     6.217923213968549E-5
8.0E-5                   5.0E-6                   6000                     6.806530291125609E-5
8.0E-5                   5.0E-6                   7000                     7.347480115749621E-5
8.0E-5                   5.0E-6                   8000                     7.84920408805339E-5
8.0E-5                   5.0E-6                   9000                     8.318638302092033E-5
8.0E-5                   5.0E-6                   10000                    8.7626954270671E-5
8.0E-5                   5.0E-6                   20000                    1.2133276286475708E-4
8.0E-5                   5.0E-6                   30000                    1.4097915910095407E-4
8.0E-5                   5.0E-6                   40000                    1.5169586780123487E-4
8.0E-5                   5.0E-6                   50000                    1.5716623675655396E-4
8.0E-5                   5.0E-6                   60000                    1.5982081714549138E-4
8.0E-5                   5.0E-6                   70000                    1.6109516039631457E-4
8.0E-5                   5.0E-6                   80000                    1.6174713257880103E-4
8.0E-5                   5.0E-6                   90000                    1.6209868077630315E-4
8.0E-5                   5.0E-6                   100000                   1.623879848311585E-4
8.0E-5                   5.0E-6                   110000                   1.6256380423349375E-4
8.0E-5                   5.0E-6                   120000                   1.6265882875638555E-4
8.0E-5                   5.0E-6                   130000                   1.6272014348800638E-4
8.0E-5                   5.0E-6                   140000                   1.627422853210516E-4
8.0E-5                   5.0E-6                   150000                   1.6275609269601665E-4
8.0E-5                   5.0E-6                   160000                   1.6275208059577935E-4
8.0E-5                   5.0E-6                   170000                   1.627505077802536E-4
8.0E-5                   5.0E-6                   180000                   1.6274466855636339E-4
8.0E-5                   5.0E-6                   190000                   1.627412928714661E-4
8.0E-5                   5.0E-6                   200000                   1.6273810612078187E-4
8.0E-5                   1.25E-5                  0                        0
8.0E-5                   1.25E-5                  0.1                      0
8.0E-5                   1.25E-5                  0.2                      0
8.0E-5                   1.25E-5                  0.30000000000000004      0
8.0E-5                   1.25E-5                  0.4                      0
8.0E-5                   1.25E-5                  0.5                      0
8.0E-5                   1.25E-5                  0.6000000000000001       0
8.0E-5                   1.25E-5                  0.7000000000000001       0
8.0E-5                   1.25E-5                  0.8                      0
8.0E-5                   1.25E-5                  0.9                      0
8.0E-5                   1.25E-5                  1                        1.0791506763098984E-6
8.0E-5                   1.25E-5                  1.1                      2.0075622102427054E-6
8.0E-5                   1.25E-5                  1.2000000000000002       2.024545551815683E-6
8.0E-5                   1.25E-5                  1.3                      2.041445339746302E-6
8.0E-5                   1.25E-5                  1.4000000000000001       2.0582445519796554E-6
8.0E-5                   1.25E-5                  1.5                      2.074974841167436E-6
8.0E-5                   1.25E-5                  1.6                      2.0916383019008233E-6
8.0E-5                   1.25E-5                  1.7000000000000002       2.1081464553957328E-6
8.0E-5                   1.25E-5                  1.8                      2.124601473504207E-6
8.0E-5                   1.25E-5                  1.9000000000000001       2.141003470323203E-6
8.0E-5                   1.25E-5                  2                        2.1573525590588733E-6
8.0E-5                   1.25E-5                  5                        2.616289173121998E-6
8.0E-5                   1.25E-5                  10                       3.2843202914552964E-6
8.0E-5                   1.25E-5                  100                      9.608906172857007E-6
8.0E-5                   1.25E-5                  100                      9.608906172857007E-6
8.0E-5                   1.25E-5                  200                      1.3573898735895145E-5
8.0E-5                   1.25E-5                  300                      1.6590781539731727E-5
8.0E-5                   1.25E-5                  400                      1.910015419863573E-5
8.0E-5                   1.25E-5                  500                      2.1298461976366794E-5
8.0E-5                   1.25E-5                  600                      2.3280523606224765E-5
8.0E-5                   1.25E-5                  700                      2.5096821048326724E-5
8.0E-5                   1.25E-5                  800                      2.6780540149275823E-5
8.0E-5                   1.25E-5                  900                      2.835621552888454E-5
8.0E-5                   1.25E-5                  1000                     2.984278574448617E-5
8.0E-5                   1.25E-5                  2000                     4.174666970204754E-5
8.0E-5                   1.25E-5                  3000                     5.078822407261823E-5
8.0E-5                   1.25E-5                  4000                     5.8349200977895614E-5
8.0E-5                   1.25E-5                  5000                     6.49851879437704E-5
8.0E-5                   1.25E-5                  6000                     7.095689048303424E-5
8.0E-5                   1.25E-5                  7000                     7.640670911708286E-5
8.0E-5                   1.25E-5                  8000                     8.143208448210999E-5
8.0E-5                   1.25E-5                  9000                     8.610078190302035E-5
8.0E-5                   1.25E-5                  10000                    9.044709356195263E-5
8.0E-5                   1.25E-5                  20000                    1.2010398921982328E-4
8.0E-5                   1.25E-5                  30000                    1.3335382691153968E-4
8.0E-5                   1.25E-5                  40000                    1.385131279456003E-4
8.0E-5                   1.25E-5                  50000                    1.4021305361254806E-4
8.0E-5                   1.25E-5                  60000                    1.4088076800848157E-4
8.0E-5                   1.25E-5                  70000                    1.41433031282841E-4
8.0E-5                   1.25E-5                  80000                    1.4173682415000136E-4
8.0E-5                   1.25E-5                  90000                    1.4171703476916633E-4
8.0E-5                   1.25E-5                  100000                   1.4167268229727878E-4
8.0E-5                   1.25E-5                  110000                   1.4160699742750874E-4
8.0E-5                   1.25E-5                  120000                   1.4157315745909433E-4
8.0E-5                   1.25E-5                  130000                   1.4154086219518043E-4
8.0E-5                   1.25E-5                  140000                   1.4152949040234795E-4
8.0E-5                   1.25E-5                  150000                   1.4151863932886552E-4
8.0E-5                   1.25E-5                  160000                   1.415148184030175E-4
8.0E-5                   1.25E-5                  170000                   1.415111726432692E-4
8.0E-5                   1.25E-5                  180000                   1.415098891648515E-4
8.0E-5                   1.25E-5                  190000                   1.4150866454553252E-4
8.0E-5                   1.25E-5                  200000                   1.4150823340263404E-4
8.0E-5                   2.0E-5                   0                        0
8.0E-5                   2.0E-5                   0.1                      0
8.0E-5                   2.0E-5                   0.2                      0
8.0E-5                   2.0E-5                   0.30000000000000004      0
8.0E-5                   2.0E-5                   0.4                      0
8.0E-5                   2.0E-5                   0.5                      0
8.0E-5                   2.0E-5                   0.6000000000000001       0
8.0E-5                   2.0E-5                   0.7000000000000001       0
8.0E-5                   2.0E-5                   0.8                      0
8.0E-5                   2.0E-5                   0.9                      0
8.0E-5                   2.0E-5                   1                        1.1350552479184335E-6
8.0E-5                   2.0E-5                   1.1                      2.1135374455352477E-6
8.0E-5                   2.0E-5                   1.2000000000000002       2.131761180883462E-6
8.0E-5                   2.0E-5                   1.3                      2.1498641772824354E-6
8.0E-5                   2.0E-5                   1.4000000000000001       2.1678676522194506E-6
8.0E-5                   2.0E-5                   1.5                      2.1858062522047496E-6
8.0E-5                   2.0E-5                   1.6                      2.203601171113996E-6
8.0E-5                   2.0E-5                   1.7000000000000002       2.2213254789507306E-6
8.0E-5                   2.0E-5                   1.8                      2.238991401500405E-6
8.0E-5                   2.0E-5                   1.9000000000000001       2.2565990583690386E-6
8.0E-5                   2.0E-5                   2                        2.274102031565006E-6
8.0E-5                   2.0E-5                   5                        2.7667168068510694E-6
8.0E-5                   2.0E-5                   10                       3.4833350887953093E-6
8.0E-5                   2.0E-5                   100                      1.0255370905963335E-5
8.0E-5                   2.0E-5                   100                      1.0255370905963335E-5
8.0E-5                   2.0E-5                   200                      1.4497157116979202E-5
8.0E-5                   2.0E-5                   300                      1.7708938710112792E-5
8.0E-5                   2.0E-5                   400                      2.040000426393885E-5
8.0E-5                   2.0E-5                   500                      2.276379737818139E-5
8.0E-5                   2.0E-5                   600                      2.4881317261068048E-5
8.0E-5                   2.0E-5                   700                      2.681514300599175E-5
8.0E-5                   2.0E-5                   800                      2.8605229245872263E-5
8.0E-5                   2.0E-5                   900                      3.0280489582303478E-5
8.0E-5                   2.0E-5                   1000                     3.186375738439105E-5
8.0E-5                   2.0E-5                   2000                     4.4461668699658614E-5
8.0E-5                   2.0E-5                   3000                     5.393269564242768E-5
8.0E-5                   2.0E-5                   4000                     6.177082538671893E-5
8.0E-5                   2.0E-5                   5000                     6.855814306934164E-5
8.0E-5                   2.0E-5                   6000                     7.455324020255727E-5
8.0E-5                   2.0E-5                   7000                     7.989769348990233E-5
8.0E-5                   2.0E-5                   8000                     8.466554080242989E-5
8.0E-5                   2.0E-5                   9000                     8.891945133796979E-5
8.0E-5                   2.0E-5                   10000                    9.271675595528094E-5
8.0E-5                   2.0E-5                   20000                    1.132689125356342E-4
8.0E-5                   2.0E-5                   30000                    1.1850276001805454E-4
8.0E-5                   2.0E-5                   40000                    1.1978863958773007E-4
8.0E-5                   2.0E-5                   50000                    1.2017758896597928E-4
8.0E-5                   2.0E-5                   60000                    1.202961509242693E-4
8.0E-5                   2.0E-5                   70000                    1.203106160663683E-4
8.0E-5                   2.0E-5                   80000                    1.2031670676792128E-4
8.0E-5                   2.0E-5                   90000                    1.2030665806838525E-4
8.0E-5                   2.0E-5                   100000                   1.2029562565817077E-4
8.0E-5                   2.0E-5                   110000                   1.2028805842398018E-4
8.0E-5                   2.0E-5                   120000                   1.2028571489074777E-4
8.0E-5                   2.0E-5                   130000                   1.2028388831870013E-4
8.0E-5                   2.0E-5                   140000                   1.2028284092272247E-4
8.0E-5                   2.0E-5                   150000                   1.2028209204777177E-4
8.0E-5                   2.0E-5                   160000                   1.2028179309151214E-4
8.0E-5                   2.0E-5                   170000                   1.2028156928268774E-4
8.0E-5                   2.0E-5                   180000                   1.2028145873111598E-4
8.0E-5                   2.0E-5                   190000                   1.2028137839256508E-4
8.0E-5                   2.0E-5                   200000                   1.2028134358884795E-4
8.0E-5                   2.75E-5                  0                        0
8.0E-5                   2.75E-5                  0.1                      0
8.0E-5                   2.75E-5                  0.2                      0
8.0E-5                   2.75E-5                  0.30000000000000004      0
8.0E-5                   2.75E-5                  0.4                      0
8.0E-5                   2.75E-5                  0.5                      0
8.0E-5                   2.75E-5                  0.6000000000000001       0
8.0E-5                   2.75E-5                  0.7000000000000001       0
8.0E-5                   2.75E-5                  0.8                      0
8.0E-5                   2.75E-5                  0.9                      0
8.0E-5                   2.75E-5                  1                        1.181072299993165E-6
8.0E-5                   2.75E-5                  1.1                      2.1998882356087335E-6
8.0E-5                   2.75E-5                  1.2000000000000002       2.219752127537574E-6
8.0E-5                   2.75E-5                  1.3                      2.2395160161643163E-6
8.0E-5                   2.75E-5                  1.4000000000000001       2.2591551665214713E-6
8.0E-5                   2.75E-5                  1.5                      2.2787206521661547E-6
8.0E-5                   2.75E-5                  1.6                      2.298144216369131E-6
8.0E-5                   2.75E-5                  1.7000000000000002       2.3174574029205407E-6
8.0E-5                   2.75E-5                  1.8                      2.3367047970394666E-6
8.0E-5                   2.75E-5                  1.9000000000000001       2.3558865319603678E-6
8.0E-5                   2.75E-5                  2                        2.3750027398920748E-6
8.0E-5                   2.75E-5                  5                        2.9096159643887135E-6
8.0E-5                   2.75E-5                  10                       3.6843373979697965E-6
8.0E-5                   2.75E-5                  100                      1.090345356946675E-5
8.0E-5                   2.75E-5                  100                      1.090345356946675E-5
8.0E-5                   2.75E-5                  200                      1.5410811545930253E-5
8.0E-5                   2.75E-5                  300                      1.8834514101046164E-5
8.0E-5                   2.75E-5                  400                      2.169823709376532E-5
8.0E-5                   2.75E-5                  500                      2.4202357043102897E-5
8.0E-5                   2.75E-5                  600                      2.645851856246211E-5
8.0E-5                   2.75E-5                  700                      2.8525316871606345E-5
8.0E-5                   2.75E-5                  800                      3.04402750815202E-5
8.0E-5                   2.75E-5                  900                      3.2230111908455696E-5
8.0E-5                   2.75E-5                  1000                     3.391630126364352E-5
8.0E-5                   2.75E-5                  2000                     4.7322042884146075E-5
8.0E-5                   2.75E-5                  3000                     5.7266750051814634E-5
8.0E-5                   2.75E-5                  4000                     6.521500860837095E-5
8.0E-5                   2.75E-5                  5000                     7.166124210017535E-5
8.0E-5                   2.75E-5                  6000                     7.691454512412634E-5
8.0E-5                   2.75E-5                  7000                     8.119595575381619E-5
8.0E-5                   2.75E-5                  8000                     8.46789803363137E-5
8.0E-5                   2.75E-5                  9000                     8.749848072979745E-5
8.0E-5                   2.75E-5                  10000                    8.977369315811525E-5
8.0E-5                   2.75E-5                  20000                    9.798026786191744E-5
8.0E-5                   2.75E-5                  30000                    9.89375709229948E-5
8.0E-5                   2.75E-5                  40000                    9.906821890980866E-5
8.0E-5                   2.75E-5                  50000                    9.907512512480709E-5
8.0E-5                   2.75E-5                  60000                    9.906795118085765E-5
8.0E-5                   2.75E-5                  70000                    9.905987739508981E-5
8.0E-5                   2.75E-5                  80000                    9.905752440280248E-5
8.0E-5                   2.75E-5                  90000                    9.905604149802387E-5
8.0E-5                   2.75E-5                  100000                   9.905560916760825E-5
8.0E-5                   2.75E-5                  110000                   9.905533661357902E-5
8.0E-5                   2.75E-5                  120000                   9.905525691663148E-5
8.0E-5                   2.75E-5                  130000                   9.905520655005095E-5
8.0E-5                   2.75E-5                  140000                   9.905519181553849E-5
8.0E-5                   2.75E-5                  150000                   9.905518250006437E-5
8.0E-5                   2.75E-5                  160000                   9.905517977382784E-5
8.0E-5                   2.75E-5                  170000                   9.90551780497033E-5
8.0E-5                   2.75E-5                  180000                   9.905517754498406E-5
8.0E-5                   2.75E-5                  190000                   9.905517722571593E-5
8.0E-5                   2.75E-5                  200000                   9.905517713223425E-5
8.0E-5                   3.5000000000000004E-5    0                        0
8.0E-5                   3.5000000000000004E-5    0.1                      0
8.0E-5                   3.5000000000000004E-5    0.2                      0
8.0E-5                   3.5000000000000004E-5    0.30000000000000004      0
8.0E-5                   3.5000000000000004E-5    0.4                      0
8.0E-5                   3.5000000000000004E-5    0.5                      0
8.0E-5                   3.5000000000000004E-5    0.6000000000000001       0
8.0E-5                   3.5000000000000004E-5    0.7000000000000001       0
8.0E-5                   3.5000000000000004E-5    0.8                      0
8.0E-5                   3.5000000000000004E-5    0.9                      0
8.0E-5                   3.5000000000000004E-5    1                        1.3101291077678195E-6
8.0E-5                   3.5000000000000004E-5    1.1                      2.4269098813953E-6
8.0E-5                   3.5000000000000004E-5    1.2000000000000002       2.4468471764534147E-6
8.0E-5                   3.5000000000000004E-5    1.3                      2.466688959543623E-6
8.0E-5                   3.5000000000000004E-5    1.4000000000000001       2.4864298769327882E-6
8.0E-5                   3.5000000000000004E-5    1.5                      2.5060935122741598E-6
8.0E-5                   3.5000000000000004E-5    1.6                      2.5256159302433373E-6
8.0E-5                   3.5000000000000004E-5    1.7000000000000002       2.5450757631694187E-6
8.0E-5                   3.5000000000000004E-5    1.8                      2.564473129940931E-6
8.0E-5                   3.5000000000000004E-5    1.9000000000000001       2.583808148530688E-6
8.0E-5                   3.5000000000000004E-5    2                        2.6029034682680753E-6
8.0E-5                   3.5000000000000004E-5    5                        3.1454398216734335E-6
8.0E-5                   3.5000000000000004E-5    10                       3.938234959665831E-6
8.0E-5                   3.5000000000000004E-5    100                      1.154377564033473E-5
8.0E-5                   3.5000000000000004E-5    100                      1.154377564033473E-5
8.0E-5                   3.5000000000000004E-5    200                      1.632853119707333E-5
8.0E-5                   3.5000000000000004E-5    300                      1.996016619196198E-5
8.0E-5                   3.5000000000000004E-5    400                      2.299828024164564E-5
8.0E-5                   3.5000000000000004E-5    500                      2.5657921503745325E-5
8.0E-5                   3.5000000000000004E-5    600                      2.8053650148210483E-5
8.0E-5                   3.5000000000000004E-5    700                      3.024770373953737E-5
8.0E-5                   3.5000000000000004E-5    800                      3.228000487492257E-5
8.0E-5                   3.5000000000000004E-5    900                      3.417911863583873E-5
8.0E-5                   3.5000000000000004E-5    1000                     3.596714424763035E-5
8.0E-5                   3.5000000000000004E-5    2000                     4.9801846040951536E-5
8.0E-5                   3.5000000000000004E-5    3000                     5.876867239727406E-5
8.0E-5                   3.5000000000000004E-5    4000                     6.465761856980698E-5
8.0E-5                   3.5000000000000004E-5    5000                     6.854592270852588E-5
8.0E-5                   3.5000000000000004E-5    6000                     7.116699560897156E-5
8.0E-5                   3.5000000000000004E-5    7000                     7.298064514603808E-5
8.0E-5                   3.5000000000000004E-5    8000                     7.428334380598545E-5
8.0E-5                   3.5000000000000004E-5    9000                     7.524043456374726E-5
8.0E-5                   3.5000000000000004E-5    10000                    7.594273481898788E-5
8.0E-5                   3.5000000000000004E-5    20000                    7.7713305697818E-5
8.0E-5                   3.5000000000000004E-5    30000                    7.782352203929901E-5
8.0E-5                   3.5000000000000004E-5    40000                    7.78277611799938E-5
8.0E-5                   3.5000000000000004E-5    50000                    7.782868653338621E-5
8.0E-5                   3.5000000000000004E-5    60000                    7.782889897018594E-5
8.0E-5                   3.5000000000000004E-5    70000                    7.782901478278726E-5
8.0E-5                   3.5000000000000004E-5    80000                    7.782904083193972E-5
8.0E-5                   3.5000000000000004E-5    90000                    7.782905643269786E-5
8.0E-5                   3.5000000000000004E-5    100000                   7.782906232686906E-5
8.0E-5                   3.5000000000000004E-5    110000                   7.782906569152235E-5
8.0E-5                   3.5000000000000004E-5    120000                   7.782906670624436E-5
8.0E-5                   3.5000000000000004E-5    130000                   7.782906729604076E-5
8.0E-5                   3.5000000000000004E-5    140000                   7.78290674910796E-5
8.0E-5                   3.5000000000000004E-5    150000                   7.782906760356023E-5
8.0E-5                   3.5000000000000004E-5    160000                   7.782906763934412E-5
8.0E-5                   3.5000000000000004E-5    170000                   7.782906766004662E-5
8.0E-5                   3.5000000000000004E-5    180000                   7.782906766673832E-5
8.0E-5                   3.5000000000000004E-5    190000                   7.782906767060468E-5
8.0E-5                   3.5000000000000004E-5    200000                   7.782906767184624E-5
