% Model:              C52_3D_base_unit_cell_recesses(square pillar) (2).mph
% Version:            COMSOL 5.2.0.220
% Date:               Jul 27 2026, 01:54
% Table:              Table 1 - Global Evaluation 2 (n_CO2_film)
% R_texture (m)          H_texture (m)            t (s)                    Total moles of CO2 captured per unit cell (mol)
5.0E-6                   5.0E-6                   0                        0
5.0E-6                   5.0E-6                   0.1                      0
5.0E-6                   5.0E-6                   0.2                      0
5.0E-6                   5.0E-6                   0.30000000000000004      0
5.0E-6                   5.0E-6                   0.4                      0
5.0E-6                   5.0E-6                   0.5                      0
5.0E-6                   5.0E-6                   0.6000000000000001       0
5.0E-6                   5.0E-6                   0.7000000000000001       0
5.0E-6                   5.0E-6                   0.8                      0
5.0E-6                   5.0E-6                   0.9                      0
5.0E-6                   5.0E-6                   1                        9.522286957381537E-7
5.0E-6                   5.0E-6                   1.1                      1.7830172907791045E-6
5.0E-6                   5.0E-6                   1.2000000000000002       1.7982533483464076E-6
5.0E-6                   5.0E-6                   1.3                      1.8135077211095934E-6
5.0E-6                   5.0E-6                   1.4000000000000001       1.8286712877697606E-6
5.0E-6                   5.0E-6                   1.5                      1.843768085725209E-6
5.0E-6                   5.0E-6                   1.6                      1.8588110964609449E-6
5.0E-6                   5.0E-6                   1.7000000000000002       1.8737145540390165E-6
5.0E-6                   5.0E-6                   1.8                      1.888553068222784E-6
5.0E-6                   5.0E-6                   1.9000000000000001       1.9033443177929774E-6
5.0E-6                   5.0E-6                   2                        1.9180883976974893E-6
5.0E-6                   5.0E-6                   5                        2.3320039211965057E-6
5.0E-6                   5.0E-6                   10                       2.93442721949277E-6
5.0E-6                   5.0E-6                   100                      8.659494618418136E-6
5.0E-6                   5.0E-6                   100                      8.659494618418136E-6
5.0E-6                   5.0E-6                   200                      1.2283635393577518E-5
5.0E-6                   5.0E-6                   300                      1.5057548427503841E-5
5.0E-6                   5.0E-6                   400                      1.7382764287271353E-5
5.0E-6                   5.0E-6                   500                      1.9425417332166273E-5
5.0E-6                   5.0E-6                   600                      2.1274263745510976E-5
5.0E-6                   5.0E-6                   700                      2.298164393470978E-5
5.0E-6                   5.0E-6                   800                      2.457189077979767E-5
5.0E-6                   5.0E-6                   900                      2.6060658843881135E-5
5.0E-6                   5.0E-6                   1000                     2.7465380226184104E-5
5.0E-6                   5.0E-6                   2000                     3.88354706040172E-5
5.0E-6                   5.0E-6                   3000                     4.7550395222844554E-5
5.0E-6                   5.0E-6                   4000                     5.490872363586605E-5
5.0E-6                   5.0E-6                   5000                     6.139106872356123E-5
5.0E-6                   5.0E-6                   6000                     6.725375985755619E-5
5.0E-6                   5.0E-6                   7000                     7.26409527328155E-5
5.0E-6                   5.0E-6                   8000                     7.764832838058211E-5
5.0E-6                   5.0E-6                   9000                     8.234321466789233E-5
5.0E-6                   5.0E-6                   10000                    8.677825736668787E-5
5.0E-6                   5.0E-6                   20000                    1.216235895043077E-4
5.0E-6                   5.0E-6                   30000                    1.441191729968496E-4
5.0E-6                   5.0E-6                   40000                    1.583928917411295E-4
5.0E-6                   5.0E-6                   50000                    1.6695209165468663E-4
5.0E-6                   5.0E-6                   60000                    1.717569204502984E-4
5.0E-6                   5.0E-6                   70000                    1.7439456513898847E-4
5.0E-6                   5.0E-6                   80000                    1.7575217699149312E-4
5.0E-6                   5.0E-6                   90000                    1.7639456067434367E-4
5.0E-6                   5.0E-6                   100000                   1.766455713702877E-4
5.0E-6                   5.0E-6                   110000                   1.76740505042487E-4
5.0E-6                   5.0E-6                   120000                   1.7673703938184983E-4
5.0E-6                   5.0E-6                   130000                   1.7672896270437316E-4
5.0E-6                   5.0E-6                   140000                   1.7676298100477455E-4
5.0E-6                   5.0E-6                   150000                   1.7681500793668425E-4
5.0E-6                   5.0E-6                   160000                   1.7684718847680374E-4
5.0E-6                   5.0E-6                   170000                   1.768766931065727E-4
5.0E-6                   5.0E-6                   180000                   1.768913769919462E-4
5.0E-6                   5.0E-6                   190000                   1.7690484085264527E-4
5.0E-6                   5.0E-6                   200000                   1.7691154056337688E-4
5.0E-6                   1.25E-5                  0                        0
5.0E-6                   1.25E-5                  0.1                      0
5.0E-6                   1.25E-5                  0.2                      0
5.0E-6                   1.25E-5                  0.30000000000000004      0
5.0E-6                   1.25E-5                  0.4                      0
5.0E-6                   1.25E-5                  0.5                      0
5.0E-6                   1.25E-5                  0.6000000000000001       0
5.0E-6                   1.25E-5                  0.7000000000000001       0
5.0E-6                   1.25E-5                  0.8                      0
5.0E-6                   1.25E-5                  0.9                      0
5.0E-6                   1.25E-5                  1                        9.478909549387452E-7
5.0E-6                   1.25E-5                  1.1                      1.7648579654405773E-6
5.0E-6                   1.25E-5                  1.2000000000000002       1.7807385473450591E-6
5.0E-6                   1.25E-5                  1.3                      1.7965308815931572E-6
5.0E-6                   1.25E-5                  1.4000000000000001       1.8122228854542664E-6
5.0E-6                   1.25E-5                  1.5                      1.8278376306979937E-6
5.0E-6                   1.25E-5                  1.6                      1.8433924564212148E-6
5.0E-6                   1.25E-5                  1.7000000000000002       1.8587962712482406E-6
5.0E-6                   1.25E-5                  1.8                      1.8741197752301615E-6
5.0E-6                   1.25E-5                  1.9000000000000001       1.8893915551550939E-6
5.0E-6                   1.25E-5                  2                        1.9046117688122973E-6
5.0E-6                   1.25E-5                  5                        2.3317827368899054E-6
5.0E-6                   1.25E-5                  10                       2.94589914476831E-6
5.0E-6                   1.25E-5                  100                      8.714743336344021E-6
5.0E-6                   1.25E-5                  100                      8.714743336344021E-6
5.0E-6                   1.25E-5                  200                      1.2339458198061571E-5
5.0E-6                   1.25E-5                  300                      1.5115427442957667E-5
5.0E-6                   1.25E-5                  400                      1.7448092245008913E-5
5.0E-6                   1.25E-5                  500                      1.9496283061497738E-5
5.0E-6                   1.25E-5                  600                      2.134274933183883E-5
5.0E-6                   1.25E-5                  700                      2.3040131360610828E-5
5.0E-6                   1.25E-5                  800                      2.462648892073507E-5
5.0E-6                   1.25E-5                  900                      2.6118959314559098E-5
5.0E-6                   1.25E-5                  1000                     2.753210853632498E-5
5.0E-6                   1.25E-5                  2000                     3.890349627647385E-5
5.0E-6                   1.25E-5                  3000                     4.761216289120899E-5
5.0E-6                   1.25E-5                  4000                     5.4967978898185077E-5
5.0E-6                   1.25E-5                  5000                     6.145072576198277E-5
5.0E-6                   1.25E-5                  6000                     6.73055843978866E-5
5.0E-6                   1.25E-5                  7000                     7.270334410393142E-5
5.0E-6                   1.25E-5                  8000                     7.771954050047731E-5
5.0E-6                   1.25E-5                  9000                     8.242505603907237E-5
5.0E-6                   1.25E-5                  10000                    8.686887641740033E-5
5.0E-6                   1.25E-5                  20000                    1.2169835639954948E-4
5.0E-6                   1.25E-5                  30000                    1.441584559835995E-4
5.0E-6                   1.25E-5                  40000                    1.5821424071879489E-4
5.0E-6                   1.25E-5                  50000                    1.666209685107569E-4
5.0E-6                   1.25E-5                  60000                    1.7140448743579979E-4
5.0E-6                   1.25E-5                  70000                    1.740144896488161E-4
5.0E-6                   1.25E-5                  80000                    1.7527597972461786E-4
5.0E-6                   1.25E-5                  90000                    1.7584756592598088E-4
5.0E-6                   1.25E-5                  100000                   1.7619997036285158E-4
5.0E-6                   1.25E-5                  110000                   1.7646640086929012E-4
5.0E-6                   1.25E-5                  120000                   1.767875906831843E-4
5.0E-6                   1.25E-5                  130000                   1.7690909235818674E-4
5.0E-6                   1.25E-5                  140000                   1.7698165819175166E-4
5.0E-6                   1.25E-5                  150000                   1.7701123253660705E-4
5.0E-6                   1.25E-5                  160000                   1.7702484223129937E-4
5.0E-6                   1.25E-5                  170000                   1.7702068093612024E-4
5.0E-6                   1.25E-5                  180000                   1.770155825751847E-4
5.0E-6                   1.25E-5                  190000                   1.7700843306485677E-4
5.0E-6                   1.25E-5                  200000                   1.770041430911729E-4
5.0E-6                   2.0E-5                   0                        0
5.0E-6                   2.0E-5                   0.1                      0
5.0E-6                   2.0E-5                   0.2                      0
5.0E-6                   2.0E-5                   0.30000000000000004      0
5.0E-6                   2.0E-5                   0.4                      0
5.0E-6                   2.0E-5                   0.5                      0
5.0E-6                   2.0E-5                   0.6000000000000001       0
5.0E-6                   2.0E-5                   0.7000000000000001       0
5.0E-6                   2.0E-5                   0.8                      0
5.0E-6                   2.0E-5                   0.9                      0
5.0E-6                   2.0E-5                   1                        9.633962274488395E-7
5.0E-6                   2.0E-5                   1.1                      1.8020412903936585E-6
5.0E-6                   2.0E-5                   1.2000000000000002       1.8180200897265755E-6
5.0E-6                   2.0E-5                   1.3                      1.8338151163320984E-6
5.0E-6                   2.0E-5                   1.4000000000000001       1.8495183820793926E-6
5.0E-6                   2.0E-5                   1.5                      1.865147218273292E-6
5.0E-6                   2.0E-5                   1.6                      1.8807191679122503E-6
5.0E-6                   2.0E-5                   1.7000000000000002       1.896152677070483E-6
5.0E-6                   2.0E-5                   1.8                      1.9115088156359855E-6
5.0E-6                   2.0E-5                   1.9000000000000001       1.9268149747696533E-6
5.0E-6                   2.0E-5                   2                        1.9420712699115483E-6
5.0E-6                   2.0E-5                   5                        2.369765934885254E-6
5.0E-6                   2.0E-5                   10                       2.990327542382473E-6
5.0E-6                   2.0E-5                   100                      8.792146004861679E-6
5.0E-6                   2.0E-5                   100                      8.792146004861679E-6
5.0E-6                   2.0E-5                   200                      1.2416309195791396E-5
5.0E-6                   2.0E-5                   300                      1.5189869132263497E-5
5.0E-6                   2.0E-5                   400                      1.7515041279065717E-5
5.0E-6                   2.0E-5                   500                      1.955771245529442E-5
5.0E-6                   2.0E-5                   600                      2.140666347655876E-5
5.0E-6                   2.0E-5                   700                      2.31140803688495E-5
5.0E-6                   2.0E-5                   800                      2.4704275771789857E-5
5.0E-6                   2.0E-5                   900                      2.619298404880461E-5
5.0E-6                   2.0E-5                   1000                     2.7597711541820984E-5
5.0E-6                   2.0E-5                   2000                     3.89678295558463E-5
5.0E-6                   2.0E-5                   3000                     4.76829432242318E-5
5.0E-6                   2.0E-5                   4000                     5.504113233226806E-5
5.0E-6                   2.0E-5                   5000                     6.152360738450452E-5
5.0E-6                   2.0E-5                   6000                     6.738609149963898E-5
5.0E-6                   2.0E-5                   7000                     7.277348553406033E-5
5.0E-6                   2.0E-5                   8000                     7.778071977772767E-5
5.0E-6                   2.0E-5                   9000                     8.247557326649658E-5
5.0E-6                   2.0E-5                   10000                    8.691065974650419E-5
5.0E-6                   2.0E-5                   20000                    1.2175606485144682E-4
5.0E-6                   2.0E-5                   30000                    1.442516907096177E-4
5.0E-6                   2.0E-5                   40000                    1.5852555642063268E-4
5.0E-6                   2.0E-5                   50000                    1.6708430042957476E-4
5.0E-6                   2.0E-5                   60000                    1.7188951136628907E-4
5.0E-6                   2.0E-5                   70000                    1.7452691756063602E-4
5.0E-6                   2.0E-5                   80000                    1.7588438635419336E-4
5.0E-6                   2.0E-5                   90000                    1.765260638723988E-4
5.0E-6                   2.0E-5                   100000                   1.7677700046825093E-4
5.0E-6                   2.0E-5                   110000                   1.7687210421076332E-4
5.0E-6                   2.0E-5                   120000                   1.768686450729536E-4
5.0E-6                   2.0E-5                   130000                   1.7686101982236857E-4
5.0E-6                   2.0E-5                   140000                   1.7689539125234215E-4
5.0E-6                   2.0E-5                   150000                   1.7694750143422265E-4
5.0E-6                   2.0E-5                   160000                   1.7697978590404406E-4
5.0E-6                   2.0E-5                   170000                   1.770092787441673E-4
5.0E-6                   2.0E-5                   180000                   1.7702401010857543E-4
5.0E-6                   2.0E-5                   190000                   1.7703746862784807E-4
5.0E-6                   2.0E-5                   200000                   1.7704419000121496E-4
5.0E-6                   2.75E-5                  0                        0
5.0E-6                   2.75E-5                  0.1                      0
5.0E-6                   2.75E-5                  0.2                      0
5.0E-6                   2.75E-5                  0.30000000000000004      0
5.0E-6                   2.75E-5                  0.4                      0
5.0E-6                   2.75E-5                  0.5                      0
5.0E-6                   2.75E-5                  0.6000000000000001       0
5.0E-6                   2.75E-5                  0.7000000000000001       0
5.0E-6                   2.75E-5                  0.8                      0
5.0E-6                   2.75E-5                  0.9                      0
5.0E-6                   2.75E-5                  1                        9.856435921558224E-7
5.0E-6                   2.75E-5                  1.1                      1.843642692420129E-6
5.0E-6                   2.75E-5                  1.2000000000000002       1.8598168713523598E-6
5.0E-6                   2.75E-5                  1.3                      1.8757952877861165E-6
5.0E-6                   2.75E-5                  1.4000000000000001       1.891678836578328E-6
5.0E-6                   2.75E-5                  1.5                      1.907483391197294E-6
5.0E-6                   2.75E-5                  1.6                      1.9232288386841124E-6
5.0E-6                   2.75E-5                  1.7000000000000002       1.9388344274775593E-6
5.0E-6                   2.75E-5                  1.8                      1.9543534573066885E-6
5.0E-6                   2.75E-5                  1.9000000000000001       1.969820843303642E-6
5.0E-6                   2.75E-5                  2                        1.9852367070175276E-6
5.0E-6                   2.75E-5                  5                        2.4166858311295825E-6
5.0E-6                   2.75E-5                  10                       3.0412400999117387E-6
5.0E-6                   2.75E-5                  100                      8.857105466988994E-6
5.0E-6                   2.75E-5                  100                      8.857105466988994E-6
5.0E-6                   2.75E-5                  200                      1.2482452012924864E-5
5.0E-6                   2.75E-5                  300                      1.5256199400886669E-5
5.0E-6                   2.75E-5                  400                      1.7581478911749355E-5
5.0E-6                   2.75E-5                  500                      1.9624150359111857E-5
5.0E-6                   2.75E-5                  600                      2.147356989274949E-5
5.0E-6                   2.75E-5                  700                      2.318118525540953E-5
5.0E-6                   2.75E-5                  800                      2.4771098741620485E-5
5.0E-6                   2.75E-5                  900                      2.6259444146649926E-5
5.0E-6                   2.75E-5                  1000                     2.7664197292655156E-5
5.0E-6                   2.75E-5                  2000                     3.9034231280211514E-5
5.0E-6                   2.75E-5                  3000                     4.775018888387177E-5
5.0E-6                   2.75E-5                  4000                     5.510751668277457E-5
5.0E-6                   2.75E-5                  5000                     6.15735328498274E-5
5.0E-6                   2.75E-5                  6000                     6.742624402398918E-5
5.0E-6                   2.75E-5                  7000                     7.281500069481415E-5
5.0E-6                   2.75E-5                  8000                     7.783162422213562E-5
5.0E-6                   2.75E-5                  9000                     8.253930726116958E-5
5.0E-6                   2.75E-5                  10000                    8.698446276373728E-5
5.0E-6                   2.75E-5                  20000                    1.2183690668494542E-4
5.0E-6                   2.75E-5                  30000                    1.4433943182280245E-4
5.0E-6                   2.75E-5                  40000                    1.5828760445597026E-4
5.0E-6                   2.75E-5                  50000                    1.6648105647879238E-4
5.0E-6                   2.75E-5                  60000                    1.7110213480730143E-4
5.0E-6                   2.75E-5                  70000                    1.7364319352327614E-4
5.0E-6                   2.75E-5                  80000                    1.7505664255985486E-4
5.0E-6                   2.75E-5                  90000                    1.758300376278873E-4
5.0E-6                   2.75E-5                  100000                   1.7631372208575083E-4
5.0E-6                   2.75E-5                  110000                   1.766506359024087E-4
5.0E-6                   2.75E-5                  120000                   1.7686573637561062E-4
5.0E-6                   2.75E-5                  130000                   1.7699436002554633E-4
5.0E-6                   2.75E-5                  140000                   1.770749150890383E-4
5.0E-6                   2.75E-5                  150000                   1.7711663844389034E-4
5.0E-6                   2.75E-5                  160000                   1.771403392275761E-4
5.0E-6                   2.75E-5                  170000                   1.7714515171602668E-4
5.0E-6                   2.75E-5                  180000                   1.7714602848315826E-4
5.0E-6                   2.75E-5                  190000                   1.7714234400400546E-4
5.0E-6                   2.75E-5                  200000                   1.7713804421236621E-4
5.0E-6                   3.5000000000000004E-5    0                        0
5.0E-6                   3.5000000000000004E-5    0.1                      0
5.0E-6                   3.5000000000000004E-5    0.2                      0
5.0E-6                   3.5000000000000004E-5    0.30000000000000004      0
5.0E-6                   3.5000000000000004E-5    0.4                      0
5.0E-6                   3.5000000000000004E-5    0.5                      0
5.0E-6                   3.5000000000000004E-5    0.6000000000000001       0
5.0E-6                   3.5000000000000004E-5    0.7000000000000001       0
5.0E-6                   3.5000000000000004E-5    0.8                      0
5.0E-6                   3.5000000000000004E-5    0.9                      0
5.0E-6                   3.5000000000000004E-5    1                        9.825780094731836E-7
5.0E-6                   3.5000000000000004E-5    1.1                      1.8323633019332096E-6
5.0E-6                   3.5000000000000004E-5    1.2000000000000002       1.8488475311264903E-6
5.0E-6                   3.5000000000000004E-5    1.3                      1.8651681976148334E-6
5.0E-6                   3.5000000000000004E-5    1.4000000000000001       1.8813885028523293E-6
5.0E-6                   3.5000000000000004E-5    1.5                      1.8975465147040299E-6
5.0E-6                   3.5000000000000004E-5    1.6                      1.9135772056998127E-6
5.0E-6                   3.5000000000000004E-5    1.7000000000000002       1.9295230914107707E-6
5.0E-6                   3.5000000000000004E-5    1.8                      1.9454134465267375E-6
5.0E-6                   3.5000000000000004E-5    1.9000000000000001       1.9612484102456353E-6
5.0E-6                   3.5000000000000004E-5    2                        1.977028120100177E-6
5.0E-6                   3.5000000000000004E-5    5                        2.4180308681222617E-6
5.0E-6                   3.5000000000000004E-5    10                       3.054693127245978E-6
5.0E-6                   3.5000000000000004E-5    100                      8.918061682098028E-6
5.0E-6                   3.5000000000000004E-5    100                      8.918061682098028E-6
5.0E-6                   3.5000000000000004E-5    200                      1.2545030856774996E-5
5.0E-6                   3.5000000000000004E-5    300                      1.5312387789558408E-5
5.0E-6                   3.5000000000000004E-5    400                      1.7644078674427683E-5
5.0E-6                   3.5000000000000004E-5    500                      1.969617447337653E-5
5.0E-6                   3.5000000000000004E-5    600                      2.154815337029798E-5
5.0E-6                   3.5000000000000004E-5    700                      2.3251858841293217E-5
5.0E-6                   3.5000000000000004E-5    800                      2.4834406806966643E-5
5.0E-6                   3.5000000000000004E-5    900                      2.632506760496981E-5
5.0E-6                   3.5000000000000004E-5    1000                     2.7742891729583857E-5
5.0E-6                   3.5000000000000004E-5    2000                     3.911201619815509E-5
5.0E-6                   3.5000000000000004E-5    3000                     4.783306356911076E-5
5.0E-6                   3.5000000000000004E-5    4000                     5.5187058233171796E-5
5.0E-6                   3.5000000000000004E-5    5000                     6.166331371692272E-5
5.0E-6                   3.5000000000000004E-5    6000                     6.752332791145893E-5
5.0E-6                   3.5000000000000004E-5    7000                     7.291317529670474E-5
5.0E-6                   3.5000000000000004E-5    8000                     7.792834278342564E-5
5.0E-6                   3.5000000000000004E-5    9000                     8.263631905451124E-5
5.0E-6                   3.5000000000000004E-5    10000                    8.708472008310121E-5
5.0E-6                   3.5000000000000004E-5    20000                    1.2192338665470399E-4
5.0E-6                   3.5000000000000004E-5    30000                    1.444259859624868E-4
5.0E-6                   3.5000000000000004E-5    40000                    1.5834894693110105E-4
5.0E-6                   3.5000000000000004E-5    50000                    1.6651320128539807E-4
5.0E-6                   3.5000000000000004E-5    60000                    1.7117692071933556E-4
5.0E-6                   3.5000000000000004E-5    70000                    1.7376446287829456E-4
5.0E-6                   3.5000000000000004E-5    80000                    1.751850676288987E-4
5.0E-6                   3.5000000000000004E-5    90000                    1.759948186107232E-4
5.0E-6                   3.5000000000000004E-5    100000                   1.7648201158692182E-4
5.0E-6                   3.5000000000000004E-5    110000                   1.7679600340579077E-4
5.0E-6                   3.5000000000000004E-5    120000                   1.769894175679318E-4
5.0E-6                   3.5000000000000004E-5    130000                   1.7711421144623313E-4
5.0E-6                   3.5000000000000004E-5    140000                   1.7717650001039325E-4
5.0E-6                   3.5000000000000004E-5    150000                   1.7721233447832914E-4
5.0E-6                   3.5000000000000004E-5    160000                   1.7721811463100598E-4
5.0E-6                   3.5000000000000004E-5    170000                   1.7722129135037346E-4
5.0E-6                   3.5000000000000004E-5    180000                   1.7721498869329816E-4
5.0E-6                   3.5000000000000004E-5    190000                   1.7721071498082774E-4
5.0E-6                   3.5000000000000004E-5    200000                   1.7720520494548747E-4
1.0E-5                   5.0E-6                   0                        0
1.0E-5                   5.0E-6                   0.1                      0
1.0E-5                   5.0E-6                   0.2                      0
1.0E-5                   5.0E-6                   0.30000000000000004      0
1.0E-5                   5.0E-6                   0.4                      0
1.0E-5                   5.0E-6                   0.5                      0
1.0E-5                   5.0E-6                   0.6000000000000001       0
1.0E-5                   5.0E-6                   0.7000000000000001       0
1.0E-5                   5.0E-6                   0.8                      0
1.0E-5                   5.0E-6                   0.9                      0
1.0E-5                   5.0E-6                   1                        9.705782567729487E-7
1.0E-5                   5.0E-6                   1.1                      1.8156175598754108E-6
1.0E-5                   5.0E-6                   1.2000000000000002       1.8309885486486871E-6
1.0E-5                   5.0E-6                   1.3                      1.8461860496015367E-6
1.0E-5                   5.0E-6                   1.4000000000000001       1.861300284167102E-6
1.0E-5                   5.0E-6                   1.5                      1.8763464964531925E-6
1.0E-5                   5.0E-6                   1.6                      1.8913407724156739E-6
1.0E-5                   5.0E-6                   1.7000000000000002       1.9062097922374524E-6
1.0E-5                   5.0E-6                   1.8                      1.9210077446764524E-6
1.0E-5                   5.0E-6                   1.9000000000000001       1.9357598356666503E-6
1.0E-5                   5.0E-6                   2                        1.950466155306478E-6
1.0E-5                   5.0E-6                   5                        2.3639710329265965E-6
1.0E-5                   5.0E-6                   10                       2.9684953905815496E-6
1.0E-5                   5.0E-6                   100                      8.728441503949653E-6
1.0E-5                   5.0E-6                   100                      8.728441503949653E-6
1.0E-5                   5.0E-6                   200                      1.2364570418624111E-5
1.0E-5                   5.0E-6                   300                      1.5134389277600093E-5
1.0E-5                   5.0E-6                   400                      1.746977347698212E-5
1.0E-5                   5.0E-6                   500                      1.9530275390144382E-5
1.0E-5                   5.0E-6                   600                      2.1386007990798014E-5
1.0E-5                   5.0E-6                   700                      2.308864122871367E-5
1.0E-5                   5.0E-6                   800                      2.4671844680924098E-5
1.0E-5                   5.0E-6                   900                      2.6156201095043373E-5
1.0E-5                   5.0E-6                   1000                     2.7559657656809536E-5
1.0E-5                   5.0E-6                   2000                     3.892885353160026E-5
1.0E-5                   5.0E-6                   3000                     4.766272810955316E-5
1.0E-5                   5.0E-6                   4000                     5.500748186336423E-5
1.0E-5                   5.0E-6                   5000                     6.147258117948592E-5
1.0E-5                   5.0E-6                   6000                     6.73369269512033E-5
1.0E-5                   5.0E-6                   7000                     7.272939200492804E-5
1.0E-5                   5.0E-6                   8000                     7.773587627390453E-5
1.0E-5                   5.0E-6                   9000                     8.243263672797755E-5
1.0E-5                   5.0E-6                   10000                    8.686972336074313E-5
1.0E-5                   5.0E-6                   20000                    1.2172025593932877E-4
1.0E-5                   5.0E-6                   30000                    1.4423572953742468E-4
1.0E-5                   5.0E-6                   40000                    1.5819384016118812E-4
1.0E-5                   5.0E-6                   50000                    1.663936161084569E-4
1.0E-5                   5.0E-6                   60000                    1.7102148460233305E-4
1.0E-5                   5.0E-6                   70000                    1.7356968882769352E-4
1.0E-5                   5.0E-6                   80000                    1.7498869681899367E-4
1.0E-5                   5.0E-6                   90000                    1.7578935219605412E-4
1.0E-5                   5.0E-6                   100000                   1.762623114886889E-4
1.0E-5                   5.0E-6                   110000                   1.766033268298427E-4
1.0E-5                   5.0E-6                   120000                   1.7681512993074063E-4
1.0E-5                   5.0E-6                   130000                   1.76935246483116E-4
1.0E-5                   5.0E-6                   140000                   1.7701735697309287E-4
1.0E-5                   5.0E-6                   150000                   1.7705408473181786E-4
1.0E-5                   5.0E-6                   160000                   1.7707814331808632E-4
1.0E-5                   5.0E-6                   170000                   1.770791119348584E-4
1.0E-5                   5.0E-6                   180000                   1.7708095567319906E-4
1.0E-5                   5.0E-6                   190000                   1.7707566996342787E-4
1.0E-5                   5.0E-6                   200000                   1.7707166594596553E-4
1.0E-5                   1.25E-5                  0                        0
1.0E-5                   1.25E-5                  0.1                      0
1.0E-5                   1.25E-5                  0.2                      0
1.0E-5                   1.25E-5                  0.30000000000000004      0
1.0E-5                   1.25E-5                  0.4                      0
1.0E-5                   1.25E-5                  0.5                      0
1.0E-5                   1.25E-5                  0.6000000000000001       0
1.0E-5                   1.25E-5                  0.7000000000000001       0
1.0E-5                   1.25E-5                  0.8                      0
1.0E-5                   1.25E-5                  0.9                      0
1.0E-5                   1.25E-5                  1                        1.0036915871963955E-6
1.0E-5                   1.25E-5                  1.1                      1.8758207387332287E-6
1.0E-5                   1.25E-5                  1.2000000000000002       1.8915299292854612E-6
1.0E-5                   1.25E-5                  1.3                      1.9070559093375428E-6
1.0E-5                   1.25E-5                  1.4000000000000001       1.9224968078558084E-6
1.0E-5                   1.25E-5                  1.5                      1.937868840986496E-6
1.0E-5                   1.25E-5                  1.6                      1.953187872746477E-6
1.0E-5                   1.25E-5                  1.7000000000000002       1.9683785650666582E-6
1.0E-5                   1.25E-5                  1.8                      1.9834980238043546E-6
1.0E-5                   1.25E-5                  1.9000000000000001       1.9985706430010975E-6
1.0E-5                   1.25E-5                  2                        2.01359652059827E-6
1.0E-5                   1.25E-5                  5                        2.4361224272816317E-6
1.0E-5                   1.25E-5                  10                       3.053824165635121E-6
1.0E-5                   1.25E-5                  100                      8.924339176062148E-6
1.0E-5                   1.25E-5                  100                      8.924339176062148E-6
1.0E-5                   1.25E-5                  200                      1.2603018789263192E-5
1.0E-5                   1.25E-5                  300                      1.5387070136028404E-5
1.0E-5                   1.25E-5                  400                      1.7727944357692097E-5
1.0E-5                   1.25E-5                  500                      1.9790707469423924E-5
1.0E-5                   1.25E-5                  600                      2.1647174789557697E-5
1.0E-5                   1.25E-5                  700                      2.3350095334413105E-5
1.0E-5                   1.25E-5                  800                      2.4933438441202753E-5
1.0E-5                   1.25E-5                  900                      2.6417887834209256E-5
1.0E-5                   1.25E-5                  1000                     2.78214320871359E-5
1.0E-5                   1.25E-5                  2000                     3.91916587024674E-5
1.0E-5                   1.25E-5                  3000                     4.7925934021305E-5
1.0E-5                   1.25E-5                  4000                     5.5270754307971503E-5
1.0E-5                   1.25E-5                  5000                     6.17361056482268E-5
1.0E-5                   1.25E-5                  6000                     6.760077518296136E-5
1.0E-5                   1.25E-5                  7000                     7.299307971448201E-5
1.0E-5                   1.25E-5                  8000                     7.799950997098446E-5
1.0E-5                   1.25E-5                  9000                     8.269624412422368E-5
1.0E-5                   1.25E-5                  10000                    8.71334859516275E-5
1.0E-5                   1.25E-5                  20000                    1.2198454721692614E-4
1.0E-5                   1.25E-5                  30000                    1.4450032343773963E-4
1.0E-5                   1.25E-5                  40000                    1.584585784057422E-4
1.0E-5                   1.25E-5                  50000                    1.6665814495812268E-4
1.0E-5                   1.25E-5                  60000                    1.7128615899626197E-4
1.0E-5                   1.25E-5                  70000                    1.7383475569375507E-4
1.0E-5                   1.25E-5                  80000                    1.7525405450418736E-4
1.0E-5                   1.25E-5                  90000                    1.7605800866210176E-4
1.0E-5                   1.25E-5                  100000                   1.765294511545255E-4
1.0E-5                   1.25E-5                  110000                   1.7687072234234404E-4
1.0E-5                   1.25E-5                  120000                   1.770821277221078E-4
1.0E-5                   1.25E-5                  130000                   1.7720186506366568E-4
1.0E-5                   1.25E-5                  140000                   1.7728361886256872E-4
1.0E-5                   1.25E-5                  150000                   1.7732017650067393E-4
1.0E-5                   1.25E-5                  160000                   1.7734389783028681E-4
1.0E-5                   1.25E-5                  170000                   1.7734472645108477E-4
1.0E-5                   1.25E-5                  180000                   1.7734641565288363E-4
1.0E-5                   1.25E-5                  190000                   1.7734103403618256E-4
1.0E-5                   1.25E-5                  200000                   1.7733699422981843E-4
1.0E-5                   2.0E-5                   0                        0
1.0E-5                   2.0E-5                   0.1                      0
1.0E-5                   2.0E-5                   0.2                      0
1.0E-5                   2.0E-5                   0.30000000000000004      0
1.0E-5                   2.0E-5                   0.4                      0
1.0E-5                   2.0E-5                   0.5                      0
1.0E-5                   2.0E-5                   0.6000000000000001       0
1.0E-5                   2.0E-5                   0.7000000000000001       0
1.0E-5                   2.0E-5                   0.8                      0
1.0E-5                   2.0E-5                   0.9                      0
1.0E-5                   2.0E-5                   1                        1.015265215156725E-6
1.0E-5                   2.0E-5                   1.1                      1.8887873069582E-6
1.0E-5                   2.0E-5                   1.2000000000000002       1.9050620386655266E-6
1.0E-5                   2.0E-5                   1.3                      1.921255249971151E-6
1.0E-5                   2.0E-5                   1.4000000000000001       1.937356824575065E-6
1.0E-5                   2.0E-5                   1.5                      1.9533860234080594E-6
1.0E-5                   2.0E-5                   1.6                      1.9693584941714854E-6
1.0E-5                   2.0E-5                   1.7000000000000002       1.985195115679448E-6
1.0E-5                   2.0E-5                   1.8                      2.00095495645636E-6
1.0E-5                   2.0E-5                   1.9000000000000001       2.016664712916869E-6
1.0E-5                   2.0E-5                   2                        2.03232448924501E-6
1.0E-5                   2.0E-5                   5                        2.4722354882947194E-6
1.0E-5                   2.0E-5                   10                       3.1124544412435017E-6
1.0E-5                   2.0E-5                   100                      9.119605664074973E-6
1.0E-5                   2.0E-5                   100                      9.119605664074973E-6
1.0E-5                   2.0E-5                   200                      1.2845288867344014E-5
1.0E-5                   2.0E-5                   300                      1.5656628213313682E-5
1.0E-5                   2.0E-5                   400                      1.799440002447552E-5
1.0E-5                   2.0E-5                   500                      2.0040990338673096E-5
1.0E-5                   2.0E-5                   600                      2.1891303236411422E-5
1.0E-5                   2.0E-5                   700                      2.3600829127129344E-5
1.0E-5                   2.0E-5                   800                      2.5193380012055295E-5
1.0E-5                   2.0E-5                   900                      2.6683396471446702E-5
1.0E-5                   2.0E-5                   1000                     2.8088290985792827E-5
1.0E-5                   2.0E-5                   2000                     3.9462081688366537E-5
1.0E-5                   2.0E-5                   3000                     4.817806761855891E-5
1.0E-5                   2.0E-5                   4000                     5.553796691825855E-5
1.0E-5                   2.0E-5                   5000                     6.202051611320429E-5
1.0E-5                   2.0E-5                   6000                     6.788455768375901E-5
1.0E-5                   2.0E-5                   7000                     7.327136318062393E-5
1.0E-5                   2.0E-5                   8000                     7.827960853764745E-5
1.0E-5                   2.0E-5                   9000                     8.297491490775657E-5
1.0E-5                   2.0E-5                   10000                    8.741006158813438E-5
1.0E-5                   2.0E-5                   20000                    1.222581641864458E-4
1.0E-5                   2.0E-5                   30000                    1.4475889953750813E-4
1.0E-5                   2.0E-5                   40000                    1.5887054349598308E-4
1.0E-5                   2.0E-5                   50000                    1.6736174849052565E-4
1.0E-5                   2.0E-5                   60000                    1.7223123636603318E-4
1.0E-5                   2.0E-5                   70000                    1.7489016310646014E-4
1.0E-5                   2.0E-5                   80000                    1.761340297636925E-4
1.0E-5                   2.0E-5                   90000                    1.7664512927949747E-4
1.0E-5                   2.0E-5                   100000                   1.770682617388014E-4
1.0E-5                   2.0E-5                   110000                   1.7724012187618656E-4
1.0E-5                   2.0E-5                   120000                   1.773732793311889E-4
1.0E-5                   2.0E-5                   130000                   1.7745425558803979E-4
1.0E-5                   2.0E-5                   140000                   1.775004109824006E-4
1.0E-5                   2.0E-5                   150000                   1.775310039908417E-4
1.0E-5                   2.0E-5                   160000                   1.7755009140484765E-4
1.0E-5                   2.0E-5                   170000                   1.775640352253913E-4
1.0E-5                   2.0E-5                   180000                   1.7757274292118066E-4
1.0E-5                   2.0E-5                   190000                   1.7757910965343743E-4
1.0E-5                   2.0E-5                   200000                   1.7758308607967728E-4
1.0E-5                   2.75E-5                  0                        0
1.0E-5                   2.75E-5                  0.1                      0
1.0E-5                   2.75E-5                  0.2                      0
1.0E-5                   2.75E-5                  0.30000000000000004      0
1.0E-5                   2.75E-5                  0.4                      0
1.0E-5                   2.75E-5                  0.5                      0
1.0E-5                   2.75E-5                  0.6000000000000001       0
1.0E-5                   2.75E-5                  0.7000000000000001       0
1.0E-5                   2.75E-5                  0.8                      0
1.0E-5                   2.75E-5                  0.9                      0
1.0E-5                   2.75E-5                  1                        1.0551142108210817E-6
1.0E-5                   2.75E-5                  1.1                      1.9625500461795116E-6
1.0E-5                   2.75E-5                  1.2000000000000002       1.9790965984480304E-6
1.0E-5                   2.75E-5                  1.3                      1.9955607927697095E-6
1.0E-5                   2.75E-5                  1.4000000000000001       2.0119322440945215E-6
1.0E-5                   2.75E-5                  1.5                      2.028230713288302E-6
1.0E-5                   2.75E-5                  1.6                      2.0444719219397985E-6
1.0E-5                   2.75E-5                  1.7000000000000002       2.060575411392965E-6
1.0E-5                   2.75E-5                  1.8                      2.0766018896016586E-6
1.0E-5                   2.75E-5                  1.9000000000000001       2.0925778036382335E-6
1.0E-5                   2.75E-5                  2                        2.1085032575902232E-6
1.0E-5                   2.75E-5                  5                        2.556100373872936E-6
1.0E-5                   2.75E-5                  10                       3.208143093349818E-6
1.0E-5                   2.75E-5                  100                      9.321128095491206E-6
1.0E-5                   2.75E-5                  100                      9.321128095491206E-6
1.0E-5                   2.75E-5                  200                      1.3089706112780686E-5
1.0E-5                   2.75E-5                  300                      1.5916241080509086E-5
1.0E-5                   2.75E-5                  400                      1.825832550686396E-5
1.0E-5                   2.75E-5                  500                      2.030553079034203E-5
1.0E-5                   2.75E-5                  600                      2.215598342249417E-5
1.0E-5                   2.75E-5                  700                      2.386601959544938E-5
1.0E-5                   2.75E-5                  800                      2.54589566573617E-5
1.0E-5                   2.75E-5                  900                      2.6948863297000198E-5
1.0E-5                   2.75E-5                  1000                     2.83534548849159E-5
1.0E-5                   2.75E-5                  2000                     3.972713833656905E-5
1.0E-5                   2.75E-5                  3000                     4.844338174240214E-5
1.0E-5                   2.75E-5                  4000                     5.5803016686970545E-5
1.0E-5                   2.75E-5                  5000                     6.228577969624148E-5
1.0E-5                   2.75E-5                  6000                     6.814942318425301E-5
1.0E-5                   2.75E-5                  7000                     7.353657584118434E-5
1.0E-5                   2.75E-5                  8000                     7.854455441464035E-5
1.0E-5                   2.75E-5                  9000                     8.323978098979018E-5
1.0E-5                   2.75E-5                  10000                    8.767498309773279E-5
1.0E-5                   2.75E-5                  20000                    1.225231776526112E-4
1.0E-5                   2.75E-5                  30000                    1.450240013648407E-4
1.0E-5                   2.75E-5                  40000                    1.5913543262954436E-4
1.0E-5                   2.75E-5                  50000                    1.6762651394224316E-4
1.0E-5                   2.75E-5                  60000                    1.72495472519796E-4
1.0E-5                   2.75E-5                  70000                    1.751542604900179E-4
1.0E-5                   2.75E-5                  80000                    1.7639763675823185E-4
1.0E-5                   2.75E-5                  90000                    1.7690968158045413E-4
1.0E-5                   2.75E-5                  100000                   1.7733257545503845E-4
1.0E-5                   2.75E-5                  110000                   1.7750444268840106E-4
1.0E-5                   2.75E-5                  120000                   1.7763795708102657E-4
1.0E-5                   2.75E-5                  130000                   1.7771947499311964E-4
1.0E-5                   2.75E-5                  140000                   1.777654830760138E-4
1.0E-5                   2.75E-5                  150000                   1.7779624934005916E-4
1.0E-5                   2.75E-5                  160000                   1.7781530149786276E-4
1.0E-5                   2.75E-5                  170000                   1.7782932427292577E-4
1.0E-5                   2.75E-5                  180000                   1.7783801605642294E-4
1.0E-5                   2.75E-5                  190000                   1.7784441888039695E-4
1.0E-5                   2.75E-5                  200000                   1.7784838807378763E-4
1.0E-5                   3.5000000000000004E-5    0                        0
1.0E-5                   3.5000000000000004E-5    0.1                      0
1.0E-5                   3.5000000000000004E-5    0.2                      0
1.0E-5                   3.5000000000000004E-5    0.30000000000000004      0
1.0E-5                   3.5000000000000004E-5    0.4                      0
1.0E-5                   3.5000000000000004E-5    0.5                      0
1.0E-5                   3.5000000000000004E-5    0.6000000000000001       0
1.0E-5                   3.5000000000000004E-5    0.7000000000000001       0
1.0E-5                   3.5000000000000004E-5    0.8                      0
1.0E-5                   3.5000000000000004E-5    0.9                      0
1.0E-5                   3.5000000000000004E-5    1                        1.0705125120626432E-6
1.0E-5                   3.5000000000000004E-5    1.1                      1.9896271097437444E-6
1.0E-5                   3.5000000000000004E-5    1.2000000000000002       2.0067931691891358E-6
1.0E-5                   3.5000000000000004E-5    1.3                      2.023869517929752E-6
1.0E-5                   3.5000000000000004E-5    1.4000000000000001       2.0408489198393365E-6
1.0E-5                   3.5000000000000004E-5    1.5                      2.0577489489506254E-6
1.0E-5                   3.5000000000000004E-5    1.6                      2.0745877781037805E-6
1.0E-5                   3.5000000000000004E-5    1.7000000000000002       2.091279520310849E-6
1.0E-5                   3.5000000000000004E-5    1.8                      2.107890943184395E-6
1.0E-5                   3.5000000000000004E-5    1.9000000000000001       2.124448339912225E-6
1.0E-5                   3.5000000000000004E-5    2                        2.1409518274103965E-6
1.0E-5                   3.5000000000000004E-5    5                        2.6039390035695885E-6
1.0E-5                   3.5000000000000004E-5    10                       3.275751156313459E-6
1.0E-5                   3.5000000000000004E-5    100                      9.514957459571251E-6
1.0E-5                   3.5000000000000004E-5    100                      9.514957459571251E-6
1.0E-5                   3.5000000000000004E-5    200                      1.3329311551854796E-5
1.0E-5                   3.5000000000000004E-5    300                      1.617294141511731E-5
1.0E-5                   3.5000000000000004E-5    400                      1.8520923142300743E-5
1.0E-5                   3.5000000000000004E-5    500                      2.0569370575415696E-5
1.0E-5                   3.5000000000000004E-5    600                      2.242151947481783E-5
1.0E-5                   3.5000000000000004E-5    700                      2.4132700048356024E-5
1.0E-5                   3.5000000000000004E-5    800                      2.572529043529666E-5
1.0E-5                   3.5000000000000004E-5    900                      2.7214114759617733E-5
1.0E-5                   3.5000000000000004E-5    1000                     2.8618404179957297E-5
1.0E-5                   3.5000000000000004E-5    2000                     3.999194173848401E-5
1.0E-5                   3.5000000000000004E-5    3000                     4.871027153462351E-5
1.0E-5                   3.5000000000000004E-5    4000                     5.6067866787011216E-5
1.0E-5                   3.5000000000000004E-5    5000                     6.253459986486777E-5
1.0E-5                   3.5000000000000004E-5    6000                     6.838796893026367E-5
1.0E-5                   3.5000000000000004E-5    7000                     7.377732083486709E-5
1.0E-5                   3.5000000000000004E-5    8000                     7.879427417076476E-5
1.0E-5                   3.5000000000000004E-5    9000                     8.350199800928279E-5
1.0E-5                   3.5000000000000004E-5    10000                    8.794747957044214E-5
1.0E-5                   3.5000000000000004E-5    20000                    1.228033209010827E-4
1.0E-5                   3.5000000000000004E-5    30000                    1.4531117685719007E-4
1.0E-5                   3.5000000000000004E-5    40000                    1.5926515912988607E-4
1.0E-5                   3.5000000000000004E-5    50000                    1.6746261242428547E-4
1.0E-5                   3.5000000000000004E-5    60000                    1.720873060251156E-4
1.0E-5                   3.5000000000000004E-5    70000                    1.746322726083543E-4
1.0E-5                   3.5000000000000004E-5    80000                    1.7604885621993566E-4
1.0E-5                   3.5000000000000004E-5    90000                    1.7683287695582074E-4
1.0E-5                   3.5000000000000004E-5    100000                   1.773130863945846E-4
1.0E-5                   3.5000000000000004E-5    110000                   1.776523191930235E-4
1.0E-5                   3.5000000000000004E-5    120000                   1.7786647457023556E-4
1.0E-5                   3.5000000000000004E-5    130000                   1.7799160916236138E-4
1.0E-5                   3.5000000000000004E-5    140000                   1.780732035536787E-4
1.0E-5                   3.5000000000000004E-5    150000                   1.781127581707272E-4
1.0E-5                   3.5000000000000004E-5    160000                   1.7813692769815535E-4
1.0E-5                   3.5000000000000004E-5    170000                   1.7814003959314425E-4
1.0E-5                   3.5000000000000004E-5    180000                   1.7814147835710733E-4
1.0E-5                   3.5000000000000004E-5    190000                   1.7813713204756522E-4
1.0E-5                   3.5000000000000004E-5    200000                   1.78132965184178E-4
2.0E-5                   5.0E-6                   0                        0
2.0E-5                   5.0E-6                   0.1                      0
2.0E-5                   5.0E-6                   0.2                      0
2.0E-5                   5.0E-6                   0.30000000000000004      0
2.0E-5                   5.0E-6                   0.4                      0
2.0E-5                   5.0E-6                   0.5                      0
2.0E-5                   5.0E-6                   0.6000000000000001       0
2.0E-5                   5.0E-6                   0.7000000000000001       0
2.0E-5                   5.0E-6                   0.8                      0
2.0E-5                   5.0E-6                   0.9                      0
2.0E-5                   5.0E-6                   1                        1.003863300178269E-6
2.0E-5                   5.0E-6                   1.1                      1.8769096753835355E-6
2.0E-5                   5.0E-6                   1.2000000000000002       1.8924693823958407E-6
2.0E-5                   5.0E-6                   1.3                      1.907849483149119E-6
2.0E-5                   5.0E-6                   1.4000000000000001       1.923145739267617E-6
2.0E-5                   5.0E-6                   1.5                      1.9383735206178115E-6
2.0E-5                   5.0E-6                   1.6                      1.9535487833873817E-6
2.0E-5                   5.0E-6                   1.7000000000000002       1.968598200349154E-6
2.0E-5                   5.0E-6                   1.8                      1.983576148084805E-6
2.0E-5                   5.0E-6                   1.9000000000000001       1.998507673579759E-6
2.0E-5                   5.0E-6                   2                        2.0133928704288115E-6
2.0E-5                   5.0E-6                   5                        2.4320001195175772E-6
2.0E-5                   5.0E-6                   10                       3.043967308283581E-6
2.0E-5                   5.0E-6                   100                      8.867798501454575E-6
2.0E-5                   5.0E-6                   100                      8.867798501454575E-6
2.0E-5                   5.0E-6                   200                      1.2536459507555739E-5
2.0E-5                   5.0E-6                   300                      1.532609671893012E-5
2.0E-5                   5.0E-6                   400                      1.767518097885035E-5
2.0E-5                   5.0E-6                   500                      1.974609908025966E-5
2.0E-5                   5.0E-6                   600                      2.1610241411675435E-5
2.0E-5                   5.0E-6                   700                      2.3319461447759064E-5
2.0E-5                   5.0E-6                   800                      2.4908300147443787E-5
2.0E-5                   5.0E-6                   900                      2.6397063301729803E-5
2.0E-5                   5.0E-6                   1000                     2.7804050103322187E-5
2.0E-5                   5.0E-6                   2000                     3.9193042822695235E-5
2.0E-5                   5.0E-6                   3000                     4.793531579185456E-5
2.0E-5                   5.0E-6                   4000                     5.5286297679847385E-5
2.0E-5                   5.0E-6                   5000                     6.1754355503526E-5
2.0E-5                   5.0E-6                   6000                     6.762008481726685E-5
2.0E-5                   5.0E-6                   7000                     7.301614633553042E-5
2.0E-5                   5.0E-6                   8000                     7.802519144767977E-5
2.0E-5                   5.0E-6                   9000                     8.272391595632057E-5
2.0E-5                   5.0E-6                   10000                    8.716176760107373E-5
2.0E-5                   5.0E-6                   20000                    1.220301788431008E-4
2.0E-5                   5.0E-6                   30000                    1.445846506121271E-4
2.0E-5                   5.0E-6                   40000                    1.5858965316050685E-4
2.0E-5                   5.0E-6                   50000                    1.6683375015823896E-4
2.0E-5                   5.0E-6                   60000                    1.7149460189890545E-4
2.0E-5                   5.0E-6                   70000                    1.740644255729962E-4
2.0E-5                   5.0E-6                   80000                    1.7549628582011565E-4
2.0E-5                   5.0E-6                   90000                    1.7628631172307585E-4
2.0E-5                   5.0E-6                   100000                   1.7677330801830235E-4
2.0E-5                   5.0E-6                   110000                   1.7711495095850194E-4
2.0E-5                   5.0E-6                   120000                   1.7733132352607247E-4
2.0E-5                   5.0E-6                   130000                   1.774586153938623E-4
2.0E-5                   5.0E-6                   140000                   1.7754074797917595E-4
2.0E-5                   5.0E-6                   150000                   1.775814024411726E-4
2.0E-5                   5.0E-6                   160000                   1.776057732704592E-4
2.0E-5                   5.0E-6                   170000                   1.7760945470105796E-4
2.0E-5                   5.0E-6                   180000                   1.7761081197422833E-4
2.0E-5                   5.0E-6                   190000                   1.7760664620996902E-4
2.0E-5                   5.0E-6                   200000                   1.776024012139975E-4
2.0E-5                   1.25E-5                  0                        0
2.0E-5                   1.25E-5                  0.1                      0
2.0E-5                   1.25E-5                  0.2                      0
2.0E-5                   1.25E-5                  0.30000000000000004      0
2.0E-5                   1.25E-5                  0.4                      0
2.0E-5                   1.25E-5                  0.5                      0
2.0E-5                   1.25E-5                  0.6000000000000001       0
2.0E-5                   1.25E-5                  0.7000000000000001       0
2.0E-5                   1.25E-5                  0.8                      0
2.0E-5                   1.25E-5                  0.9                      0
2.0E-5                   1.25E-5                  1                        1.0316669482910557E-6
2.0E-5                   1.25E-5                  1.1                      1.919569656877128E-6
2.0E-5                   1.25E-5                  1.2000000000000002       1.936247946176672E-6
2.0E-5                   1.25E-5                  1.3                      1.9528423238639097E-6
2.0E-5                   1.25E-5                  1.4000000000000001       1.9693422681936202E-6
2.0E-5                   1.25E-5                  1.5                      1.9857678118445676E-6
2.0E-5                   1.25E-5                  1.6                      2.0021349842949514E-6
2.0E-5                   1.25E-5                  1.7000000000000002       2.0183619751197E-6
2.0E-5                   1.25E-5                  1.8                      2.034510338898276E-6
2.0E-5                   1.25E-5                  1.9000000000000001       2.0506072282343396E-6
2.0E-5                   1.25E-5                  2                        2.0666527519814815E-6
2.0E-5                   1.25E-5                  5                        2.517312833165348E-6
2.0E-5                   1.25E-5                  10                       3.1730046803079117E-6
2.0E-5                   1.25E-5                  100                      9.319262008336503E-6
2.0E-5                   1.25E-5                  100                      9.319262008336503E-6
2.0E-5                   1.25E-5                  200                      1.3138746525668087E-5
2.0E-5                   1.25E-5                  300                      1.6031778610880152E-5
2.0E-5                   1.25E-5                  400                      1.8438171424453922E-5
2.0E-5                   1.25E-5                  500                      2.0539274211472052E-5
2.0E-5                   1.25E-5                  600                      2.2431960958414404E-5
2.0E-5                   1.25E-5                  700                      2.4173184846484724E-5
2.0E-5                   1.25E-5                  800                      2.57895598014872E-5
2.0E-5                   1.25E-5                  900                      2.7298585740761482E-5
2.0E-5                   1.25E-5                  1000                     2.8719740413770812E-5
2.0E-5                   1.25E-5                  2000                     4.016368104687404E-5
2.0E-5                   1.25E-5                  3000                     4.8903144009487795E-5
2.0E-5                   1.25E-5                  4000                     5.627558545935079E-5
2.0E-5                   1.25E-5                  5000                     6.27670516693334E-5
2.0E-5                   1.25E-5                  6000                     6.863628704972767E-5
2.0E-5                   1.25E-5                  7000                     7.40288233295312E-5
2.0E-5                   1.25E-5                  8000                     7.904015796240412E-5
2.0E-5                   1.25E-5                  9000                     8.373844770434821E-5
2.0E-5                   1.25E-5                  10000                    8.817656241116391E-5
2.0E-5                   1.25E-5                  20000                    1.2305485444487577E-4
2.0E-5                   1.25E-5                  30000                    1.4560423962179213E-4
2.0E-5                   1.25E-5                  40000                    1.599362001455665E-4
2.0E-5                   1.25E-5                  50000                    1.6854975057565812E-4
2.0E-5                   1.25E-5                  60000                    1.7339999781910284E-4
2.0E-5                   1.25E-5                  70000                    1.7606875295918237E-4
2.0E-5                   1.25E-5                  80000                    1.7744722865383828E-4
2.0E-5                   1.25E-5                  90000                    1.7810365808857025E-4
2.0E-5                   1.25E-5                  100000                   1.7836237664556036E-4
2.0E-5                   1.25E-5                  110000                   1.7846121505283476E-4
2.0E-5                   1.25E-5                  120000                   1.7845993556891667E-4
2.0E-5                   1.25E-5                  130000                   1.7845187125953532E-4
2.0E-5                   1.25E-5                  140000                   1.784858128553123E-4
2.0E-5                   1.25E-5                  150000                   1.785383140609189E-4
2.0E-5                   1.25E-5                  160000                   1.7857059929047442E-4
2.0E-5                   1.25E-5                  170000                   1.7860062320992475E-4
2.0E-5                   1.25E-5                  180000                   1.7861538054635866E-4
2.0E-5                   1.25E-5                  190000                   1.7862910529688322E-4
2.0E-5                   1.25E-5                  200000                   1.78635850182519E-4
2.0E-5                   2.0E-5                   0                        0
2.0E-5                   2.0E-5                   0.1                      0
2.0E-5                   2.0E-5                   0.2                      0
2.0E-5                   2.0E-5                   0.30000000000000004      0
2.0E-5                   2.0E-5                   0.4                      0
2.0E-5                   2.0E-5                   0.5                      0
2.0E-5                   2.0E-5                   0.6000000000000001       0
2.0E-5                   2.0E-5                   0.7000000000000001       0
2.0E-5                   2.0E-5                   0.8                      0
2.0E-5                   2.0E-5                   0.9                      0
2.0E-5                   2.0E-5                   1                        1.120038421202475E-6
2.0E-5                   2.0E-5                   1.1                      2.0812925523253343E-6
2.0E-5                   2.0E-5                   1.2000000000000002       2.0984423553994393E-6
2.0E-5                   2.0E-5                   1.3                      2.115509068792222E-6
2.0E-5                   2.0E-5                   1.4000000000000001       2.1324794036605335E-6
2.0E-5                   2.0E-5                   1.5                      2.1493774367512433E-6
2.0E-5                   2.0E-5                   1.6                      2.1662166275368003E-6
2.0E-5                   2.0E-5                   1.7000000000000002       2.1829079494162403E-6
2.0E-5                   2.0E-5                   1.8                      2.199529800364868E-6
2.0E-5                   2.0E-5                   1.9000000000000001       2.2160995769610203E-6
2.0E-5                   2.0E-5                   2                        2.2326173879323598E-6
2.0E-5                   2.0E-5                   5                        2.696988675724742E-6
2.0E-5                   2.0E-5                   10                       3.375291724461479E-6
2.0E-5                   2.0E-5                   100                      9.777437264553895E-6
2.0E-5                   2.0E-5                   100                      9.777437264553895E-6
2.0E-5                   2.0E-5                   200                      1.3748653879838732E-5
2.0E-5                   2.0E-5                   300                      1.673557420270301E-5
2.0E-5                   2.0E-5                   400                      1.922703003637593E-5
2.0E-5                   2.0E-5                   500                      2.139507281416083E-5
2.0E-5                   2.0E-5                   600                      2.3342686000363466E-5
2.0E-5                   2.0E-5                   700                      2.5116271754079446E-5
2.0E-5                   2.0E-5                   800                      2.675452780864334E-5
2.0E-5                   2.0E-5                   900                      2.8282164257987686E-5
2.0E-5                   2.0E-5                   1000                     2.971920253694106E-5
2.0E-5                   2.0E-5                   2000                     4.120472690082622E-5
2.0E-5                   2.0E-5                   3000                     4.994941568849037E-5
2.0E-5                   2.0E-5                   4000                     5.7325038162390454E-5
2.0E-5                   2.0E-5                   5000                     6.381455089265739E-5
2.0E-5                   2.0E-5                   6000                     6.968305909797318E-5
2.0E-5                   2.0E-5                   7000                     7.507969674076109E-5
2.0E-5                   2.0E-5                   8000                     8.01008957670934E-5
2.0E-5                   2.0E-5                   9000                     8.48120541426466E-5
2.0E-5                   2.0E-5                   10000                    8.92579165621428E-5
2.0E-5                   2.0E-5                   20000                    1.2411868915322303E-4
2.0E-5                   2.0E-5                   30000                    1.4668760604289943E-4
2.0E-5                   2.0E-5                   40000                    1.609147176286326E-4
2.0E-5                   2.0E-5                   50000                    1.6950408455759236E-4
2.0E-5                   2.0E-5                   60000                    1.7437779929986775E-4
2.0E-5                   2.0E-5                   70000                    1.7703622740534623E-4
2.0E-5                   2.0E-5                   80000                    1.7841813331614842E-4
2.0E-5                   2.0E-5                   90000                    1.7906868326363342E-4
2.0E-5                   2.0E-5                   100000                   1.793486595301738E-4
2.0E-5                   2.0E-5                   110000                   1.7946995803083798E-4
2.0E-5                   2.0E-5                   120000                   1.7948458534088526E-4
2.0E-5                   2.0E-5                   130000                   1.7950291433456257E-4
2.0E-5                   2.0E-5                   140000                   1.7955434731517956E-4
2.0E-5                   2.0E-5                   150000                   1.7960758634563768E-4
2.0E-5                   2.0E-5                   160000                   1.7963970490186574E-4
2.0E-5                   2.0E-5                   170000                   1.7966576161632274E-4
2.0E-5                   2.0E-5                   180000                   1.7968088379652583E-4
2.0E-5                   2.0E-5                   190000                   1.7969299688758833E-4
2.0E-5                   2.0E-5                   200000                   1.7969968007655468E-4
2.0E-5                   2.75E-5                  0                        0
2.0E-5                   2.75E-5                  0.1                      0
2.0E-5                   2.75E-5                  0.2                      0
2.0E-5                   2.75E-5                  0.30000000000000004      0
2.0E-5                   2.75E-5                  0.4                      0
2.0E-5                   2.75E-5                  0.5                      0
2.0E-5                   2.75E-5                  0.6000000000000001       0
2.0E-5                   2.75E-5                  0.7000000000000001       0
2.0E-5                   2.75E-5                  0.8                      0
2.0E-5                   2.75E-5                  0.9                      0
2.0E-5                   2.75E-5                  1                        1.1721986012753207E-6
2.0E-5                   2.75E-5                  1.1                      2.178398521498589E-6
2.0E-5                   2.75E-5                  1.2000000000000002       2.1964015260595E-6
2.0E-5                   2.75E-5                  1.3                      2.2143159018561077E-6
2.0E-5                   2.75E-5                  1.4000000000000001       2.2321340457245354E-6
2.0E-5                   2.75E-5                  1.5                      2.2498738180894818E-6
2.0E-5                   2.75E-5                  1.6                      2.2675525720980653E-6
2.0E-5                   2.75E-5                  1.7000000000000002       2.2850849464421624E-6
2.0E-5                   2.75E-5                  1.8                      2.30253908639836E-6
2.0E-5                   2.75E-5                  1.9000000000000001       2.3199390478431255E-6
2.0E-5                   2.75E-5                  2                        2.3372849391502147E-6
2.0E-5                   2.75E-5                  5                        2.8252922272276013E-6
2.0E-5                   2.75E-5                  10                       3.538597696215294E-6
2.0E-5                   2.75E-5                  100                      1.0236419482220254E-5
2.0E-5                   2.75E-5                  100                      1.0236419482220254E-5
2.0E-5                   2.75E-5                  200                      1.4361357863308955E-5
2.0E-5                   2.75E-5                  300                      1.74514365679938E-5
2.0E-5                   2.75E-5                  400                      2.0020534818915125E-5
2.0E-5                   2.75E-5                  500                      2.2248739605580936E-5
2.0E-5                   2.75E-5                  600                      2.4244042183815865E-5
2.0E-5                   2.75E-5                  700                      2.6055041347561365E-5
2.0E-5                   2.75E-5                  800                      2.7722415702780087E-5
2.0E-5                   2.75E-5                  900                      2.9272432125171858E-5
2.0E-5                   2.75E-5                  1000                     3.0726488149892047E-5
2.0E-5                   2.75E-5                  2000                     4.226124592007162E-5
2.0E-5                   2.75E-5                  3000                     5.100748631741464E-5
2.0E-5                   2.75E-5                  4000                     5.838438930180774E-5
2.0E-5                   2.75E-5                  5000                     6.487421702675353E-5
2.0E-5                   2.75E-5                  6000                     7.074277645509523E-5
2.0E-5                   2.75E-5                  7000                     7.613954507113957E-5
2.0E-5                   2.75E-5                  8000                     8.116088778691758E-5
2.0E-5                   2.75E-5                  9000                     8.587229215817262E-5
2.0E-5                   2.75E-5                  10000                    9.03182515079678E-5
2.0E-5                   2.75E-5                  20000                    1.2517902660685791E-4
2.0E-5                   2.75E-5                  30000                    1.4774864633739147E-4
2.0E-5                   2.75E-5                  40000                    1.619758596563325E-4
2.0E-5                   2.75E-5                  50000                    1.7056696371736094E-4
2.0E-5                   2.75E-5                  60000                    1.7544118037495892E-4
2.0E-5                   2.75E-5                  70000                    1.78099832338304E-4
2.0E-5                   2.75E-5                  80000                    1.79481613295553E-4
2.0E-5                   2.75E-5                  90000                    1.8013350028124004E-4
2.0E-5                   2.75E-5                  100000                   1.804132268217584E-4
2.0E-5                   2.75E-5                  110000                   1.805343076727559E-4
2.0E-5                   2.75E-5                  120000                   1.8054885708385264E-4
2.0E-5                   2.75E-5                  130000                   1.8056548197515853E-4
2.0E-5                   2.75E-5                  140000                   1.8061571845729322E-4
2.0E-5                   2.75E-5                  150000                   1.8066906068932268E-4
2.0E-5                   2.75E-5                  160000                   1.8070090630902303E-4
2.0E-5                   2.75E-5                  170000                   1.807271318051157E-4
2.0E-5                   2.75E-5                  180000                   1.8074212500617703E-4
2.0E-5                   2.75E-5                  190000                   1.8075432874975752E-4
2.0E-5                   2.75E-5                  200000                   1.8076095526412336E-4
2.0E-5                   3.5000000000000004E-5    0                        0
2.0E-5                   3.5000000000000004E-5    0.1                      0
2.0E-5                   3.5000000000000004E-5    0.2                      0
2.0E-5                   3.5000000000000004E-5    0.30000000000000004      0
2.0E-5                   3.5000000000000004E-5    0.4                      0
2.0E-5                   3.5000000000000004E-5    0.5                      0
2.0E-5                   3.5000000000000004E-5    0.6000000000000001       0
2.0E-5                   3.5000000000000004E-5    0.7000000000000001       0
2.0E-5                   3.5000000000000004E-5    0.8                      0
2.0E-5                   3.5000000000000004E-5    0.9                      0
2.0E-5                   3.5000000000000004E-5    1                        1.2260194451303195E-6
2.0E-5                   3.5000000000000004E-5    1.1                      2.277554744342513E-6
2.0E-5                   3.5000000000000004E-5    1.2000000000000002       2.2964684337006175E-6
2.0E-5                   3.5000000000000004E-5    1.3                      2.315290064432463E-6
2.0E-5                   3.5000000000000004E-5    1.4000000000000001       2.3340072937711817E-6
2.0E-5                   3.5000000000000004E-5    1.5                      2.3526452075676196E-6
2.0E-5                   3.5000000000000004E-5    1.6                      2.3712182361429643E-6
2.0E-5                   3.5000000000000004E-5    1.7000000000000002       2.389625387089632E-6
2.0E-5                   3.5000000000000004E-5    1.8                      2.4079637448621015E-6
2.0E-5                   3.5000000000000004E-5    1.9000000000000001       2.426244404444117E-6
2.0E-5                   3.5000000000000004E-5    2                        2.4444674862905874E-6
2.0E-5                   3.5000000000000004E-5    5                        2.956795226931594E-6
2.0E-5                   3.5000000000000004E-5    10                       3.7046458452017355E-6
2.0E-5                   3.5000000000000004E-5    100                      1.069229962821807E-5
2.0E-5                   3.5000000000000004E-5    100                      1.069229962821807E-5
2.0E-5                   3.5000000000000004E-5    200                      1.4971959936766653E-5
2.0E-5                   3.5000000000000004E-5    300                      1.8167184862159652E-5
2.0E-5                   3.5000000000000004E-5    400                      2.0813036176791355E-5
2.0E-5                   3.5000000000000004E-5    500                      2.310278286863547E-5
2.0E-5                   3.5000000000000004E-5    600                      2.5145390081715353E-5
2.0E-5                   3.5000000000000004E-5    700                      2.699353027645356E-5
2.0E-5                   3.5000000000000004E-5    800                      2.8690119560623007E-5
2.0E-5                   3.5000000000000004E-5    900                      3.0262924313007392E-5
2.0E-5                   3.5000000000000004E-5    1000                     3.173422183426145E-5
2.0E-5                   3.5000000000000004E-5    2000                     4.331858543614699E-5
2.0E-5                   3.5000000000000004E-5    3000                     5.2068721414436696E-5
2.0E-5                   3.5000000000000004E-5    4000                     5.9445808253431446E-5
2.0E-5                   3.5000000000000004E-5    5000                     6.593567791170222E-5
2.0E-5                   3.5000000000000004E-5    6000                     7.180479612317599E-5
2.0E-5                   3.5000000000000004E-5    7000                     7.720168809399661E-5
2.0E-5                   3.5000000000000004E-5    8000                     8.222310810968081E-5
2.0E-5                   3.5000000000000004E-5    9000                     8.69333431342125E-5
2.0E-5                   3.5000000000000004E-5    10000                    9.137875680028354E-5
2.0E-5                   3.5000000000000004E-5    20000                    1.2624290279715476E-4
2.0E-5                   3.5000000000000004E-5    30000                    1.488080107811185E-4
2.0E-5                   3.5000000000000004E-5    40000                    1.6303408011108448E-4
2.0E-5                   3.5000000000000004E-5    50000                    1.71608724357745E-4
2.0E-5                   3.5000000000000004E-5    60000                    1.764789652018283E-4
2.0E-5                   3.5000000000000004E-5    70000                    1.7913644714099365E-4
2.0E-5                   3.5000000000000004E-5    80000                    1.8052050743660666E-4
2.0E-5                   3.5000000000000004E-5    90000                    1.8116279320612812E-4
2.0E-5                   3.5000000000000004E-5    100000                   1.8144617502409356E-4
2.0E-5                   3.5000000000000004E-5    110000                   1.8156738122192736E-4
2.0E-5                   3.5000000000000004E-5    120000                   1.8158344604368682E-4
2.0E-5                   3.5000000000000004E-5    130000                   1.816165376582993E-4
2.0E-5                   3.5000000000000004E-5    140000                   1.8167757506724888E-4
2.0E-5                   3.5000000000000004E-5    150000                   1.8172909824040252E-4
2.0E-5                   3.5000000000000004E-5    160000                   1.8176345492617696E-4
2.0E-5                   3.5000000000000004E-5    170000                   1.8178797786344588E-4
2.0E-5                   3.5000000000000004E-5    180000                   1.8180415805834905E-4
2.0E-5                   3.5000000000000004E-5    190000                   1.8181545202181353E-4
2.0E-5                   3.5000000000000004E-5    200000                   1.8182259985509528E-4
5.0E-5                   5.0E-6                   0                        0
5.0E-5                   5.0E-6                   0.1                      0
5.0E-5                   5.0E-6                   0.2                      0
5.0E-5                   5.0E-6                   0.30000000000000004      0
5.0E-5                   5.0E-6                   0.4                      0
5.0E-5                   5.0E-6                   0.5                      0
5.0E-5                   5.0E-6                   0.6000000000000001       0
5.0E-5                   5.0E-6                   0.7000000000000001       0
5.0E-5                   5.0E-6                   0.8                      0
5.0E-5                   5.0E-6                   0.9                      0
5.0E-5                   5.0E-6                   1                        1.1236588526231502E-6
5.0E-5                   5.0E-6                   1.1                      2.09228897886138E-6
5.0E-5                   5.0E-6                   1.2000000000000002       2.1082191826921876E-6
5.0E-5                   5.0E-6                   1.3                      2.1239896813108747E-6
5.0E-5                   5.0E-6                   1.4000000000000001       2.1396742618273353E-6
5.0E-5                   5.0E-6                   1.5                      2.1553041050357294E-6
5.0E-5                   5.0E-6                   1.6                      2.170825449716123E-6
5.0E-5                   5.0E-6                   1.7000000000000002       2.1862736613330557E-6
5.0E-5                   5.0E-6                   1.8                      2.2016726013945857E-6
5.0E-5                   5.0E-6                   1.9000000000000001       2.2170223829255175E-6
5.0E-5                   5.0E-6                   2                        2.232323118034284E-6
5.0E-5                   5.0E-6                   5                        2.6628791519547817E-6
5.0E-5                   5.0E-6                   10                       3.2915555120956E-6
5.0E-5                   5.0E-6                   100                      9.2927150161458E-6
5.0E-5                   5.0E-6                   100                      9.2927150161458E-6
5.0E-5                   5.0E-6                   200                      1.3059514660194678E-5
5.0E-5                   5.0E-6                   300                      1.590995651740664E-5
5.0E-5                   5.0E-6                   400                      1.829883647700148E-5
5.0E-5                   5.0E-6                   500                      2.039445866797724E-5
5.0E-5                   5.0E-6                   600                      2.228086831921957E-5
5.0E-5                   5.0E-6                   700                      2.4012983958261074E-5
5.0E-5                   5.0E-6                   800                      2.5619553031277287E-5
5.0E-5                   5.0E-6                   900                      2.7127511562638136E-5
5.0E-5                   5.0E-6                   1000                     2.8563995525422302E-5
5.0E-5                   5.0E-6                   2000                     4.005111403884044E-5
5.0E-5                   5.0E-6                   3000                     4.882968115587906E-5
5.0E-5                   5.0E-6                   4000                     5.62247807504648E-5
5.0E-5                   5.0E-6                   5000                     6.272888542003171E-5
5.0E-5                   5.0E-6                   6000                     6.861154512089459E-5
5.0E-5                   5.0E-6                   7000                     7.401972913498746E-5
5.0E-5                   5.0E-6                   8000                     7.905061751009327E-5
5.0E-5                   5.0E-6                   9000                     8.377239626030412E-5
5.0E-5                   5.0E-6                   10000                    8.823341734086435E-5
5.0E-5                   5.0E-6                   20000                    1.2328020950112364E-4
5.0E-5                   5.0E-6                   30000                    1.462327670697926E-4
5.0E-5                   5.0E-6                   40000                    1.6073272365786192E-4
5.0E-5                   5.0E-6                   50000                    1.6941671423230842E-4
5.0E-5                   5.0E-6                   60000                    1.7449192212447924E-4
5.0E-5                   5.0E-6                   70000                    1.7735149560216645E-4
5.0E-5                   5.0E-6                   80000                    1.78955198284164E-4
5.0E-5                   5.0E-6                   90000                    1.7989239473506082E-4
5.0E-5                   5.0E-6                   100000                   1.8045641248431158E-4
5.0E-5                   5.0E-6                   110000                   1.808059201355723E-4
5.0E-5                   5.0E-6                   120000                   1.8102941619923586E-4
5.0E-5                   5.0E-6                   130000                   1.8118114531187818E-4
5.0E-5                   5.0E-6                   140000                   1.8125818204249073E-4
5.0E-5                   5.0E-6                   150000                   1.813102221961362E-4
5.0E-5                   5.0E-6                   160000                   1.813222685594332E-4
5.0E-5                   5.0E-6                   170000                   1.8133178914316375E-4
5.0E-5                   5.0E-6                   180000                   1.8132737471441215E-4
5.0E-5                   5.0E-6                   190000                   1.8132478853385961E-4
5.0E-5                   5.0E-6                   200000                   1.8131915346290023E-4
5.0E-5                   1.25E-5                  0                        0
5.0E-5                   1.25E-5                  0.1                      0
5.0E-5                   1.25E-5                  0.2                      0
5.0E-5                   1.25E-5                  0.30000000000000004      0
5.0E-5                   1.25E-5                  0.4                      0
5.0E-5                   1.25E-5                  0.5                      0
5.0E-5                   1.25E-5                  0.6000000000000001       0
5.0E-5                   1.25E-5                  0.7000000000000001       0
5.0E-5                   1.25E-5                  0.8                      0
5.0E-5                   1.25E-5                  0.9                      0
5.0E-5                   1.25E-5                  1                        1.1816082870646963E-6
5.0E-5                   1.25E-5                  1.1                      2.1950352604123294E-6
5.0E-5                   1.25E-5                  1.2000000000000002       2.213954004248895E-6
5.0E-5                   1.25E-5                  1.3                      2.232779047481956E-6
5.0E-5                   1.25E-5                  1.4000000000000001       2.251499559346462E-6
5.0E-5                   1.25E-5                  1.5                      2.270138431564238E-6
5.0E-5                   1.25E-5                  1.6                      2.2887116226451806E-6
5.0E-5                   1.25E-5                  1.7000000000000002       2.3071213950774185E-6
5.0E-5                   1.25E-5                  1.8                      2.32545622430362E-6
5.0E-5                   1.25E-5                  1.9000000000000001       2.3437326952381956E-6
5.0E-5                   1.25E-5                  2                        2.361950936363647E-6
5.0E-5                   1.25E-5                  5                        2.873724965609885E-6
5.0E-5                   1.25E-5                  10                       3.619353617825951E-6
5.0E-5                   1.25E-5                  100                      1.0525739573306054E-5
5.0E-5                   1.25E-5                  100                      1.0525739573306054E-5
5.0E-5                   1.25E-5                  200                      1.474871856025965E-5
5.0E-5                   1.25E-5                  300                      1.7912287573753727E-5
5.0E-5                   1.25E-5                  400                      2.054149700908551E-5
5.0E-5                   1.25E-5                  500                      2.2826730665366133E-5
5.0E-5                   1.25E-5                  600                      2.487714259987769E-5
5.0E-5                   1.25E-5                  700                      2.6743587906831844E-5
5.0E-5                   1.25E-5                  800                      2.8467650044049262E-5
5.0E-5                   1.25E-5                  900                      3.007540518742146E-5
5.0E-5                   1.25E-5                  1000                     3.158736701196394E-5
5.0E-5                   1.25E-5                  2000                     4.3616043426436245E-5
5.0E-5                   1.25E-5                  3000                     5.267713688324092E-5
5.0E-5                   1.25E-5                  4000                     6.025631171469396E-5
5.0E-5                   1.25E-5                  5000                     6.68903226604573E-5
5.0E-5                   1.25E-5                  6000                     7.286843559994975E-5
5.0E-5                   1.25E-5                  7000                     7.835095335033774E-5
5.0E-5                   1.25E-5                  8000                     8.34420105155375E-5
5.0E-5                   1.25E-5                  9000                     8.821093834246419E-5
5.0E-5                   1.25E-5                  10000                    9.270659868780792E-5
5.0E-5                   1.25E-5                  20000                    1.2803330833194458E-4
5.0E-5                   1.25E-5                  30000                    1.5132893134509474E-4
5.0E-5                   1.25E-5                  40000                    1.663850001776759E-4
5.0E-5                   1.25E-5                  50000                    1.7577360081958912E-4
5.0E-5                   1.25E-5                  60000                    1.813006221803142E-4
5.0E-5                   1.25E-5                  70000                    1.8441670569178852E-4
5.0E-5                   1.25E-5                  80000                    1.8607003565524486E-4
5.0E-5                   1.25E-5                  90000                    1.8689006481385315E-4
5.0E-5                   1.25E-5                  100000                   1.8729335997979624E-4
5.0E-5                   1.25E-5                  110000                   1.8744304088180809E-4
5.0E-5                   1.25E-5                  120000                   1.8750915888176344E-4
5.0E-5                   1.25E-5                  130000                   1.876172839142938E-4
5.0E-5                   1.25E-5                  140000                   1.8773055232874385E-4
5.0E-5                   1.25E-5                  150000                   1.8778734623946868E-4
5.0E-5                   1.25E-5                  160000                   1.8784164691616233E-4
5.0E-5                   1.25E-5                  170000                   1.8786913852861676E-4
5.0E-5                   1.25E-5                  180000                   1.8789549622747598E-4
5.0E-5                   1.25E-5                  190000                   1.8790798467960398E-4
5.0E-5                   1.25E-5                  200000                   1.8791988754606457E-4
5.0E-5                   2.0E-5                   0                        0
5.0E-5                   2.0E-5                   0.1                      0
5.0E-5                   2.0E-5                   0.2                      0
5.0E-5                   2.0E-5                   0.30000000000000004      0
5.0E-5                   2.0E-5                   0.4                      0
5.0E-5                   2.0E-5                   0.5                      0
5.0E-5                   2.0E-5                   0.6000000000000001       0
5.0E-5                   2.0E-5                   0.7000000000000001       0
5.0E-5                   2.0E-5                   0.8                      0
5.0E-5                   2.0E-5                   0.9                      0
5.0E-5                   2.0E-5                   1                        1.3467576106402459E-6
5.0E-5                   2.0E-5                   1.1                      2.5031756924888963E-6
5.0E-5                   2.0E-5                   1.2000000000000002       2.524181188740777E-6
5.0E-5                   2.0E-5                   1.3                      2.5450806426378856E-6
5.0E-5                   2.0E-5                   1.4000000000000001       2.565862532077862E-6
5.0E-5                   2.0E-5                   1.5                      2.5865520614093532E-6
5.0E-5                   2.0E-5                   1.6                      2.6071682894457776E-6
5.0E-5                   2.0E-5                   1.7000000000000002       2.627601649524548E-6
5.0E-5                   2.0E-5                   1.8                      2.6479485650483444E-6
5.0E-5                   2.0E-5                   1.9000000000000001       2.66823057248443E-6
5.0E-5                   2.0E-5                   2                        2.688447802540751E-6
5.0E-5                   2.0E-5                   5                        3.256530105408821E-6
5.0E-5                   2.0E-5                   10                       4.083009693478931E-6
5.0E-5                   2.0E-5                   100                      1.1767197057592836E-5
5.0E-5                   2.0E-5                   100                      1.1767197057592836E-5
5.0E-5                   2.0E-5                   200                      1.647065393025806E-5
5.0E-5                   2.0E-5                   300                      1.9985893105863047E-5
5.0E-5                   2.0E-5                   400                      2.290289940957542E-5
5.0E-5                   2.0E-5                   500                      2.542891850406669E-5
5.0E-5                   2.0E-5                   600                      2.769052884962192E-5
5.0E-5                   2.0E-5                   700                      2.9742780075706217E-5
5.0E-5                   2.0E-5                   800                      3.163212932925067E-5
5.0E-5                   2.0E-5                   900                      3.338789688667688E-5
5.0E-5                   2.0E-5                   1000                     3.503383738102122E-5
5.0E-5                   2.0E-5                   2000                     4.7938375332212034E-5
5.0E-5                   2.0E-5                   3000                     5.746124445021409E-5
5.0E-5                   2.0E-5                   4000                     6.532491098134319E-5
5.0E-5                   2.0E-5                   5000                     7.214483791865856E-5
5.0E-5                   2.0E-5                   6000                     7.825199549328676E-5
5.0E-5                   2.0E-5                   7000                     8.382907963063173E-5
5.0E-5                   2.0E-5                   8000                     8.899207993122964E-5
5.0E-5                   2.0E-5                   9000                     9.381887038912463E-5
5.0E-5                   2.0E-5                   10000                    9.835961469483588E-5
5.0E-5                   2.0E-5                   20000                    1.3392029197374414E-4
5.0E-5                   2.0E-5                   30000                    1.5738861034426594E-4
5.0E-5                   2.0E-5                   40000                    1.7259747683732283E-4
5.0E-5                   2.0E-5                   50000                    1.820884921125964E-4
5.0E-5                   2.0E-5                   60000                    1.8770411634120362E-4
5.0E-5                   2.0E-5                   70000                    1.9091229858747658E-4
5.0E-5                   2.0E-5                   80000                    1.9267267623351972E-4
5.0E-5                   2.0E-5                   90000                    1.9357102938791262E-4
5.0E-5                   2.0E-5                   100000                   1.939984255054612E-4
5.0E-5                   2.0E-5                   110000                   1.9420501840065755E-4
5.0E-5                   2.0E-5                   120000                   1.9426455185507846E-4
5.0E-5                   2.0E-5                   130000                   1.9430700987924058E-4
5.0E-5                   2.0E-5                   140000                   1.9437819489078267E-4
5.0E-5                   2.0E-5                   150000                   1.9444341396702993E-4
5.0E-5                   2.0E-5                   160000                   1.944805095630205E-4
5.0E-5                   2.0E-5                   170000                   1.945121250542781E-4
5.0E-5                   2.0E-5                   180000                   1.9453016310472615E-4
5.0E-5                   2.0E-5                   190000                   1.9454536802376103E-4
5.0E-5                   2.0E-5                   200000                   1.9455354967760487E-4
5.0E-5                   2.75E-5                  0                        0
5.0E-5                   2.75E-5                  0.1                      0
5.0E-5                   2.75E-5                  0.2                      0
5.0E-5                   2.75E-5                  0.30000000000000004      0
5.0E-5                   2.75E-5                  0.4                      0
5.0E-5                   2.75E-5                  0.5                      0
5.0E-5                   2.75E-5                  0.6000000000000001       0
5.0E-5                   2.75E-5                  0.7000000000000001       0
5.0E-5                   2.75E-5                  0.8                      0
5.0E-5                   2.75E-5                  0.9                      0
5.0E-5                   2.75E-5                  1                        1.5024711364860145E-6
5.0E-5                   2.75E-5                  1.1                      2.792876339437545E-6
5.0E-5                   2.75E-5                  1.2000000000000002       2.815942938385972E-6
5.0E-5                   2.75E-5                  1.3                      2.8388958440354456E-6
5.0E-5                   2.75E-5                  1.4000000000000001       2.8617170666597916E-6
5.0E-5                   2.75E-5                  1.5                      2.884442008841543E-6
5.0E-5                   2.75E-5                  1.6                      2.9070867025944036E-6
5.0E-5                   2.75E-5                  1.7000000000000002       2.929517886881834E-6
5.0E-5                   2.75E-5                  1.8                      2.9518721305370638E-6
5.0E-5                   2.75E-5                  1.9000000000000001       2.9741551865425095E-6
5.0E-5                   2.75E-5                  2                        2.9963671975016334E-6
5.0E-5                   2.75E-5                  5                        3.6206029062825027E-6
5.0E-5                   2.75E-5                  10                       4.529581401429047E-6
5.0E-5                   2.75E-5                  100                      1.2997917103226445E-5
5.0E-5                   2.75E-5                  100                      1.2997917103226445E-5
5.0E-5                   2.75E-5                  200                      1.8181216032673888E-5
5.0E-5                   2.75E-5                  300                      2.204984403800779E-5
5.0E-5                   2.75E-5                  400                      2.5253582709009636E-5
5.0E-5                   2.75E-5                  500                      2.8025745441945032E-5
5.0E-5                   2.75E-5                  600                      3.0503193067654846E-5
5.0E-5                   2.75E-5                  700                      3.274812486337827E-5
5.0E-5                   2.75E-5                  800                      3.481205827005542E-5
5.0E-5                   2.75E-5                  900                      3.672735376189488E-5
5.0E-5                   2.75E-5                  1000                     3.851988751013916E-5
5.0E-5                   2.75E-5                  2000                     5.245122716299944E-5
5.0E-5                   2.75E-5                  3000                     6.256115248105598E-5
5.0E-5                   2.75E-5                  4000                     7.078597167393667E-5
5.0E-5                   2.75E-5                  5000                     7.783634938992321E-5
5.0E-5                   2.75E-5                  6000                     8.409562342348905E-5
5.0E-5                   2.75E-5                  7000                     8.97761128992285E-5
5.0E-5                   2.75E-5                  8000                     9.501254884581476E-5
5.0E-5                   2.75E-5                  9000                     9.989180385140456E-5
5.0E-5                   2.75E-5                  10000                    1.0447170695933435E-4
5.0E-5                   2.75E-5                  20000                    1.4021037419488668E-4
5.0E-5                   2.75E-5                  30000                    1.637683153712506E-4
5.0E-5                   2.75E-5                  40000                    1.790494964847912E-4
5.0E-5                   2.75E-5                  50000                    1.8862579012010808E-4
5.0E-5                   2.75E-5                  60000                    1.9429472218811307E-4
5.0E-5                   2.75E-5                  70000                    1.9751209019579734E-4
5.0E-5                   2.75E-5                  80000                    1.992421702695984E-4
5.0E-5                   2.75E-5                  90000                    2.0010600301868987E-4
5.0E-5                   2.75E-5                  100000                   2.0052527743739045E-4
5.0E-5                   2.75E-5                  110000                   2.0069642820945177E-4
5.0E-5                   2.75E-5                  120000                   2.007654385485351E-4
5.0E-5                   2.75E-5                  130000                   2.0087362195352355E-4
5.0E-5                   2.75E-5                  140000                   2.0098742253278563E-4
5.0E-5                   2.75E-5                  150000                   2.0104854347010828E-4
5.0E-5                   2.75E-5                  160000                   2.011031495606923E-4
5.0E-5                   2.75E-5                  170000                   2.011327446378395E-4
5.0E-5                   2.75E-5                  180000                   2.0115935727996404E-4
5.0E-5                   2.75E-5                  190000                   2.0117296862893187E-4
5.0E-5                   2.75E-5                  200000                   2.011850304489352E-4
5.0E-5                   3.5000000000000004E-5    0                        0
5.0E-5                   3.5000000000000004E-5    0.1                      0
5.0E-5                   3.5000000000000004E-5    0.2                      0
5.0E-5                   3.5000000000000004E-5    0.30000000000000004      0
5.0E-5                   3.5000000000000004E-5    0.4                      0
5.0E-5                   3.5000000000000004E-5    0.5                      0
5.0E-5                   3.5000000000000004E-5    0.6000000000000001       0
5.0E-5                   3.5000000000000004E-5    0.7000000000000001       0
5.0E-5                   3.5000000000000004E-5    0.8                      0
5.0E-5                   3.5000000000000004E-5    0.9                      0
5.0E-5                   3.5000000000000004E-5    1                        1.6361843101401657E-6
5.0E-5                   3.5000000000000004E-5    1.1                      3.0423440175834227E-6
5.0E-5                   3.5000000000000004E-5    1.2000000000000002       3.0676688189842528E-6
5.0E-5                   3.5000000000000004E-5    1.3                      3.0928711754014307E-6
5.0E-5                   3.5000000000000004E-5    1.4000000000000001       3.1179249626061096E-6
5.0E-5                   3.5000000000000004E-5    1.5                      3.1428781713761632E-6
5.0E-5                   3.5000000000000004E-5    1.6                      3.1677275899661954E-6
5.0E-5                   3.5000000000000004E-5    1.7000000000000002       3.192356126987866E-6
5.0E-5                   3.5000000000000004E-5    1.8                      3.2169056161091496E-6
5.0E-5                   3.5000000000000004E-5    1.9000000000000001       3.241376219256513E-6
5.0E-5                   3.5000000000000004E-5    2                        3.265768097097767E-6
5.0E-5                   3.5000000000000004E-5    5                        3.950843832342572E-6
5.0E-5                   3.5000000000000004E-5    10                       4.9483678994341176E-6
5.0E-5                   3.5000000000000004E-5    100                      1.4230101379348944E-5
5.0E-5                   3.5000000000000004E-5    100                      1.4230101379348944E-5
5.0E-5                   3.5000000000000004E-5    200                      1.9892637357355338E-5
5.0E-5                   3.5000000000000004E-5    300                      2.413559005427144E-5
5.0E-5                   3.5000000000000004E-5    400                      2.761671428236649E-5
5.0E-5                   3.5000000000000004E-5    500                      3.063042646080252E-5
5.0E-5                   3.5000000000000004E-5    600                      3.3319875523991424E-5
5.0E-5                   3.5000000000000004E-5    700                      3.576036427163387E-5
5.0E-5                   3.5000000000000004E-5    800                      3.800196558072573E-5
5.0E-5                   3.5000000000000004E-5    900                      4.0081231377290176E-5
5.0E-5                   3.5000000000000004E-5    1000                     4.202623853228418E-5
5.0E-5                   3.5000000000000004E-5    2000                     5.708003034386783E-5
5.0E-5                   3.5000000000000004E-5    3000                     6.782436510588676E-5
5.0E-5                   3.5000000000000004E-5    4000                     7.64440512992764E-5
5.0E-5                   3.5000000000000004E-5    5000                     8.376700954339597E-5
5.0E-5                   3.5000000000000004E-5    6000                     9.01882789397737E-5
5.0E-5                   3.5000000000000004E-5    7000                     9.59629974295869E-5
5.0E-5                   3.5000000000000004E-5    8000                     1.0126590749700175E-4
5.0E-5                   3.5000000000000004E-5    9000                     1.0619789018293973E-4
5.0E-5                   3.5000000000000004E-5    10000                    1.1082533895474488E-4
5.0E-5                   3.5000000000000004E-5    20000                    1.4667339195010702E-4
5.0E-5                   3.5000000000000004E-5    30000                    1.7028384377747527E-4
5.0E-5                   3.5000000000000004E-5    40000                    1.855145299712479E-4
5.0E-5                   3.5000000000000004E-5    50000                    1.9497467906230998E-4
5.0E-5                   3.5000000000000004E-5    60000                    2.0060771013812045E-4
5.0E-5                   3.5000000000000004E-5    70000                    2.0379039378088938E-4
5.0E-5                   3.5000000000000004E-5    80000                    2.05450267624694E-4
5.0E-5                   3.5000000000000004E-5    90000                    2.0627815838244895E-4
5.0E-5                   3.5000000000000004E-5    100000                   2.067611906875653E-4
5.0E-5                   3.5000000000000004E-5    110000                   2.0711878615511231E-4
5.0E-5                   3.5000000000000004E-5    120000                   2.07551942699414E-4
5.0E-5                   3.5000000000000004E-5    130000                   2.0786813703938258E-4
5.0E-5                   3.5000000000000004E-5    140000                   2.0807181264885673E-4
5.0E-5                   3.5000000000000004E-5    150000                   2.080852367481362E-4
5.0E-5                   3.5000000000000004E-5    160000                   2.080392715331948E-4
5.0E-5                   3.5000000000000004E-5    170000                   2.0799759007958689E-4
5.0E-5                   3.5000000000000004E-5    180000                   2.0795055717554551E-4
5.0E-5                   3.5000000000000004E-5    190000                   2.079153563579612E-4
5.0E-5                   3.5000000000000004E-5    200000                   2.0789121974179077E-4
8.0E-5                   5.0E-6                   0                        0
8.0E-5                   5.0E-6                   0.1                      0
8.0E-5                   5.0E-6                   0.2                      0
8.0E-5                   5.0E-6                   0.30000000000000004      0
8.0E-5                   5.0E-6                   0.4                      0
8.0E-5                   5.0E-6                   0.5                      0
8.0E-5                   5.0E-6                   0.6000000000000001       0
8.0E-5                   5.0E-6                   0.7000000000000001       0
8.0E-5                   5.0E-6                   0.8                      0
8.0E-5                   5.0E-6                   0.9                      0
8.0E-5                   5.0E-6                   1                        1.3009453924343717E-6
8.0E-5                   5.0E-6                   1.1                      2.41300017859209E-6
8.0E-5                   5.0E-6                   1.2000000000000002       2.428616874360607E-6
8.0E-5                   5.0E-6                   1.3                      2.4441599326201337E-6
8.0E-5                   5.0E-6                   1.4000000000000001       2.4596223105326744E-6
8.0E-5                   5.0E-6                   1.5                      2.475019096792053E-6
8.0E-5                   5.0E-6                   1.6                      2.490362388401583E-6
8.0E-5                   5.0E-6                   1.7000000000000002       2.5055827886381678E-6
8.0E-5                   5.0E-6                   1.8                      2.520740324900075E-6
8.0E-5                   5.0E-6                   1.9000000000000001       2.5358507185514514E-6
8.0E-5                   5.0E-6                   2                        2.5509141298221627E-6
8.0E-5                   5.0E-6                   5                        2.9753005578694775E-6
8.0E-5                   5.0E-6                   10                       3.5986101163308714E-6
8.0E-5                   5.0E-6                   100                      9.718797898017081E-6
8.0E-5                   5.0E-6                   100                      9.718797898017081E-6
8.0E-5                   5.0E-6                   200                      1.357677869798844E-5
8.0E-5                   5.0E-6                   300                      1.6500626318363588E-5
8.0E-5                   5.0E-6                   400                      1.8926817704042642E-5
8.0E-5                   5.0E-6                   500                      2.1044350932840937E-5
8.0E-5                   5.0E-6                   600                      2.2952889410988363E-5
8.0E-5                   5.0E-6                   700                      2.4708129459001148E-5
8.0E-5                   5.0E-6                   800                      2.6338692659565126E-5
8.0E-5                   5.0E-6                   900                      2.786628897626165E-5
8.0E-5                   5.0E-6                   1000                     2.9307530490681333E-5
8.0E-5                   5.0E-6                   2000                     4.088147106627354E-5
8.0E-5                   5.0E-6                   3000                     4.971250067588612E-5
8.0E-5                   5.0E-6                   4000                     5.713993829023864E-5
8.0E-5                   5.0E-6                   5000                     6.366967354313663E-5
8.0E-5                   5.0E-6                   6000                     6.957661975087371E-5
8.0E-5                   5.0E-6                   7000                     7.500231043210602E-5
8.0E-5                   5.0E-6                   8000                     8.004795919951187E-5
8.0E-5                   5.0E-6                   9000                     8.478352586203205E-5
8.0E-5                   5.0E-6                   10000                    8.92584714147682E-5
8.0E-5                   5.0E-6                   20000                    1.2458196875448984E-4
8.0E-5                   5.0E-6                   30000                    1.4836607209939073E-4
8.0E-5                   5.0E-6                   40000                    1.6405811925260564E-4
8.0E-5                   5.0E-6                   50000                    1.7409604591423172E-4
8.0E-5                   5.0E-6                   60000                    1.8026793248665144E-4
8.0E-5                   5.0E-6                   70000                    1.8393738540210765E-4
8.0E-5                   5.0E-6                   80000                    1.8599080239794377E-4
8.0E-5                   5.0E-6                   90000                    1.8709049255645954E-4
8.0E-5                   5.0E-6                   100000                   1.8762299228293445E-4
8.0E-5                   5.0E-6                   110000                   1.878649968139112E-4
8.0E-5                   5.0E-6                   120000                   1.8797742099393053E-4
8.0E-5                   5.0E-6                   130000                   1.8800045645457305E-4
8.0E-5                   5.0E-6                   140000                   1.8801376036103269E-4
8.0E-5                   5.0E-6                   150000                   1.8805115333918416E-4
8.0E-5                   5.0E-6                   160000                   1.8809810355273067E-4
8.0E-5                   5.0E-6                   170000                   1.8812643010891536E-4
8.0E-5                   5.0E-6                   180000                   1.8815360563451805E-4
8.0E-5                   5.0E-6                   190000                   1.8816720127221538E-4
8.0E-5                   5.0E-6                   200000                   1.8818024538935993E-4
8.0E-5                   1.25E-5                  0                        0
8.0E-5                   1.25E-5                  0.1                      0
8.0E-5                   1.25E-5                  0.2                      0
8.0E-5                   1.25E-5                  0.30000000000000004      0
8.0E-5                   1.25E-5                  0.4                      0
8.0E-5                   1.25E-5                  0.5                      0
8.0E-5                   1.25E-5                  0.6000000000000001       0
8.0E-5                   1.25E-5                  0.7000000000000001       0
8.0E-5                   1.25E-5                  0.8                      0
8.0E-5                   1.25E-5                  0.9                      0
8.0E-5                   1.25E-5                  1                        1.3143549768653278E-6
8.0E-5                   1.25E-5                  1.1                      2.4420659457101028E-6
8.0E-5                   1.25E-5                  1.2000000000000002       2.463582974832071E-6
8.0E-5                   1.25E-5                  1.3                      2.4849905747255865E-6
8.0E-5                   1.25E-5                  1.4000000000000001       2.506272194926682E-6
8.0E-5                   1.25E-5                  1.5                      2.5274605348168186E-6
8.0E-5                   1.25E-5                  1.6                      2.5485711510919273E-6
8.0E-5                   1.25E-5                  1.7000000000000002       2.569478602694994E-6
8.0E-5                   1.25E-5                  1.8                      2.5903100468219432E-6
8.0E-5                   1.25E-5                  1.9000000000000001       2.611072653007023E-6
8.0E-5                   1.25E-5                  2                        2.6317665780280982E-6
8.0E-5                   1.25E-5                  5                        3.2119892974259038E-6
8.0E-5                   1.25E-5                  10                       4.0526278984294975E-6
8.0E-5                   1.25E-5                  100                      1.1729891642691876E-5
8.0E-5                   1.25E-5                  100                      1.1729891642691876E-5
8.0E-5                   1.25E-5                  200                      1.636526974904953E-5
8.0E-5                   1.25E-5                  300                      1.9819779191238845E-5
8.0E-5                   1.25E-5                  400                      2.2656716446980892E-5
8.0E-5                   1.25E-5                  500                      2.510658807815094E-5
8.0E-5                   1.25E-5                  600                      2.7296511608964304E-5
8.0E-5                   1.25E-5                  700                      2.9294295219177542E-5
8.0E-5                   1.25E-5                  800                      3.113305295739486E-5
8.0E-5                   1.25E-5                  900                      3.283857946549699E-5
8.0E-5                   1.25E-5                  1000                     3.4439075953673045E-5
8.0E-5                   1.25E-5                  2000                     4.705944808925321E-5
8.0E-5                   1.25E-5                  3000                     5.646027228065427E-5
8.0E-5                   1.25E-5                  4000                     6.427133410159925E-5
8.0E-5                   1.25E-5                  5000                     7.107300467968703E-5
8.0E-5                   1.25E-5                  6000                     7.719155554219875E-5
8.0E-5                   1.25E-5                  7000                     8.27988058993868E-5
8.0E-5                   1.25E-5                  8000                     8.799795993226831E-5
8.0E-5                   1.25E-5                  9000                     9.286454738260766E-5
8.0E-5                   1.25E-5                  10000                    9.745338377924221E-5
8.0E-5                   1.25E-5                  20000                    1.3363992988593278E-4
8.0E-5                   1.25E-5                  30000                    1.5855867224568392E-4
8.0E-5                   1.25E-5                  40000                    1.755832191495193E-4
8.0E-5                   1.25E-5                  50000                    1.8692324533670933E-4
8.0E-5                   1.25E-5                  60000                    1.9432001879725674E-4
8.0E-5                   1.25E-5                  70000                    1.9890640996152146E-4
8.0E-5                   1.25E-5                  80000                    2.0161523823482357E-4
8.0E-5                   1.25E-5                  90000                    2.031371975324796E-4
8.0E-5                   1.25E-5                  100000                   2.0396621521262762E-4
8.0E-5                   1.25E-5                  110000                   2.0439234823867977E-4
8.0E-5                   1.25E-5                  120000                   2.0461933100490303E-4
8.0E-5                   1.25E-5                  130000                   2.0472041861988299E-4
8.0E-5                   1.25E-5                  140000                   2.0483160436172035E-4
8.0E-5                   1.25E-5                  150000                   2.0493624210973422E-4
8.0E-5                   1.25E-5                  160000                   2.0500457285999697E-4
8.0E-5                   1.25E-5                  170000                   2.0505930903340203E-4
8.0E-5                   1.25E-5                  180000                   2.0509526412473944E-4
8.0E-5                   1.25E-5                  190000                   2.0512258726554605E-4
8.0E-5                   1.25E-5                  200000                   2.0514054078860552E-4
8.0E-5                   2.0E-5                   0                        0
8.0E-5                   2.0E-5                   0.1                      0
8.0E-5                   2.0E-5                   0.2                      0
8.0E-5                   2.0E-5                   0.30000000000000004      0
8.0E-5                   2.0E-5                   0.4                      0
8.0E-5                   2.0E-5                   0.5                      0
8.0E-5                   2.0E-5                   0.6000000000000001       0
8.0E-5                   2.0E-5                   0.7000000000000001       0
8.0E-5                   2.0E-5                   0.8                      0
8.0E-5                   2.0E-5                   0.9                      0
8.0E-5                   2.0E-5                   1                        1.5709063891037372E-6
8.0E-5                   2.0E-5                   1.1                      2.920892661487078E-6
8.0E-5                   2.0E-5                   1.2000000000000002       2.945816936685956E-6
8.0E-5                   2.0E-5                   1.3                      2.970615131110355E-6
8.0E-5                   2.0E-5                   1.4000000000000001       2.995263821657381E-6
8.0E-5                   2.0E-5                   1.5                      3.0198073573209287E-6
8.0E-5                   2.0E-5                   1.6                      3.0442559474938183E-6
8.0E-5                   2.0E-5                   1.7000000000000002       3.0684661154572258E-6
8.0E-5                   2.0E-5                   1.8                      3.092596168593749E-6
8.0E-5                   2.0E-5                   1.9000000000000001       3.116646285489956E-6
8.0E-5                   2.0E-5                   2                        3.1406166432694683E-6
8.0E-5                   2.0E-5                   5                        3.8124336751797815E-6
8.0E-5                   2.0E-5                   10                       4.786137333863989E-6
8.0E-5                   2.0E-5                   100                      1.3739350265214855E-5
8.0E-5                   2.0E-5                   100                      1.3739350265214855E-5
8.0E-5                   2.0E-5                   200                      1.9175681555368263E-5
8.0E-5                   2.0E-5                   300                      2.3222428674255512E-5
8.0E-5                   2.0E-5                   400                      2.6561134662631786E-5
8.0E-5                   2.0E-5                   500                      2.944615986547896E-5
8.0E-5                   2.0E-5                   600                      3.201618257861047E-5
8.0E-5                   2.0E-5                   700                      3.434031993649842E-5
8.0E-5                   2.0E-5                   800                      3.647424378144602E-5
8.0E-5                   2.0E-5                   900                      3.845057426705571E-5
8.0E-5                   2.0E-5                   1000                     4.02978599083077E-5
8.0E-5                   2.0E-5                   2000                     5.460811889184198E-5
8.0E-5                   2.0E-5                   3000                     6.499642637934779E-5
8.0E-5                   2.0E-5                   4000                     7.3482335535805E-5
8.0E-5                   2.0E-5                   5000                     8.079208647274343E-5
8.0E-5                   2.0E-5                   6000                     8.730491607063661E-5
8.0E-5                   2.0E-5                   7000                     9.322295751301028E-5
8.0E-5                   2.0E-5                   8000                     9.867899448262004E-5
8.0E-5                   2.0E-5                   9000                     1.0375696355771695E-4
8.0E-5                   2.0E-5                   10000                    1.0851940150342252E-4
8.0E-5                   2.0E-5                   20000                    1.457517096216688E-4
8.0E-5                   2.0E-5                   30000                    1.7146570357897642E-4
8.0E-5                   2.0E-5                   40000                    1.8928952579018313E-4
8.0E-5                   2.0E-5                   50000                    2.013796555288512E-4
8.0E-5                   2.0E-5                   60000                    2.0929821080489558E-4
8.0E-5                   2.0E-5                   70000                    2.14375800854281E-4
8.0E-5                   2.0E-5                   80000                    2.1752390473880475E-4
8.0E-5                   2.0E-5                   90000                    2.193035096135395E-4
8.0E-5                   2.0E-5                   100000                   2.202961439952231E-4
8.0E-5                   2.0E-5                   110000                   2.2081187949150576E-4
8.0E-5                   2.0E-5                   120000                   2.2120804287967786E-4
8.0E-5                   2.0E-5                   130000                   2.214645467448329E-4
8.0E-5                   2.0E-5                   140000                   2.2179042041138792E-4
8.0E-5                   2.0E-5                   150000                   2.2195689406255488E-4
8.0E-5                   2.0E-5                   160000                   2.2205642544333078E-4
8.0E-5                   2.0E-5                   170000                   2.2212244024285478E-4
8.0E-5                   2.0E-5                   180000                   2.2215374385866558E-4
8.0E-5                   2.0E-5                   190000                   2.2217357320176108E-4
8.0E-5                   2.0E-5                   200000                   2.221782550919432E-4
8.0E-5                   2.75E-5                  0                        0
8.0E-5                   2.75E-5                  0.1                      0
8.0E-5                   2.75E-5                  0.2                      0
8.0E-5                   2.75E-5                  0.30000000000000004      0
8.0E-5                   2.75E-5                  0.4                      0
8.0E-5                   2.75E-5                  0.5                      0
8.0E-5                   2.75E-5                  0.6000000000000001       0
8.0E-5                   2.75E-5                  0.7000000000000001       0
8.0E-5                   2.75E-5                  0.8                      0
8.0E-5                   2.75E-5                  0.9                      0
8.0E-5                   2.75E-5                  1                        1.7786014743192442E-6
8.0E-5                   2.75E-5                  1.1                      3.308327512372724E-6
8.0E-5                   2.75E-5                  1.2000000000000002       3.336989006952523E-6
8.0E-5                   2.75E-5                  1.3                      3.3655063386342664E-6
8.0E-5                   2.75E-5                  1.4000000000000001       3.393851833907051E-6
8.0E-5                   2.75E-5                  1.5                      3.422077697977289E-6
8.0E-5                   2.75E-5                  1.6                      3.450193178732659E-6
8.0E-5                   2.75E-5                  1.7000000000000002       3.478037507359149E-6
8.0E-5                   2.75E-5                  1.8                      3.5057904284934267E-6
8.0E-5                   2.75E-5                  1.9000000000000001       3.533452137593217E-6
8.0E-5                   2.75E-5                  2                        3.5610228284655506E-6
8.0E-5                   2.75E-5                  5                        4.3340665849140735E-6
8.0E-5                   2.75E-5                  10                       5.455447201991184E-6
8.0E-5                   2.75E-5                  100                      1.5750219184195303E-5
8.0E-5                   2.75E-5                  100                      1.5750219184195303E-5
8.0E-5                   2.75E-5                  200                      2.1990763328293302E-5
8.0E-5                   2.75E-5                  300                      2.663800559869947E-5
8.0E-5                   2.75E-5                  400                      3.0472499527967902E-5
8.0E-5                   2.75E-5                  500                      3.378739839572389E-5
8.0E-5                   2.75E-5                  600                      3.673972823092158E-5
8.0E-5                   2.75E-5                  700                      3.9409936199601446E-5
8.0E-5                   2.75E-5                  800                      4.186017280339751E-5
8.0E-5                   2.75E-5                  900                      4.412836270411196E-5
8.0E-5                   2.75E-5                  1000                     4.624704586084258E-5
8.0E-5                   2.75E-5                  2000                     6.255560674627345E-5
8.0E-5                   2.75E-5                  3000                     7.421123719236925E-5
8.0E-5                   2.75E-5                  4000                     8.358686734207785E-5
8.0E-5                   2.75E-5                  5000                     9.156164663549557E-5
8.0E-5                   2.75E-5                  6000                     9.859453661897609E-5
8.0E-5                   2.75E-5                  7000                     1.0492966200101282E-4
8.0E-5                   2.75E-5                  8000                     1.1072826510282068E-4
8.0E-5                   2.75E-5                  9000                     1.1608948917210169E-4
8.0E-5                   2.75E-5                  10000                    1.2108954800218201E-4
8.0E-5                   2.75E-5                  20000                    1.5955149654462802E-4
8.0E-5                   2.75E-5                  30000                    1.8590098431941744E-4
8.0E-5                   2.75E-5                  40000                    2.0428141110662672E-4
8.0E-5                   2.75E-5                  50000                    2.168589480851766E-4
8.0E-5                   2.75E-5                  60000                    2.2518364777464342E-4
8.0E-5                   2.75E-5                  70000                    2.3056309689737655E-4
8.0E-5                   2.75E-5                  80000                    2.3395634799146375E-4
8.0E-5                   2.75E-5                  90000                    2.3591330501589766E-4
8.0E-5                   2.75E-5                  100000                   2.3703314703180719E-4
8.0E-5                   2.75E-5                  110000                   2.376379308233874E-4
8.0E-5                   2.75E-5                  120000                   2.381164233818096E-4
8.0E-5                   2.75E-5                  130000                   2.3846555413665254E-4
8.0E-5                   2.75E-5                  140000                   2.3885102463671928E-4
8.0E-5                   2.75E-5                  150000                   2.3908683604597402E-4
8.0E-5                   2.75E-5                  160000                   2.391616964718119E-4
8.0E-5                   2.75E-5                  170000                   2.3920383672310352E-4
8.0E-5                   2.75E-5                  180000                   2.3920851409122207E-4
8.0E-5                   2.75E-5                  190000                   2.392061373320447E-4
8.0E-5                   2.75E-5                  200000                   2.391945227573275E-4
8.0E-5                   3.5000000000000004E-5    0                        0
8.0E-5                   3.5000000000000004E-5    0.1                      0
8.0E-5                   3.5000000000000004E-5    0.2                      0
8.0E-5                   3.5000000000000004E-5    0.30000000000000004      0
8.0E-5                   3.5000000000000004E-5    0.4                      0
8.0E-5                   3.5000000000000004E-5    0.5                      0
8.0E-5                   3.5000000000000004E-5    0.6000000000000001       0
8.0E-5                   3.5000000000000004E-5    0.7000000000000001       0
8.0E-5                   3.5000000000000004E-5    0.8                      0
8.0E-5                   3.5000000000000004E-5    0.9                      0
8.0E-5                   3.5000000000000004E-5    1                        2.039032542245094E-6
8.0E-5                   3.5000000000000004E-5    1.1                      3.7917436569216587E-6
8.0E-5                   3.5000000000000004E-5    1.2000000000000002       3.823392474176561E-6
8.0E-5                   3.5000000000000004E-5    1.3                      3.854891934738853E-6
8.0E-5                   3.5000000000000004E-5    1.4000000000000001       3.886203006126579E-6
8.0E-5                   3.5000000000000004E-5    1.5                      3.917394976436372E-6
8.0E-5                   3.5000000000000004E-5    1.6                      3.948434604337235E-6
8.0E-5                   3.5000000000000004E-5    1.7000000000000002       3.979229040717073E-6
8.0E-5                   3.5000000000000004E-5    1.8                      4.009924636517914E-6
8.0E-5                   3.5000000000000004E-5    1.9000000000000001       4.040521594574766E-6
8.0E-5                   3.5000000000000004E-5    2                        4.071020116120954E-6
8.0E-5                   3.5000000000000004E-5    5                        4.927647903351518E-6
8.0E-5                   3.5000000000000004E-5    10                       6.175885217415189E-6
8.0E-5                   3.5000000000000004E-5    100                      1.7751818930076916E-5
8.0E-5                   3.5000000000000004E-5    100                      1.7751818930076916E-5
8.0E-5                   3.5000000000000004E-5    200                      2.480472204371164E-5
8.0E-5                   3.5000000000000004E-5    300                      3.0074340500422285E-5
8.0E-5                   3.5000000000000004E-5    400                      3.4395178596602085E-5
8.0E-5                   3.5000000000000004E-5    500                      3.813471539268872E-5
8.0E-5                   3.5000000000000004E-5    600                      4.146772498153919E-5
8.0E-5                   3.5000000000000004E-5    700                      4.4487757262582606E-5
8.0E-5                   3.5000000000000004E-5    800                      4.725696376412549E-5
8.0E-5                   3.5000000000000004E-5    900                      4.982343982079274E-5
8.0E-5                   3.5000000000000004E-5    1000                     5.222479013528011E-5
8.0E-5                   3.5000000000000004E-5    2000                     7.068184636535604E-5
8.0E-5                   3.5000000000000004E-5    3000                     8.37086908506114E-5
8.0E-5                   3.5000000000000004E-5    4000                     9.41021627617869E-5
8.0E-5                   3.5000000000000004E-5    5000                     1.0287550737738537E-4
8.0E-5                   3.5000000000000004E-5    6000                     1.1051889841152148E-4
8.0E-5                   3.5000000000000004E-5    7000                     1.173420896207433E-4
8.0E-5                   3.5000000000000004E-5    8000                     1.2354836167545883E-4
8.0E-5                   3.5000000000000004E-5    9000                     1.292592322593426E-4
8.0E-5                   3.5000000000000004E-5    10000                    1.345597409290968E-4
8.0E-5                   3.5000000000000004E-5    20000                    1.7440314947902565E-4
8.0E-5                   3.5000000000000004E-5    30000                    2.0122950488649753E-4
8.0E-5                   3.5000000000000004E-5    40000                    2.1996093739484003E-4
8.0E-5                   3.5000000000000004E-5    50000                    2.328516003145532E-4
8.0E-5                   3.5000000000000004E-5    60000                    2.4133491541629377E-4
8.0E-5                   3.5000000000000004E-5    70000                    2.467670038510132E-4
8.0E-5                   3.5000000000000004E-5    80000                    2.5013307808839544E-4
8.0E-5                   3.5000000000000004E-5    90000                    2.5223965483701905E-4
8.0E-5                   3.5000000000000004E-5    100000                   2.53483746562632E-4
8.0E-5                   3.5000000000000004E-5    110000                   2.5433161125403394E-4
8.0E-5                   3.5000000000000004E-5    120000                   2.5484548201609654E-4
8.0E-5                   3.5000000000000004E-5    130000                   2.5523916530432127E-4
8.0E-5                   3.5000000000000004E-5    140000                   2.5550888225738135E-4
8.0E-5                   3.5000000000000004E-5    150000                   2.557259501251246E-4
8.0E-5                   3.5000000000000004E-5    160000                   2.5587635590183734E-4
8.0E-5                   3.5000000000000004E-5    170000                   2.5598444152518036E-4
8.0E-5                   3.5000000000000004E-5    180000                   2.5604725221227355E-4
8.0E-5                   3.5000000000000004E-5    190000                   2.5609292119787924E-4
8.0E-5                   3.5000000000000004E-5    200000                   2.5611296912417795E-4
